ID: 10392
Title: Incompatible with MySQL 8.0 about insert over length string into `CHAR` column
Description:
## Description
## Bug Report

Please answer these questions before submitting your issue. Thanks!

1. What did you do?
If possible, provide a recipe for reproducing the error.

```
➜  ~ tidiff 'select @@sql_mode'
MySQL(127.0.0.1:3306)> select @@sql_mode
+-----------------------------------------------------------------------------------------------------------------------+
| @@sql_mode                                                                                                            |
+-----------------------------------------------------------------------------------------------------------------------+
| ONLY_FULL_GROUP_BY,STRICT_TRANS_TABLES,NO_ZERO_IN_DATE,NO_ZERO_DATE,ERROR_FOR_DIVISION_BY_ZERO,NO_ENGINE_SUBSTITUTION |
+-----------------------------------------------------------------------------------------------------------------------+
1 row in set (0.002 sec)

TiDB(127.0.0.1:4000)> select @@sql_mode
+--------------------------------------------+
| @@sql_mode                                 |
+--------------------------------------------+
| STRICT_TRANS_TABLES,NO_ENGINE_SUBSTITUTION |
+--------------------------------------------+
1 row in set (0.003 sec)

➜  ~ tidiff 'create table vctt (v varchar(4), c char(4))'
MySQL(127.0.0.1:3306)> create table vctt (v varchar(4), c char(4))
Query OK (0.006 sec)

TiDB(127.0.0.1:4000)> create table vctt (v varchar(4), c char(4))
Query OK (0.007 sec)

➜  ~ tidiff 'insert into vctt values ("ab  ", "ab   ")'
MySQL(127.0.0.1:3306)> insert into vctt values ("ab  ", "ab   ")
Query OK (0.003 sec)

TiDB(127.0.0.1:4000)> insert into vctt values ("ab  ", "ab   ")
Error 1406: Data too long for column 'c' at row 1

➜  ~ tidiff 'select * from vctt'
MySQL(127.0.0.1:3306)> select * from vctt
+-----------+
| v    | c  |
+-----------+
| ab   | ab |
+-----------+
1 row in set (0.001 sec)

TiDB(127.0.0.1:4000)> select * from vctt
0 row in set (0.107 sec)
```

2. What did you expect to see?

Truncate over length string successfully.

3. What did you see instead?

Got error `Error 1406: Data too long for column 'c' at row 1`

4. What version of TiDB are you using (`tidb-server -V` or run `select tidb_version();` on TiDB)?

```
+-------------------------------------------------------------------------------------------------------------------------------------------------------------------------------------------------------------------------------------------------------------------------------------------------------------------------------------------+
| tidb_version()                                                                                                                                                                                                                                                                                                                            |
+-------------------------------------------------------------------------------------------------------------------------------------------------------------------------------------------------------------------------------------------------------------------------------------------------------------------------------------------+
| Release Version: v2.1.8-24-g7b36cdfb6-dirty
Git Commit Hash: 7b36cdfb6e8a4c279fc360ed79cf1c499b553688
Git Branch: failpoint-2.1
UTC Build Time: 2019-04-30 08:26:17
GoVersion: go version go1.12 darwin/amd64
Race Enabled: false
TiKV Min Version: 2.1.0-alpha.1-ff3dd160846b7d1aed9079c389fc188f7f5ea13e
Check Table Before Drop: false |
+-------------------------------------------------------------------------------------------------------------------------------------------------------------------------------------------------------------------------------------------------------------------------------------------------------------------------------------------+
```




## SIG slack channel
[#sig-exec](https://tidbcommunity.slack.com/archives/CMRD79DRR)

## Score
- 300

## Mentor
 * @XuHuaiyu
