ID: 10397
Title: Incorrect range for CHAR column
Description:
## Bug Report

Please answer these questions before submitting your issue. Thanks!

## 1. What did you do?

```sql
drop table if exists t;
create table t(a char(2) primary key, b char(2));
insert into t values("a ", "b ");
set @@sql_mode="PAD_CHAR_TO_FULL_LENGTH";
select * from t tmp where a = "a";
```

## 2. What did you expect to see?

the correct result should be empty:
```sql
MySQL(root@localhost:test) > select * from t tmp where a = "a";
Empty set (0.00 sec)
```

mysql version:
```sql
MySQL(root@localhost:test) > select version();
+-----------+
| version() |
+-----------+
| 8.0.11    |
+-----------+
1 row in set (0.00 sec)
```

## 3. What did you see instead?

In TiDB the result is:
```sql
TiDB(root@127.0.0.1:test) > select * from t tmp where a = "a";
+---+------+
| a | b    |
+---+------+
| a | b    |
+---+------+
1 row in set (0.00 sec)
```

the range is:
```sql
TiDB(root@127.0.0.1:test) > desc select * from t tmp where a = "a";
+-------------------+-------+------+---------------------------------------------------------------------+
| id                | count | task | operator info                                                       |
+-------------------+-------+------+---------------------------------------------------------------------+
| IndexLookUp_7     | 10.00 | root |                                                                     |
| ├─IndexScan_5     | 10.00 | cop  | table:tmp, index:a, range:["a","a"], keep order:false, stats:pseudo |
| └─TableScan_6     | 10.00 | cop  | table:t, keep order:false, stats:pseudo                             |
+-------------------+-------+------+---------------------------------------------------------------------+
3 rows in set (0.00 sec)
```

actually the range should be: `["a ","a "]`


## 4. What version of TiDB are you using (`tidb-server -V` or run `select tidb_version();` on TiDB)?
```sql
TiDB(root@127.0.0.1:test) > select tidb_version()\G
*************************** 1. row ***************************
tidb_version(): Release Version: v3.0.0-beta.1-231-g78ecec45e
Git Commit Hash: 78ecec45e8c02d6a8747b1e95ee25373c93d3edd
Git Branch: master
UTC Build Time: 2019-05-09 01:11:02
GoVersion: go version go1.12.4 darwin/amd64
Race Enabled: false
TiKV Min Version: 2.1.0-alpha.1-ff3dd160846b7d1aed9079c389fc188f7f5ea13e
Check Table Before Drop: false
1 row in set (0.00 sec)
```
