ID: 10460
Title: Incorrect JSON object compare
Description:
## Description
## Bug Report

MySQL:

```
mysql> select json_object('k', -1) > json_object('k', 2);
+--------------------------------------------+
| json_object('k', -1) > json_object('k', 2) |
+--------------------------------------------+
|                                          0 |
+--------------------------------------------+
1 row in set (0.00 sec)

mysql> select json_object('k', -1) < json_object('k', 2);
+--------------------------------------------+
| json_object('k', -1) < json_object('k', 2) |
+--------------------------------------------+
|                                          1 |
+--------------------------------------------+
1 row in set (0.00 sec)
```

TiDB:

```
mysql> select json_object('k', -1) > json_object('k', 2);
+--------------------------------------------+
| json_object('k', -1) > json_object('k', 2) |
+--------------------------------------------+
|                                          1 |
+--------------------------------------------+
1 row in set (0.00 sec)

mysql> select json_object('k', -1) < json_object('k', 2);
+--------------------------------------------+
| json_object('k', -1) < json_object('k', 2) |
+--------------------------------------------+
|                                          0 |
+--------------------------------------------+
1 row in set (0.00 sec)
```



## SIG slack channel
[#sig-exec](https://tidbcommunity.slack.com/archives/CMRD79DRR)

## Score
- 300

## Mentor
 * @SunRunAway
