ID: 10461
Title: Incorrect JSON float compare
Description:
## Description
## Bug Report

MySQL:

```
mysql> create table tx(id int key, a double, b double, c double, d double);
Query OK, 0 rows affected (0.02 sec)

mysql> insert into tx values (1, 0.1, 0.2, 0.3, 0.0);
Query OK, 1 row affected (0.00 sec)

mysql> select a+b, c from tx;
+---------------------+------+
| a+b                 | c    |
+---------------------+------+
| 0.30000000000000004 |  0.3 |
+---------------------+------+
1 row in set (0.00 sec)

mysql> select json_array(a+b) = json_array(c) from tx;
+---------------------------------+
| json_array(a+b) = json_array(c) |
+---------------------------------+
|                               0 |
+---------------------------------+
1 row in set (0.00 sec)
```

TiDB:

```
mysql> create table tx(id int key, a double, b double, c double, d double);
Query OK, 0 rows affected (0.13 sec)

mysql> insert into tx values (1, 0.1, 0.2, 0.3, 0.0);
Query OK, 1 row affected (0.01 sec)

mysql> select a+b, c from tx;
+---------------------+------+
| a+b                 | c    |
+---------------------+------+
| 0.30000000000000004 |  0.3 |
+---------------------+------+
1 row in set (0.00 sec)

mysql> select json_array(a+b) = json_array(c) from tx;
+---------------------------------+
| json_array(a+b) = json_array(c) |
+---------------------------------+
|                               1 |
+---------------------------------+
1 row in set (0.00 sec)
```
## SIG slack channel

 [#sig-exec](https://slack.tidb.io/invite?team=tidb-community&channel=sig-exec&ref=high-performance)

## Score

300

## Mentor

- @lzmhhh123
