ID: 10462
Title: Incorrect JSON cast
Description:
## Bug Report

MySQL:

```
mysql> select json_array(1=2);
+-----------------+
| json_array(1=2) |
+-----------------+
| [false]         |
+-----------------+
1 row in set (0.00 sec)
```

TiDB:

```
mysql> select json_array(1=2);
+-----------------+
| json_array(1=2) |
+-----------------+
| [0]             |
+-----------------+
1 row in set (0.00 sec)
```