ID: 10591
Title: result is not expected when ORDER BY Window function
Description:
## Description
## Bug Report

Please answer these questions before submitting your issue. Thanks!

1. What did you do?
If possible, provide a recipe for reproducing the error.

```
CREATE TABLE tj(j JSON, i INT DEFAULT 7);
INSERT INTO tj(j) VALUES ('1');
INSERT INTO tj(j) VALUES ('2');
INSERT INTO tj(j) VALUES ('3');
INSERT INTO tj(j) VALUES ('4');
INSERT INTO tj(j) VALUES ('5');
INSERT INTO tj(j) VALUES (NULL);
INSERT INTO tj(j) VALUES ('3.14');
INSERT INTO tj(j) VALUES ('[1,2,3]');

SELECT DISTINCT i,NTILE(3) OVER (ORDER BY i), SUM(i) OVER (order by i), COUNT(*) OVER (order by i) FROM tj ORDER BY NTILE(3) OVER (ORDER BY i);
```

2. What did you expect to see?

The result is ordered by the second column which is `NTILE(3) OVER (ORDER BY i)`

3. What did you see instead?

The order is random.

```
mysql> SELECT DISTINCT i,NTILE(3) OVER (ORDER BY i), SUM(i) OVER (order by i), COUNT(*) OVER (order by i) FROM tj ORDER BY NTILE(3) OVER (ORDER BY i);
+------+----------------------------+--------------------------+----------------------------+
| i    | NTILE(3) OVER (ORDER BY i) | SUM(i) OVER (order by i) | COUNT(*) OVER (order by i) |
+------+----------------------------+--------------------------+----------------------------+
|    7 |                          3 |                       56 |                          8 |
|    7 |                          2 |                       56 |                          8 |
|    7 |                          1 |                       56 |                          8 |
+------+----------------------------+--------------------------+----------------------------+
3 rows in set (0.01 sec)

mysql> SELECT DISTINCT i,NTILE(3) OVER (ORDER BY i), SUM(i) OVER (order by i), COUNT(*) OVER (order by i) FROM tj ORDER BY NTILE(3) OVER (ORDER BY i);
+------+----------------------------+--------------------------+----------------------------+
| i    | NTILE(3) OVER (ORDER BY i) | SUM(i) OVER (order by i) | COUNT(*) OVER (order by i) |
+------+----------------------------+--------------------------+----------------------------+
|    7 |                          1 |                       56 |                          8 |
|    7 |                          3 |                       56 |                          8 |
|    7 |                          2 |                       56 |                          8 |
+------+----------------------------+--------------------------+----------------------------+
3 rows in set (0.00 sec)

mysql> SELECT DISTINCT i,NTILE(3) OVER (ORDER BY i), SUM(i) OVER (order by i), COUNT(*) OVER (order by i) FROM tj ORDER BY NTILE(3) OVER (ORDER BY i);
+------+----------------------------+--------------------------+----------------------------+
| i    | NTILE(3) OVER (ORDER BY i) | SUM(i) OVER (order by i) | COUNT(*) OVER (order by i) |
+------+----------------------------+--------------------------+----------------------------+
|    7 |                          2 |                       56 |                          8 |
|    7 |                          3 |                       56 |                          8 |
|    7 |                          1 |                       56 |                          8 |
+------+----------------------------+--------------------------+----------------------------+
3 rows in set (0.00 sec)
```

4. What version of TiDB are you using (`tidb-server -V` or run `select tidb_version();` on TiDB)?


## SIG slack channel

 [#sig-planner](https://slack.tidb.io/invite?team=tidb-community&channel=sig-planner&ref=high-performance)

## Score

- 900

## Mentor

* @lzmhhh123
