ID: 10835
Title: Incorrect weekday behaviour
Description:
## Bug Report

```sql
set sql_mode = 'ALLOW_INVALID_DATES';

create table t (col datetime);

insert into t values ('2004-04-31');

select weekday(col) from t;
```

MySQL:

```
mysql> select weekday(col) from t;
+--------------+
| weekday(col) |
+--------------+
|            5 |
+--------------+
1 row in set (0.00 sec)
```

TiDB:

```
mysql> select weekday(col) from t;
+--------------+
| weekday(col) |
+--------------+
|            6 |
+--------------+
1 row in set (0.00 sec)
```