ID: 11177
Title: Invalid results using BETWEEN...AND... with type conversion
Description:
## Description
## Bug Report

Please answer these questions before submitting your issue. Thanks!

Invalid results using BETWEEN...AND... with type conversation.

1. What did you do?
If possible, provide a recipe for reproducing the error.

```mysql
SELECT 'lvuleck' BETWEEN '2008-09-16 22:23:50' AND 0;
```

2. What did you expect to see?

```mysql
mysql> SELECT 'lvuleck' BETWEEN '2008-09-16 22:23:50' AND 0;
+-----------------------------------------------+
| 'lvuleck' BETWEEN '2008-09-16 22:23:50' AND 0 |
+-----------------------------------------------+
|                                             0 |
+-----------------------------------------------+
1 row in set, 2 warnings (0.00 sec)

mysql> show warnings;
+---------+------+---------------------------------------------------------+
| Level   | Code | Message                                                 |
+---------+------+---------------------------------------------------------+
| Warning | 1292 | Truncated incorrect DOUBLE value: 'lvuleck'             |
| Warning | 1292 | Truncated incorrect DOUBLE value: '2008-09-16 22:23:50' |
+---------+------+---------------------------------------------------------+
2 rows in set (0.00 sec)
```


3. What did you see instead?

```mysql
mysql> SELECT 'lvuleck' BETWEEN '2008-09-16 22:23:50' AND 38.8;
+--------------------------------------------------+
| 'lvuleck' BETWEEN '2008-09-16 22:23:50' AND 38.8 |
+--------------------------------------------------+
|                                                1 |
+--------------------------------------------------+
1 row in set, 1 warning (0.00 sec)

mysql> show warnings;
+---------+------+----------------+
| Level   | Code | Message        |
+---------+------+----------------+
| Warning | 1265 | Data Truncated |
+---------+------+----------------+
1 row in set (0.00 sec)
```

4. What version of TiDB are you using (`tidb-server -V` or run `select tidb_version();` on TiDB)?




## SIG slack channel
[#sig-exec](https://tidbcommunity.slack.com/archives/CMRD79DRR)

## Score
- 300

## Mentor
 * @SunRunAway
