ID: 11188
Title: Function NOT/IF returns incorrect result with decimal argument
Description:
## Bug Report

Please answer these questions before submitting your issue. Thanks!

1. What did you do?
If possible, provide a recipe for reproducing the error.

```mysql
select NOT 0.00000001000000000000, IF(0.00000001000000000000, 1, 0);
```

2. What did you expect to see?


```mysql
mysql> select NOT 0.00000001000000000000, IF(0.00000001000000000000, 1, 0);
+----------------------------+----------------------------------+
| NOT 0.00000001000000000000 | IF(0.00000001000000000000, 1, 0) |
+----------------------------+----------------------------------+
|                          0 |                                1 |
+----------------------------+----------------------------------+
1 row in set (0.00 sec)

```

3. What did you see instead?

```mysql
mysql> select NOT 0.00000001000000000000, IF(0.00000001000000000000, 1, 0);
+----------------------------+----------------------------------+
| NOT 0.00000001000000000000 | IF(0.00000001000000000000, 1, 0) |
+----------------------------+----------------------------------+
|                          1 |                                0 |
+----------------------------+----------------------------------+
1 row in set (0.00 sec)
```



4. What version of TiDB are you using (`tidb-server -V` or run `select tidb_version();` on TiDB)?

8c20289c7