ID: 11203
Title: Result of function QUARTER/DATE_FORMAT is different from MySQL.
Description:
## Bug Report

Please answer these questions before submitting your issue. Thanks!

1. What did you do?
If possible, provide a recipe for reproducing the error.

```mysql
select QUARTER( 0 ), QUARTER( 0.0 );
```

2. What did you expect to see?

```mysql
mysql> select QUARTER( 0 ), QUARTER( 0.0 );
+--------------+----------------+
| QUARTER( 0 ) | QUARTER( 0.0 ) |
+--------------+----------------+
|            0 |              0 |
+--------------+----------------+
1 row in set (0.00 sec)
```

3. What did you see instead?

```mysql
mysql> select QUARTER( 0 ), QUARTER( 0.0 );
+--------------+----------------+
| QUARTER( 0 ) | QUARTER( 0.0 ) |
+--------------+----------------+
|         NULL |           NULL |
+--------------+----------------+
1 row in set, 2 warnings (0.00 sec)

mysql> show warnings;
+---------+------+--------------------------------------------------------+
| Level   | Code | Message                                                |
+---------+------+--------------------------------------------------------+
| Warning | 1292 | Incorrect datetime value: '0000-00-00 00:00:00.000000' |
| Warning | 1292 | invalid time format: '0.0'                             |
+---------+------+--------------------------------------------------------+
2 rows in set (0.00 sec)
```

4. What version of TiDB are you using (`tidb-server -V` or run `select tidb_version();` on TiDB)?
8c20289c7