ID: 11206
Title: Results of function FORMAT is different from MySQL.
Description:
## Description
## Bug Report

Please answer these questions before submitting your issue. Thanks!

1. What did you do?
If possible, provide a recipe for reproducing the error.

```mysql
SELECT FORMAT(12332.2, 2, 'de_DE'); show warnings;
SELECT FORMAT(12332.2, 2, 'xxxxx'); show warnings;
```

2. What did you expect to see?

```mysql
mysql> SELECT FORMAT(12332.2, 2, 'de_DE'); show warnings;
+-----------------------------+
| FORMAT(12332.2, 2, 'de_DE') |
+-----------------------------+
| 12.332,20                   |
+-----------------------------+
1 row in set (0.00 sec)

Empty set (0.00 sec)

mysql> SELECT FORMAT(12332.2, 2, 'xxxxx'); show warnings;
+-----------------------------+
| FORMAT(12332.2, 2, 'xxxxx') |
+-----------------------------+
| 12,332.20                   |
+-----------------------------+
1 row in set, 1 warning (0.00 sec)

+---------+------+-------------------------+
| Level   | Code | Message                 |
+---------+------+-------------------------+
| Warning | 1649 | Unknown locale: 'xxxxx' |
+---------+------+-------------------------+
1 row in set (0.00 sec)
```

3. What did you see instead?

```mysql
mysql> SELECT FORMAT(12332.2, 2, 'de_DE'); show warnings;
ERROR 1105 (HY000): not support for the specific locale
Empty set (0.00 sec)

mysql> SELECT FORMAT(12332.2, 2, 'xxxxx'); show warnings;
ERROR 1105 (HY000): not support for the specific locale
Empty set (0.00 sec)
```

4. What version of TiDB are you using (`tidb-server -V` or run `select tidb_version();` on TiDB)?
8c20289c7



## SIG slack channel
[#sig-exec](https://tidbcommunity.slack.com/archives/CMRD79DRR)

## Score
- 300

## Mentor
 * @XuHuaiyu
