ID: 11212
Title: Different results of Function :=(Assign a value)
Description:
## Description
## Bug Report

Please answer these questions before submitting your issue. Thanks!

1. What did you do?
If possible, provide a recipe for reproducing the error.


```mysql
SELECT  'x' = ( @A := 0 ) ;
```

2. What did you expect to see?

```mysql
mysql> SELECT  'x' = ( @A := 0 ) ;
+-------------------+
| 'x' = ( @A := 0 ) |
+-------------------+
|                 1 |
+-------------------+
1 row in set, 1 warning (0.00 sec)

mysql> show warnings;
+---------+------+-------------------------------------------------------------------------------------------------------------------+
| Level   | Code | Message                                                                                                           |
+---------+------+-------------------------------------------------------------------------------------------------------------------+
| Warning | 1292 | Truncated incorrect DOUBLE value: 'x' |
+---------+------+-------------------------------------------------------------------------------------------------------------------+
1 row in set (0.00 sec)
```

3. What did you see instead?

```mysql
mysql> SELECT  'x' = ( @A := 0 ) ;
+-------------------+
| 'x' = ( @A := 0 ) |
+-------------------+
|                 0 |
+-------------------+
1 row in set (0.00 sec)
```

4. What version of TiDB are you using (`tidb-server -V` or run `select tidb_version();` on TiDB)?
0ea1bf0



## SIG slack channel
[#sig-exec](https://tidbcommunity.slack.com/archives/CMRD79DRR)

## Score
- 300

## Mentor
 * @lzmhhh123 
