ID: 11286
Title: Result of DATE_ADD function is different from mysql.(FROM Decimal to MICROSECOND)
Description:
## Bug Report

Please answer these questions before submitting your issue. Thanks!

1. What did you do?
If possible, provide a recipe for reproducing the error.

```
select DATE_ADD('2007-03-28 22:08:28',INTERVAL -2.2 MINUTE_MICROSECOND);
select DATE_ADD('2007-03-28 22:08:28',INTERVAL -2.2 HOUR_MICROSECOND);
select DATE_ADD('2007-03-28 22:08:28',INTERVAL -2.2 DAY_MICROSECOND);
```


2. What did you expect to see?

```
mysql> select DATE_ADD('2007-03-28 22:08:28',INTERVAL -2.2 MINUTE_MICROSECOND);
+------------------------------------------------------------------+
| DATE_ADD('2007-03-28 22:08:28',INTERVAL -2.2 MINUTE_MICROSECOND) |
+------------------------------------------------------------------+
| 2007-03-28 22:08:25.800000                                       |
+------------------------------------------------------------------+
1 row in set (0.00 sec)

mysql> select DATE_ADD('2007-03-28 22:08:28',INTERVAL -2.2 HOUR_MICROSECOND);
+----------------------------------------------------------------+
| DATE_ADD('2007-03-28 22:08:28',INTERVAL -2.2 HOUR_MICROSECOND) |
+----------------------------------------------------------------+
| 2007-03-28 22:08:25.800000                                     |
+----------------------------------------------------------------+
1 row in set (0.00 sec)

mysql> select DATE_ADD('2007-03-28 22:08:28',INTERVAL -2.2 DAY_MICROSECOND);
+---------------------------------------------------------------+
| DATE_ADD('2007-03-28 22:08:28',INTERVAL -2.2 DAY_MICROSECOND) |
+---------------------------------------------------------------+
| 2007-03-28 22:08:25.800000                                    |
+---------------------------------------------------------------+
1 row in set (0.01 sec)
```

3. What did you see instead?

```
mysql> select DATE_ADD('2007-03-28 22:08:28',INTERVAL -2.2 MINUTE_MICROSECOND);
+------------------------------------------------------------------+
| DATE_ADD('2007-03-28 22:08:28',INTERVAL -2.2 MINUTE_MICROSECOND) |
+------------------------------------------------------------------+
| 2007-03-28 22:08:30.200000                                       |
+------------------------------------------------------------------+
1 row in set (0.00 sec)

mysql> select DATE_ADD('2007-03-28 22:08:28',INTERVAL -2.2 HOUR_MICROSECOND);
+----------------------------------------------------------------+
| DATE_ADD('2007-03-28 22:08:28',INTERVAL -2.2 HOUR_MICROSECOND) |
+----------------------------------------------------------------+
| 2007-03-28 22:08:30.200000                                     |
+----------------------------------------------------------------+
1 row in set (0.00 sec)

mysql> select DATE_ADD('2007-03-28 22:08:28',INTERVAL -2.2 DAY_MICROSECOND);
+---------------------------------------------------------------+
| DATE_ADD('2007-03-28 22:08:28',INTERVAL -2.2 DAY_MICROSECOND) |
+---------------------------------------------------------------+
| 2007-03-28 22:08:30.200000                                    |
+---------------------------------------------------------------+
1 row in set (0.00 sec)
```

4. What version of TiDB are you using (`tidb-server -V` or run `select tidb_version();` on TiDB)?

```
| Release Version: v3.0.0-rc.1-347-g23d4c97e2
Git Commit Hash: 23d4c97e2213e7f63f66f6c2094f728c9321200a
Git Branch: master
UTC Build Time: 2019-07-17 02:19:07
GoVersion: go version go1.12.6 darwin/amd64
Race Enabled: false
TiKV Min Version: 2.1.0-alpha.1-ff3dd160846b7d1aed9079c389fc188f7f5ea13e
Check Table Before Drop: false |

```
