ID: 11319
Title: Result of DATE_ADD function is different from mysql.(Second)
Description:
## Bug Report

Please answer these questions before submitting your issue. Thanks!

1. What did you do?
If possible, provide a recipe for reproducing the error.
```
select DATE_ADD('2007-03-28 22:08:28',INTERVAL -2.2 SECOND);
```

2. What did you expect to see?

```
mysql> select DATE_ADD('2007-03-28 22:08:28',INTERVAL -2.2 SECOND);
+------------------------------------------------------+
| DATE_ADD('2007-03-28 22:08:28',INTERVAL -2.2 SECOND) |
+------------------------------------------------------+
| 2007-03-28 22:08:25.800000                           |
+------------------------------------------------------+
1 row in set (0.00 sec)
```

3. What did you see instead?
```
mysql> select DATE_ADD('2007-03-28 22:08:28',INTERVAL -2.2 SECOND);
+------------------------------------------------------+
| DATE_ADD('2007-03-28 22:08:28',INTERVAL -2.2 SECOND) |
+------------------------------------------------------+
| 2007-03-28 22:08:26.200000                           |
+------------------------------------------------------+
1 row in set (0.01 sec)
```


4. What version of TiDB are you using (`tidb-server -V` or run `select tidb_version();` on TiDB)?
```
| Release Version: v3.0.0-rc.1-350-gdb4546028
Git Commit Hash: db454602801fea40b098fb5942576c3cd89dfebc
Git Branch: master
UTC Build Time: 2019-07-18 10:52:29
GoVersion: go version go1.12.6 darwin/amd64
Race Enabled: false
TiKV Min Version: 2.1.0-alpha.1-ff3dd160846b7d1aed9079c389fc188f7f5ea13e
Check Table Before Drop: false |
+----------------------------------
```
