ID: 11329
Title: DATETIME's behaviour is different from mysql.
Description:
## Bug Report

Please answer these questions before submitting your issue. Thanks!

1. What did you do?
If possible, provide a recipe for reproducing the error.

```
select DATE_ADD('1000-01-01 00:00:00',INTERVAL -2 HOUR);
select DATE_ADD('1000-01-01 00:00:00',INTERVAL -200 HOUR);
select DATE_ADD('0001-01-01 00:00:00',INTERVAL -2 HOUR);
select DATE_ADD('0001-01-01 00:00:00',INTERVAL -25 HOUR);
select DATE_ADD('0001-01-01 00:00:00',INTERVAL -8784 HOUR);
select DATE_ADD('0001-01-01 00:00:00',INTERVAL -8785 HOUR);
```

2. What did you expect to see?

```
mysql> select DATE_ADD('1000-01-01 00:00:00',INTERVAL -2 HOUR);
+--------------------------------------------------+
| DATE_ADD('1000-01-01 00:00:00',INTERVAL -2 HOUR) |
+--------------------------------------------------+
| 0999-12-31 22:00:00                              |
+--------------------------------------------------+
1 row in set (0.00 sec)

mysql> select DATE_ADD('1000-01-01 00:00:00',INTERVAL -200 HOUR);
+----------------------------------------------------+
| DATE_ADD('1000-01-01 00:00:00',INTERVAL -200 HOUR) |
+----------------------------------------------------+
| 0999-12-23 16:00:00                                |
+----------------------------------------------------+
1 row in set (0.00 sec)

mysql> select DATE_ADD('0001-01-01 00:00:00',INTERVAL -2 HOUR);
+--------------------------------------------------+
| DATE_ADD('0001-01-01 00:00:00',INTERVAL -2 HOUR) |
+--------------------------------------------------+
| 0000-00-00 22:00:00                              |
+--------------------------------------------------+
1 row in set (0.00 sec)

mysql> select DATE_ADD('0001-01-01 00:00:00',INTERVAL -25 HOUR);
+---------------------------------------------------+
| DATE_ADD('0001-01-01 00:00:00',INTERVAL -25 HOUR) |
+---------------------------------------------------+
| 0000-00-00 23:00:00                               |
+---------------------------------------------------+
1 row in set (0.00 sec)

mysql> select DATE_ADD('0001-01-01 00:00:00',INTERVAL -8784 HOUR);
+-----------------------------------------------------+
| DATE_ADD('0001-01-01 00:00:00',INTERVAL -8784 HOUR) |
+-----------------------------------------------------+
| 0000-00-00 00:00:00                                 |
+-----------------------------------------------------+
1 row in set (0.00 sec)

mysql> select DATE_ADD('0001-01-01 00:00:00',INTERVAL -8785 HOUR);
+-----------------------------------------------------+
| DATE_ADD('0001-01-01 00:00:00',INTERVAL -8785 HOUR) |
+-----------------------------------------------------+
| NULL                                                |
+-----------------------------------------------------+
1 row in set, 1 warning (0.00 sec)
```

3. What did you see instead?

```
mysql> select DATE_ADD('1000-01-01 00:00:00',INTERVAL -2 HOUR);
+--------------------------------------------------+
| DATE_ADD('1000-01-01 00:00:00',INTERVAL -2 HOUR) |
+--------------------------------------------------+
| NULL                                             |
+--------------------------------------------------+
1 row in set, 1 warning (0.00 sec)

mysql> select DATE_ADD('1000-01-01 00:00:00',INTERVAL -200 HOUR);
+----------------------------------------------------+
| DATE_ADD('1000-01-01 00:00:00',INTERVAL -200 HOUR) |
+----------------------------------------------------+
| NULL                                               |
+----------------------------------------------------+
1 row in set, 1 warning (0.00 sec)

mysql> select DATE_ADD('0001-01-01 00:00:00',INTERVAL -2 HOUR);
+--------------------------------------------------+
| DATE_ADD('0001-01-01 00:00:00',INTERVAL -2 HOUR) |
+--------------------------------------------------+
| NULL                                             |
+--------------------------------------------------+
1 row in set, 1 warning (0.00 sec)

mysql> select DATE_ADD('0001-01-01 00:00:00',INTERVAL -25 HOUR);
+---------------------------------------------------+
| DATE_ADD('0001-01-01 00:00:00',INTERVAL -25 HOUR) |
+---------------------------------------------------+
| NULL                                              |
+---------------------------------------------------+
1 row in set, 1 warning (0.00 sec)

mysql> select DATE_ADD('0001-01-01 00:00:00',INTERVAL -8784 HOUR);
+-----------------------------------------------------+
| DATE_ADD('0001-01-01 00:00:00',INTERVAL -8784 HOUR) |
+-----------------------------------------------------+
| NULL                                                |
+-----------------------------------------------------+
1 row in set, 1 warning (0.00 sec)

mysql> select DATE_ADD('0001-01-01 00:00:00',INTERVAL -8785 HOUR);
+-----------------------------------------------------+
| DATE_ADD('0001-01-01 00:00:00',INTERVAL -8785 HOUR) |
+-----------------------------------------------------+
| NULL                                                |
+-----------------------------------------------------+
1 row in set, 1 warning (0.00 sec)
```

4. What version of TiDB are you using (`tidb-server -V` or run `select tidb_version();` on TiDB)?

```
| Release Version: v3.0.0-rc.1-356-g5aef053c1
Git Commit Hash: 5aef053c163524aa167e6bb4ddabd0671a75e712
Git Branch: master
UTC Build Time: 2019-07-19 01:42:00
GoVersion: go version go1.12.6 darwin/amd64
Race Enabled: false
TiKV Min Version: 2.1.0-alpha.1-ff3dd160846b7d1aed9079c389fc188f7f5ea13e
Check Table Before Drop: false |
```