ID: 11435
Title: CREATE TABLE interprets DEFAULT value incorrectly for enum columns
Description:
TiDB:

```
mysql> create table t1 (a enum("a", "b", "c") default "a", b enum("2", "3", "4") default 2, c datetime default "1991-09-05 11:11:11");
Query OK, 0 rows affected (0.17 sec)

mysql> insert into t1 values();
Query OK, 1 row affected (0.03 sec)

mysql> select * from t1;
+------+------+---------------------+
| a    | b    | c                   |
+------+------+---------------------+
| a    | 2    | 1991-09-05 11:11:11 |
+------+------+---------------------+
1 row in set (0.00 sec)
```

and MySQL:

```
mysql> create table t1 (a enum("a", "b", "c") default "a", b enum("2", "3", "4") default 2, c datetime default "1991-09-05 11:11:11");
Query OK, 0 rows affected (0.05 sec)
mysql> insert into t1 values();
Query OK, 1 row affected (0.01 sec)

mysql> select * from t1;
+------+------+---------------------+
| a    | b    | c                   |
+------+------+---------------------+
| a    | 3    | 1991-09-05 11:11:11 |
+------+------+---------------------+
1 row in set (0.00 sec)

```

If we quote the `2`, result of mysql changes.

```
mysql> create table t (a enum("a", "b", "c") default "a", b enum("2", "3", "4") default "2", c datetime default "1991-09-05 11:11:11");
Query OK, 0 rows affected (0.06 sec)

mysql> insert into t values();
Query OK, 1 row affected (0.01 sec)

mysql> select * from t;
+------+------+---------------------+
| a    | b    | c                   |
+------+------+---------------------+
| a    | 2    | 1991-09-05 11:11:11 |
+------+------+---------------------+
1 row in set (0.00 sec)
```

## Score

- 600

## Mentor

- @wjhuang2016 