ID: 11556
Title: QUOTE(null) should return 'NULL' string instead of NULL value
Description:
## Bug Report

In doc:

![image](https://user-images.githubusercontent.com/23725000/62264955-c9f46380-b454-11e9-8e62-6d67c87dbd4a.png)

quote(null) should return 'NULL' string, but tidb return NULL value instead.

1. What did you do?

```sql
select quote(null) is NULL;
```

2. What did you expect to see?

in mysql:

```sql
mysql> select quote(null) is NULL;
+---------------------+
| quote(null) is NULL |
+---------------------+
|                   0 |
+---------------------+
1 row in set (0.00 sec)
```


3. What did you see instead?

In TiDB:

```sql
mysql> select quote(null) is NULL;
+---------------------+
| quote(null) is NULL |
+---------------------+
|                   1 |
+---------------------+
1 row in set (0.00 sec)
```

4. What version of TiDB are you using (`tidb-server -V` or run `select tidb_version();` on TiDB)?

```sql
mysql> select tidb_version();
+-------------------------------------------------------------------------------------------------------------------------------------------------------------------------------------------------------------------------------------------------------------------------------------------------------------+
| tidb_version()                                                                                                                                                                                                                                                                                              |
+-------------------------------------------------------------------------------------------------------------------------------------------------------------------------------------------------------------------------------------------------------------------------------------------------------------+
| Release Version: v3.0.0
Git Commit Hash: 60965b006877ca7234adaced7890d7b029ed1306
Git Branch: HEAD
UTC Build Time: 2019-06-28 12:14:07
GoVersion: go version go1.12 linux/amd64
Race Enabled: false
TiKV Min Version: 2.1.0-alpha.1-ff3dd160846b7d1aed9079c389fc188f7f5ea13e
Check Table Before Drop: false |
+-------------------------------------------------------------------------------------------------------------------------------------------------------------------------------------------------------------------------------------------------------------------------------------------------------------+
1 row in set (0.00 sec)
```

Mysql version is 5.7

