ID: 11601
Title: wrong results when IF function along with float argument
Description:
## Bug Report

Please answer these questions before submitting your issue. Thanks!

1. What did you do?
If possible, provide a recipe for reproducing the error.
SELECT  IF(0.1, 1, 2) FROM t1;
2. What did you expect to see?
+---------------+
| IF(0.1, 1, 2) |
+---------------+
|             1 |
+---------------+
1 row in set (0.00 sec)


3. What did you see instead?
+---------------+
| IF(0.1, 1, 2) |
+---------------+
|             2 |
+---------------+
1 row in set (0.00 sec)

4. What version of TiDB are you using (`tidb-server -V` or run `select tidb_version();` on TiDB)?
Release Version: None
Git Commit Hash: None
Git Branch: None
UTC Build Time: None
GoVersion: None
Race Enabled: false
TiKV Min Version: 2.1.0-alpha.1-ff3dd160846b7d1aed9079c389fc188f7f5ea13e
Check Table Before Drop: false

