ID: 11648
Title: Disabling STRICT_TRANS_TABLES should allow NULL insert into NOT NULL column with default value
Description:
## Bug Report


1. What did you do?
```
create table t1 (id int NOT NULL DEFAULT 8);
SET sql_mode = '';
insert into t1 values (1), (NULL), (2);
```




2. What did you expect to see?
```
mysql> create table t1 (id int NOT NULL DEFAULT 8);
Query OK, 0 rows affected (0.06 sec)

mysql> SET sql_mode = '';
Query OK, 0 rows affected (0.00 sec)

mysql> insert into t1 values (1), (NULL), (2);
Query OK, 3 rows affected, 1 warning (0.03 sec)
Records: 3  Duplicates: 0  Warnings: 1

mysql> show warnings;
+---------+------+----------------------------+
| Level   | Code | Message                    |
+---------+------+----------------------------+
| Warning | 1048 | Column 'id' cannot be null |
+---------+------+----------------------------+
1 row in set (0.00 sec)

mysql> select * from t1;
+----+
| id |
+----+
|  1 |
|  0 |
|  2 |
+----+
3 rows in set (0.00 sec)
```



3. What did you see instead?
```
mysql> create table t1 (id int NOT NULL DEFAULT 8);
Query OK, 0 rows affected (0.02 sec)

mysql> SET sql_mode = '';
Query OK, 0 rows affected (0.00 sec)

mysql> insert into t1 values (1), (NULL), (2);
ERROR 1048 (23000): Column 'id' cannot be null
```


4. What version of TiDB are you using (`tidb-server -V` or run `select tidb_version();` on TiDB)?
master
