ID: 11649
Title: `select` failed to keep row order with `distinct`
Description:
## Bug Report


1. What did you do?

```
create table test(id int);
insert into test values(1), (2), (3), (4), (5);
select distinct * from test;
select distinct * from test;
select distinct * from test;
```

2. What did you expect to see?

```
mysql> select distinct * from test;
+------+
| id   |
+------+
|    1 |
|    2 |
|    3 |
|    4 |
|    5 |
+------+
5 rows in set (0.00 sec)
```


3. What did you see instead?
```
mysql> select distinct * from test;
+------+
| id   |
+------+
|    1 |
|    4 |
|    2 |
|    3 |
|    5 |
+------+
5 rows in set (0.00 sec)

mysql> select distinct * from test;
+------+
| id   |
+------+
|    4 |
|    5 |
|    2 |
|    3 |
|    1 |
+------+
5 rows in set (0.00 sec)

mysql> select distinct * from test;
+------+
| id   |
+------+
|    1 |
|    4 |
|    2 |
|    3 |
|    5 |
+------+
5 rows in set (0.01 sec)
```



4. What version of TiDB are you using (`tidb-server -V` or run `select tidb_version();` on TiDB)?
```
mysql> select version();
+----------------------------------------+
| version()                              |
+----------------------------------------+
| 5.7.25-TiDB-v4.0.0-alpha-32-g45790b579 |
+----------------------------------------+
1 row in set (0.00 sec)
```


