ID: 11872
Title: MAX() Func's result will be incorrect when have variable assigned statement like '@A :='
Description:
## Description
## Bug Report

1. What did you do?

```sql
create table dtest (d decimal(10, 4));
insert into dtest values(1.234),(5.3465),(2324.32);
select MAX(d) from dtest;
select MAX(@A := d) from dtest;
```

2. What did you expect to see?

I think result of `select MAX(d) from dtest;` should be consistent with `select MAX(@A := d) from dtest;` like mysql:

```sql
mysql> create table dtest (d decimal(10, 4));
Query OK, 0 rows affected (0.03 sec)

mysql> insert into dtest values(1.234),(5.3465),(2324.32);
Query OK, 3 rows affected (0.01 sec)
Records: 3  Duplicates: 0  Warnings: 0

mysql> select MAX(d) from dtest;
+-----------+
| MAX(d)    |
+-----------+
| 2324.3200 |
+-----------+
1 row in set (0.00 sec)

mysql> select MAX(@A := d) from dtest;
+--------------+
| MAX(@A := d) |
+--------------+
|    2324.3200 |
+--------------+
1 row in set (0.00 sec)
```

3. What did you see instead?

not consistent, and result is incorrent with `@A :=`

TiDB result:

```sql
mysql> create table dtest (d decimal(10, 4));
Query OK, 0 rows affected (0.13 sec)

mysql> insert into dtest values(1.234),(5.3465),(2324.32);
Query OK, 3 rows affected (0.06 sec)
Records: 3  Duplicates: 0  Warnings: 0

mysql> select MAX(d) from dtest;
+-----------+
| MAX(d)    |
+-----------+
| 2324.3200 |
+-----------+
1 row in set (0.00 sec)

mysql> select MAX(@A := d) from dtest;
+--------------+
| MAX(@A := d) |
+--------------+
| 5.3465       |
+--------------+
1 row in set (0.00 sec)
```


4. What version of TiDB are you using (`tidb-server -V` or run `select tidb_version();` on TiDB)?

```sql
mysql> select tidb_version();
+-------------------------------------------------------------------------------------------------------------------------------------------------------------------------------------------------------------------------------------------------------------------------------------------------------------+
| tidb_version()                                                                                                                                                                                                                                                                                              |
+-------------------------------------------------------------------------------------------------------------------------------------------------------------------------------------------------------------------------------------------------------------------------------------------------------------+
| Release Version: v3.0.0
Git Commit Hash: 60965b006877ca7234adaced7890d7b029ed1306
Git Branch: HEAD
UTC Build Time: 2019-06-28 12:14:07
GoVersion: go version go1.12 linux/amd64
Race Enabled: false
TiKV Min Version: 2.1.0-alpha.1-ff3dd160846b7d1aed9079c389fc188f7f5ea13e
Check Table Before Drop: false |
+-------------------------------------------------------------------------------------------------------------------------------------------------------------------------------------------------------------------------------------------------------------------------------------------------------------+
1 row in set (0.00 sec)
```




## SIG slack channel
[#sig-exec](https://tidbcommunity.slack.com/archives/CMRD79DRR)

## Score
- 300

## Mentor
 * @XuHuaiyu
