ID: 11952
Title: Incorrect behavior of NO_ZERO_DATE when altering table
Description:
## Bug Report

Please answer these questions before submitting your issue. Thanks!

1. What did you do?
If possible, provide a recipe for reproducing the error.

Check `sql_mode` should contain `NO_ZERO_DATE` by default.
```
mysql> select @@session.sql_mode;
+-------------------------------------------------------------------------------------------------------------------------------------------+
| @@session.sql_mode                                                                                                                        |
+-------------------------------------------------------------------------------------------------------------------------------------------+
| ONLY_FULL_GROUP_BY,STRICT_TRANS_TABLES,NO_ZERO_IN_DATE,NO_ZERO_DATE,ERROR_FOR_DIVISION_BY_ZERO,NO_AUTO_CREATE_USER,NO_ENGINE_SUBSTITUTION |
+-------------------------------------------------------------------------------------------------------------------------------------------+
1 row in set (0.00 sec)
```
Follow following operation:
```
create table t(d int);
insert into t values(1);
select * from t;
alter table t add column e date not null;
```

2. What did you expect to see?
```
mysql> alter table t add column e date not null;
ERROR 1292 (22007): Incorrect date value: '0000-00-00' for column 'e' at row 1
```


3. What did you see instead?
```
mysql> select * from t;
+------+------------+
| d    | e          |
+------+------------+
|    1 | 0000-00-00 |
+------+------------+
1 row in set (0.01 sec)
```


4. What version of TiDB are you using (`tidb-server -V` or run `select tidb_version();` on TiDB)?
```
mysql> select tidb_version();
+-------------------------------------------------------------------------------------------------------------------------------------------------------------------------------------------------------------------------------------------------------------------------------------------------------------------------------+
| tidb_version()                                                                                                                                                                                                                                                                                                                |
+-------------------------------------------------------------------------------------------------------------------------------------------------------------------------------------------------------------------------------------------------------------------------------------------------------------------------------+
| Release Version: v4.0.0-alpha-70-g4491bf854
Git Commit Hash: 4491bf854ef38ce61b09ed38c2dede57ef8c8a28
Git Branch: master
UTC Build Time: 2019-08-14 12:47:38
GoVersion: go version go1.12.7 darwin/amd64
Race Enabled: false
TiKV Min Version: v3.0.0-60965b006877ca7234adaced7890d7b029ed1306
Check Table Before Drop: false |
+-------------------------------------------------------------------------------------------------------------------------------------------------------------------------------------------------------------------------------------------------------------------------------------------------------------------------------+
1 row in set (0.01 sec)
```
