ID: 12065
Title: wrong result and panic when joining dual table
Description:
## Description
## Bug Report

Please answer these questions before submitting your issue. Thanks!

1. What did you do?
If possible, provide a recipe for reproducing the error.
```sql
select null in (select 1 );
select a in (select 0) xx from (select null as a) x;
```

2. What did you expect to see?
```sql
mysql [localhost:5731] {msandbox} (test) > select null in (select 1 );
+---------------------+
| null in (select 1 ) |
+---------------------+
|                NULL |
+---------------------+
1 row in set (0.00 sec)

mysql [localhost:5731] {msandbox} (test) > select a in (select 0) xx from (select null as a) x;
+------+
| xx   |
+------+
| NULL |
+------+
1 row in set (0.00 sec)
```

3. What did you see instead?

```sql
mysql> select null in (select 1 );
+---------------------+
| null in (select 1 ) |
+---------------------+
|                   0 |
+---------------------+
1 row in set (0.00 sec)

mysql> select a in (select 0) xx from (select null as a) x;
+------+
| xx   |
+------+
| NULL |
+------+
1 row in set (0.00 sec)
```

4. What version of TiDB are you using (`tidb-server -V` or run `select tidb_version();` on TiDB)?
5.7.25-TiDB-v4.0.0-alpha-201-g702854f02




## SIG slack channel
[#sig-exec](https://tidbcommunity.slack.com/archives/CMRD79DRR)

## Score
- 300

## Mentor
 * @XuHuaiyu
