ID: 12160
Title: SET type has inconsistent behavior compared with MySQL
Description:
## Bug Report

Please answer these questions before submitting your issue. Thanks!

1. What did you do?
If possible, provide a recipe for reproducing the error.
```
create table myset2(i int, s set('4','5', '6') default 4);
insert into myset2(i) values(1);
```
2. What did you expect to see?
```
mysql>  select * from myset2;
+------+------+
| i    | s    |
+------+------+
|    1 | 6    |
+------+------+
1 row in set (0.01 sec)
```


3. What did you see instead?
```
mysql>  select * from myset2;
+------+------+
| i    | s    |
+------+------+
|    1 | 4    |
+------+------+
1 row in set (0.01 sec)
```
MySQL's show create table is the following 
```
mysql> show create table myset2;
+--------+-----------------------------------------------------------------------------------------------------------------------------+
| Table  | Create Table                                                                                                                |
+--------+-----------------------------------------------------------------------------------------------------------------------------+
| myset2 | CREATE TABLE `myset2` (
  `i` int(11) DEFAULT NULL,
  `s` set('4','5','6') DEFAULT '6'
) ENGINE=InnoDB DEFAULT CHARSET=utf8 |
+--------+-----------------------------------------------------------------------------------------------------------------------------+
1 row in set (0.00 sec)
```

while tidb's is different

```
mysql> show create table myset2;
+--------+-----------------------------------------------------------------------------------------------------------------------------+
| Table  | Create Table                                                                                                                |
+--------+-----------------------------------------------------------------------------------------------------------------------------+
| myset2 | CREATE TABLE `myset2` (
  `i` int(11) DEFAULT NULL,
  `s` set('4','5','6') DEFAULT '4'
) ENGINE=InnoDB DEFAULT CHARSET=utf8 |
+--------+-----------------------------------------------------------------------------------------------------------------------------+
1 row in set (0.00 sec)
```

