ID: 12181
Title: get wrong `NULL` for year
Description:
## Bug Report

Please answer these questions before submitting your issue. Thanks!

1. What did you do?
If possible, provide a recipe for reproducing the error.
```
create table test_year(a year);
set sql_mode="";
insert into test_year values (99999999);
select * from test_year;
```

2. What did you expect to see?
```
mysql> select * from test_year;
+------+
| a    |
+------+
| 0000 |
+------+
1 row in set (0.00 sec)
```



3. What did you see instead?
```
mysql> select * from test_year;
+------+
| a    |
+------+
| NULL |
+------+
1 row in set (0.00 sec)
```


4. What version of TiDB are you using (`tidb-server -V` or run `select tidb_version();` on TiDB)?
```
mysql> select tidb_version();
+-------------------------------------------------------------------------------------------------------------------------------------------------------------------------------------------------------------------------------------------------------------------------------------------------------------------------------+
| tidb_version()                                                                                                                                                                                                                                                                                                                |
+-------------------------------------------------------------------------------------------------------------------------------------------------------------------------------------------------------------------------------------------------------------------------------------------------------------------------------+
| Release Version: v4.0.0-alpha-177-gf9d85418e
Git Commit Hash: f9d85418ed13f54c02acfa0e97af32fb64f008e1
Git Branch: master
UTC Build Time: 2019-09-12 12:20:05
GoVersion: go version go1.12.4 linux/amd64
Race Enabled: false
TiKV Min Version: v3.0.0-60965b006877ca7234adaced7890d7b029ed1306
Check Table Before Drop: false |
+-------------------------------------------------------------------------------------------------------------------------------------------------------------------------------------------------------------------------------------------------------------------------------------------------------------------------------+
1 row in set (0.00 sec)
```
