ID: 12245
Title: [Bug Report] Compatibility issse,about sql: update set a=a+1
Description:
## Bug Report

Please answer these questions before submitting your issue. Thanks!

1. What did you do?
If possible, provide a recipe for reproducing the error.
In TiDB:
```
create table bug_test(a int primary key, b int);
insert into bug_test values (1,2),(2,2);
update bug_test set a=a+1 where b=2; 
# Query OK, 2 rows affected (0.00 sec)
select * from bug_test;
# +---+------+
# | a | b    |
# +---+------+
# | 3 |    2 |
# +---+------+
# 1 row in set (0.01 sec)
```

2. What did you expect to see?
In MySQL 8.0.16ï¼š
```
create table bug_test(a int primary key, b int);
insert into bug_test values (1,2),(2,2);
update bug_test set a=a+1 where b=2; 
# ERROR 1062 (23000): Duplicate entry '2' for key 'PRIMARY'
select * from bug_test;
# \+---+------+
# | a | b    |
# +---+------+
# | 1 |    2 |
# | 2 |    2 |
# +---+------+
# 2 rows in set (0.00 sec)
```



3. What version of TiDB are you using (`tidb-server -V` or run `select tidb_version();` on TiDB)?
```
Release Version: v4.0.0-alpha-267-gbc4f8cee2-dirty
Git Commit Hash: bc4f8cee29a729767e043bdd74015645b9838130
Git Branch: master
UTC Build Time: 2019-09-17 02:48:56
GoVersion: go version go1.12.7 darwin/amd64
Race Enabled: false
TiKV Min Version: v3.0.0-60965b006877ca7234adaced7890d7b029ed1306
Check Table Before Drop: false 
```