ID: 12786
Title: Different behaviour from MySQl when cast string to time
Description:
## Bug Report

Please answer these questions before submitting your issue. Thanks!

1. What did you do?
If possible, provide a recipe for reproducing the error.

```mysql
select cast('{"key": 11}' as Time);
```

2. What did you expect to see?

In MySQL 5.7
```mysql
mysql> select cast('{"key": 11}' as Time);
+-----------------------------+
| cast('{"key": 11}' as Time) |
+-----------------------------+
| 00:00:00                    |
+-----------------------------+
1 row in set, 1 warning (0.00 sec)

mysql> show warnings;
+---------+------+-----------------------------------------------+
| Level   | Code | Message                                       |
+---------+------+-----------------------------------------------+
| Warning | 1292 | Truncated incorrect time value: '{"key": 11}' |
+---------+------+-----------------------------------------------+
1 row in set (0.01 sec)
```

3. What did you see instead?

In TiDB:
```mysql
mysql> select cast('{"key": 11}' as Time);
+-----------------------------+
| cast('{"key": 11}' as Time) |
+-----------------------------+
| 00:01:01                    |
+-----------------------------+
1 row in set (0.00 sec)
```

4. What version of TiDB are you using (`tidb-server -V` or run `select tidb_version();` on TiDB)?

master