ID: 12849
Title: not null and !null have different behavior. 
Description:
## Bug Report

Please answer these questions before submitting your issue. Thanks!

1. What did you do?
If possible, provide a recipe for reproducing the error.
```
create table t(c1 int);
insert into t values (1), (2), (3);
select * from t group by c1 having not null is null order by c1;
select * from t group by c1 having !null is null order by c1;
```


2. What did you expect to see?
Two select query return empty set. 


3. What did you see instead?
```
MySQL [test]> select * from t group by c1 having not null is null order by c1;
Empty set (0.00 sec)

MySQL [test]> select * from t group by c1 having !null is null order by c1;
+------+
| c1   |
+------+
|    1 |
|    2 |
|    3 |
+------+
3 rows in set (0.00 sec)
```


4. What version of TiDB are you using (`tidb-server -V` or run `select tidb_version();` on TiDB)?
latest master. 

5. what does plan look like?

```
MySQL [test]> explain select * from t group by c1 having not null is null order by c1;
+-------------------+-------+------+---------------+
| id                | count | task | operator info |
+-------------------+-------+------+---------------+
| Sort_7            | 0.00  | root | Column#3:asc  |
| └─TableDual_9     | 0.00  | root | rows:0        |
+-------------------+-------+------+---------------+

MySQL [test]> explain select * from t group by c1 having !null is null order by c1;
+------------------------+-------+-----------+------------------------------------------------------------+
| id                     | count | task      | operator info                                              |
+------------------------+-------+-----------+------------------------------------------------------------+
| Sort_6                 | 2.40  | root      | Column#3:asc                                               |
| └─HashAgg_11           | 2.40  | root      | group by:Column#1, funcs:firstrow(Column#1)                |
|   └─TableReader_16     | 3.00  | root      | data:TableScan_15                                          |
|     └─TableScan_15     | 3.00  | cop[tikv] | table:t, range:[-inf,+inf], keep order:false, stats:pseudo |
+------------------------+-------+-----------+------------------------------------------------------------+
4 rows in set (0.00 sec)
```
