ID: 13018
Title: Wrong join results when joining a datetime column with a string column in some cases
Description:
## Bug Report

Please answer these questions before submitting your issue. Thanks!

1. What did you do?
If possible, provide a recipe for reproducing the error.
```
create table t (
    a varchar(30),
    b datetime
);
insert into t values ("2000-01-01", "2000-01-01");
insert into t values ("2000xxxxxx", "2000-01-02");
select t1.a, t2.b from t t1, t t2 where t1.a != t2.b;
```

2. What did you expect to see?
In MySQL:
```
mysql> select t1.a, t2.b from t t1, t t2 where t1.a != t2.b;
+------------+---------------------+
| a          | b                   |
+------------+---------------------+
| 2000xxxxxx | 2000-01-01 00:00:00 |
| 2000-01-01 | 2000-01-02 00:00:00 |
| 2000xxxxxx | 2000-01-02 00:00:00 |
+------------+---------------------+
3 rows in set, 2 warnings (0.00 sec)
```


3. What did you see instead?
In TiDB:
```
mysql> select t1.a, t2.b from t t1, t t2 where t1.a != t2.b;
+------------+---------------------+
| a          | b                   |
+------------+---------------------+
| 2000-01-01 | 2000-01-02 00:00:00 |
+------------+---------------------+
1 row in set, 2 warnings (0.01 sec)

```


4. What version of TiDB are you using (`tidb-server -V` or run `select tidb_version();` on TiDB)?

