ID: 13084
Title: TiDB does not respect `DEFAULT NULL` after altering an ADDed column from NOT NULL to NULL
Description:
## Bug Report

Please answer these questions before submitting your issue. Thanks!

1. What did you do?

```sql
create table w(a int);
insert into w values (1);
alter table w add column b int not null;
select * from w;
alter table w modify column b int default null;
insert into w values ();
select * from w;
```

2. What did you expect to see?

On MySQL 8, the final SELECT gives

```
mysql> select * from w;
+------+------+
| a    | b    |
+------+------+
|    1 |    0 |
| NULL | NULL |
+------+------+
2 rows in set (0.00 sec)
```

3. What did you see instead?

On TiDB, the final SELECT gives

```
mysql> select * from w;
+------+------+
| a    | b    |
+------+------+
|    1 |    0 |
| NULL |    0 |
+------+------+
2 rows in set (0.00 sec)
```

4. What version of TiDB are you using (`tidb-server -V` or run `select tidb_version();` on TiDB)?

```
mysql> select tidb_version()\G
*************************** 1. row ***************************
tidb_version(): Release Version: v4.0.0-alpha-685-g5b161df35
Git Commit Hash: 5b161df3533db3dce6badca54c867b95f4a0d672
Git Branch: master
UTC Build Time: 2019-11-02 10:21:24
GoVersion: go version go1.13.3 linux/amd64
Race Enabled: false
TiKV Min Version: v3.0.0-60965b006877ca7234adaced7890d7b029ed1306
Check Table Before Drop: false
1 row in set (0.00 sec)
```