ID: 13150
Title: sql_mode STRICT_ALL_TABLES does not work properly
Description:
## Bug Report

There is a related fix, but it's not working now https://github.com/pingcap/tidb/pull/8544

Please answer these questions before submitting your issue. Thanks!

1. What did you do?
If possible, provide a recipe for reproducing the error.
```
mysql> create table t (a bigint unsigned);
Query OK, 0 rows affected (0.00 sec)

mysql> set @@sql_mode = 'strict_all_tables';
Query OK, 0 rows affected (0.00 sec)

mysql> insert into t value(1);
Query OK, 1 row affected (0.01 sec)
```

2. What did you expect to see?
On MySQL:
```
mysql> update t set a = -1;
ERROR 1264 (22003): Out of range value for column 'a' at row 1
mysql> select * from t;
+------+
| a    |
+------+
|    1 |
+------+
1 row in set (0.00 sec)
```


3. What did you see instead?
On TiDB:
```
mysql> update t set a = -1;
Query OK, 1 row affected (0.00 sec)
Rows matched: 1  Changed: 1  Warnings: 0

mysql> select * from t;
+----------------------+
| a                    |
+----------------------+
| 18446744073709551615 |
+----------------------+
1 row in set (0.00 sec)
```


4. What version of TiDB are you using (`tidb-server -V` or run `select tidb_version();` on TiDB)?
```
mysql> select tidb_version()\G
*************************** 1. row ***************************
tidb_version(): Release Version: v4.0.0-alpha-721-g579304039
Git Commit Hash: 579304039685562d390c0de5b783425efbd2bd8d
Git Branch: master
UTC Build Time: 2019-11-05 07:49:08
GoVersion: go version go1.13.1 darwin/amd64
Race Enabled: false
TiKV Min Version: v3.0.0-60965b006877ca7234adaced7890d7b029ed1306
Check Table Before Drop: false
1 row in set (0.00 sec)
```

