ID: 13196
Title: warning 1292 incorrect datetime info should include exact user input
Description:
## Bug Report

Please answer these questions before submitting your issue. Thanks!

1. What did you do?
If possible, provide a recipe for reproducing the error.
select adddate('200123213218-11111111111-231232134', -1);

2. What did you expect to see?
On MySQL:
```
mysql> select adddate('200123213218-11111111111-231232134', -1);
+---------------------------------------------------+
| adddate('200123213218-11111111111-231232134', -1) |
+---------------------------------------------------+
| NULL                                              |
+---------------------------------------------------+
1 row in set, 1 warning (0.01 sec)

mysql> show warnings;
+---------+------+----------------------------------------------------------------+
| Level   | Code | Message                                                        |
+---------+------+----------------------------------------------------------------+
| Warning | 1292 | Incorrect datetime value: '200123213218-11111111111-231232134' |
+---------+------+----------------------------------------------------------------+
1 row in set (0.00 sec)
```


3. What did you see instead?
On TiDB:
```
mysql> select adddate('2008-11111111111-231232134', -1);
+-------------------------------------------+
| adddate('2008-11111111111-231232134', -1) |
+-------------------------------------------+
| NULL                                      |
+-------------------------------------------+
1 row in set, 1 warning (0.00 sec)

mysql> show warnings;
+---------+------+------------------------------------------+
| Level   | Code | Message                                  |
+---------+------+------------------------------------------+
| Warning | 1292 | Incorrect datetime value: '2008-199-134' |
+---------+------+------------------------------------------+
1 row in set (0.00 sec)
```



4. What version of TiDB are you using (`tidb-server -V` or run `select tidb_version();` on TiDB)?
```
mysql> select tidb_version()\G
*************************** 1. row ***************************
tidb_version(): Release Version: v4.0.0-alpha-738-g9cc0f6458
Git Commit Hash: 9cc0f645820ec2acf7a982acc04cbf95ea8da3c9
Git Branch: master
UTC Build Time: 2019-11-06 08:09:01
GoVersion: go version go1.13.1 darwin/amd64
Race Enabled: false
TiKV Min Version: v3.0.0-60965b006877ca7234adaced7890d7b029ed1306
Check Table Before Drop: false
1 row in set (0.00 sec)
```
