ID: 13494
Title: Different behavior with MySQL when compare date with varchar or text
Description:
## Description
## Bug Report

Please answer these questions before submitting your issue. Thanks!

1. What did you do?
If possible, provide a recipe for reproducing the error.

```
CREATE TABLE t(c0 text, c1 varchar(114), c2 timestamp);
INSERT INTO t(`c0`, `c1`, `c2`) VALUES("1919", "514", "0000-00-00 00:00:00"), ("810", "hello world", "2019-01-01 11:11:11");
SELECT * FROM t WHERE c1 = c2;
SELECT * FROM t WHERE c1 > c2;
SELECT * FROM t WHERE c1 < c2;
SELECT * FROM t WHERE c1 != c2;
SELECT * FROM t WHERE c0 = c2;
SELECT * FROM t WHERE c0 > c2;
SELECT * FROM t WHERE c0 < c2;
SELECT * FROM t WHERE c0 != c2;
```

BTW, when update statement use the same binary operation expression comparing date with varchar or text, the effect rows will be different.

2. What did you expect to see?

* MySQL 8.0
```
mysql> CREATE TABLE t(c0 text, c1 varchar(114), c2 timestamp);
Query OK, 0 rows affected (0.02 sec)

mysql> INSERT INTO t(`c0`, `c1`, `c2`) VALUES("1919", "514", "0000-00-00 00:00:00"), ("810", "hello world", "201
9-01-01 11:11:11");
Query OK, 2 rows affected (0.00 sec)
Records: 2  Duplicates: 0  Warnings: 0

mysql> SELECT * FROM t WHERE c1 = c2;
+------+------+---------------------+
| c0   | c1   | c2                  |
+------+------+---------------------+
| 1919 | 514  | 0000-00-00 00:00:00 |
+------+------+---------------------+
1 row in set, 2 warnings (0.00 sec)

mysql> SELECT * FROM t WHERE c1 > c2;
Empty set, 2 warnings (0.00 sec)

mysql> SELECT * FROM t WHERE c1 < c2;
+------+-------------+---------------------+
| c0   | c1          | c2                  |
+------+-------------+---------------------+
| 810  | hello world | 2019-01-01 11:11:11 |
+------+-------------+---------------------+
1 row in set, 2 warnings (0.00 sec)

mysql> SELECT * FROM t WHERE c1 != c2;
+------+-------------+---------------------+
| c0   | c1          | c2                  |
+------+-------------+---------------------+
| 810  | hello world | 2019-01-01 11:11:11 |
+------+-------------+---------------------+
1 row in set, 2 warnings (0.00 sec)

mysql> SELECT * FROM t WHERE c0 = c2;
+------+------+---------------------+
| c0   | c1   | c2                  |
+------+------+---------------------+
| 1919 | 514  | 0000-00-00 00:00:00 |
+------+------+---------------------+
1 row in set, 2 warnings (0.00 sec)

mysql> SELECT * FROM t WHERE c0 > c2;
Empty set, 2 warnings (0.00 sec)

mysql> SELECT * FROM t WHERE c0 < c2;
+------+-------------+---------------------+
| c0   | c1          | c2                  |
+------+-------------+---------------------+
| 810  | hello world | 2019-01-01 11:11:11 |
+------+-------------+---------------------+
1 row in set, 2 warnings (0.00 sec)

mysql> SELECT * FROM t WHERE c0 != c2;
+------+-------------+---------------------+
| c0   | c1          | c2                  |
+------+-------------+---------------------+
| 810  | hello world | 2019-01-01 11:11:11 |
+------+-------------+---------------------+
1 row in set, 2 warnings (0.00 sec)
```

3. What did you see instead?

* TiDB

```
mysql> CREATE TABLE t(c0 text, c1 varchar(114), c2 timestamp);
Query OK, 0 rows affected (0.51 sec)

mysql> INSERT INTO t(`c0`, `c1`, `c2`) VALUES("1919", "514", "0000-00-00 00:00:00"), ("810", "hello world", "201
9-01-01 11:11:11");
Query OK, 2 rows affected (0.01 sec)
Records: 2  Duplicates: 0  Warnings: 0

mysql> SELECT * FROM t WHERE c1 = c2;
Empty set, 2 warnings (0.00 sec)

mysql> SELECT * FROM t WHERE c1 > c2;
Empty set, 2 warnings (0.00 sec)

mysql> SELECT * FROM t WHERE c1 < c2;
Empty set, 2 warnings (0.00 sec)

mysql> SELECT * FROM t WHERE c1 != c2;
Empty set, 2 warnings (0.00 sec)

mysql> SELECT * FROM t WHERE c0 = c2;
Empty set, 2 warnings (0.00 sec)

mysql> SELECT * FROM t WHERE c0 > c2;
Empty set, 2 warnings (0.00 sec)

mysql> SELECT * FROM t WHERE c0 < c2;
Empty set, 2 warnings (0.00 sec)

mysql> SELECT * FROM t WHERE c0 != c2;
Empty set, 2 warnings (0.00 sec)
```

4. What version of TiDB are you using (`tidb-server -V` or run `select tidb_version();` on TiDB)?

```
Release Version: v4.0.0-alpha-857-gf94eac07d
Git Commit Hash: f94eac07df296ac3c1899c2b77b1ede8a71c7936
Git Branch: master
UTC Build Time: 2019-11-14 03:00:55
GoVersion: go version go1.13 linux/amd64
Race Enabled: false
TiKV Min Version: v3.0.0-60965b006877ca7234adaced7890d7b029ed1306
Check Table Before Drop: false
```

## SIG slack channel

 [#sig-exec](https://slack.tidb.io/invite?team=tidb-community&channel=sig-exec&ref=high-performance)

## Score

300

## Mentor

- @lzmhhh123
