ID: 13661
Title: parser: more `()` in exists subqueries induces errors
Description:
## Bug Report

Please answer these questions before submitting your issue. Thanks!

1. What did you do?
randgen generates an exists subquery like exists ((select ...)), which is not supported in TiDB.

2. What did you expect to see?
```
mysql> select * from table10_int_autoinc where exists(select 1) limit 1;
+---------+----------------------+-------------+------------------+----+----------------------+-------------+-----------------+--------------------------+
| col_int | col_varchar_not_null | col_int_key | col_int_not_null | pk | col_int_not_null_key | col_varchar | col_varchar_key | col_varchar_not_null_key |
+---------+----------------------+-------------+------------------+----+----------------------+-------------+-----------------+--------------------------+
|    NULL | y                    |  -956825600 |       2076311552 |  1 |           1141047296 | t           | h               | w                        |
+---------+----------------------+-------------+------------------+----+----------------------+-------------+-----------------+--------------------------+
1 row in set (0.00 sec)

mysql> select * from table10_int_autoinc where exists((select 1)) limit 1;
+---------+----------------------+-------------+------------------+----+----------------------+-------------+-----------------+--------------------------+
| col_int | col_varchar_not_null | col_int_key | col_int_not_null | pk | col_int_not_null_key | col_varchar | col_varchar_key | col_varchar_not_null_key |
+---------+----------------------+-------------+------------------+----+----------------------+-------------+-----------------+--------------------------+
|    NULL | y                    |  -956825600 |       2076311552 |  1 |           1141047296 | t           | h               | w                        |
+---------+----------------------+-------------+------------------+----+----------------------+-------------+-----------------+--------------------------+
1 row in set (0.00 sec)
```

3. What did you see instead?
```
mysql> select * from table10_int_autoinc where exists(select 1) limit 1;
+---------+----------------------+-------------+------------------+----+----------------------+-------------+-----------------+--------------------------+
| col_int | col_varchar_not_null | col_int_key | col_int_not_null | pk | col_int_not_null_key | col_varchar | col_varchar_key | col_varchar_not_null_key |
+---------+----------------------+-------------+------------------+----+----------------------+-------------+-----------------+--------------------------+
|    NULL | y                    |  -956825600 |       2076311552 |  1 |           1141047296 | t           | h               | w                        |
+---------+----------------------+-------------+------------------+----+----------------------+-------------+-----------------+--------------------------+
1 row in set (0.00 sec)

mysql> select * from table10_int_autoinc where exists((select 1)) limit 1;
ERROR 1064 (42000): You have an error in your SQL syntax; check the manual that corresponds to your TiDB version for the right syntax to use line 1 column 58 near ") limit 1" 
```


4. What version of TiDB are you using (`tidb-server -V` or run `select tidb_version();` on TiDB)?
```
+-----------------------------------------+
| version()                               |
+-----------------------------------------+
| 5.7.25-TiDB-v4.0.0-alpha-675-gfda87a13e |
+-----------------------------------------+
1 row in set (0.00 sec)
```
