ID: 13801
Title: join on int equal string get the wrong result
Description:
## Bug Report

Please answer these questions before submitting your issue. Thanks!

1. What did you do?
If possible, provide a recipe for reproducing the error.
```sql
tidb(localhost:4000) > create table table_int(a bigint(20));
Query OK, 0 rows affected (0.01 sec)

tidb(localhost:4000) > create table table_string(a varchar(20));
Query OK, 0 rows affected (0.01 sec)

tidb(localhost:4000) > insert into table_int values (1111111111111111111),(1111111111111111112),(1111111111111111113),(1111111111111111114);
Query OK, 4 rows affected (0.01 sec)
Records: 4  Duplicates: 0  Warnings: 0

tidb(localhost:4000) > insert into table_string values (1111111111111111111);
Query OK, 1 row affected (0.00 sec)

tidb(localhost:4000) > select * from table_string;
+---------------------+
| a                   |
+---------------------+
| 1111111111111111111 |
+---------------------+
1 row in set (0.00 sec)

tidb(localhost:4000) > select * from table_int;
+---------------------+
| a                   |
+---------------------+
| 1111111111111111111 |
| 1111111111111111112 |
| 1111111111111111113 |
| 1111111111111111114 |
+---------------------+
4 rows in set (0.00 sec)

tidb(localhost:4000) > select * from table_int t1 join table_string t2 on t1.a = t2.a;
+---------------------+---------------------+
| a                   | a                   |
+---------------------+---------------------+
| 1111111111111111111 | 1111111111111111111 |
| 1111111111111111112 | 1111111111111111111 |
| 1111111111111111113 | 1111111111111111111 |
| 1111111111111111114 | 1111111111111111111 |
+---------------------+---------------------+
4 rows in set (0.00 sec)
```

2. What did you expect to see?
```sql
tidb(localhost:4000) > select * from table_int t1 join table_string t2 on t1.a = t2.a;
+---------------------+---------------------+
| a                   | a                   |
+---------------------+---------------------+
| 1111111111111111111 | 1111111111111111111 |
+---------------------+---------------------+
4 rows in set (0.00 sec)
```


3. What did you see instead?
```sql
tidb(localhost:4000) > select * from table_int t1 join table_string t2 on t1.a = t2.a;
+---------------------+---------------------+
| a                   | a                   |
+---------------------+---------------------+
| 1111111111111111111 | 1111111111111111111 |
| 1111111111111111112 | 1111111111111111111 |
| 1111111111111111113 | 1111111111111111111 |
| 1111111111111111114 | 1111111111111111111 |
+---------------------+---------------------+
4 rows in set (0.00 sec)
```


4. What version of TiDB are you using (`tidb-server -V` or run `select tidb_version();` on TiDB)?
```sql
tidb(localhost:4000) > select tidb_version();
+-----------------------------------------------------------------------------------------------------------------------------------------------------------------------------------------------------------------------------------------------------------------------------------------------------+
| tidb_version()                                                                                                                                                                                                                                                                                      |
+-----------------------------------------------------------------------------------------------------------------------------------------------------------------------------------------------------------------------------------------------------------------------------------------------------+
| Release Version: v4.0.0-alpha-1026-g18fbe2d48
Git Commit Hash: 18fbe2d483dbbf8bdea4735e579d7914ebc8ac42
Git Branch: HEAD
UTC Build Time: 2019-11-28 08:58:14
GoVersion: go1.13
Race Enabled: false
TiKV Min Version: v3.0.0-60965b006877ca7234adaced7890d7b029ed1306
Check Table Before Drop: false |
+-----------------------------------------------------------------------------------------------------------------------------------------------------------------------------------------------------------------------------------------------------------------------------------------------------+
1 row in set (0.00 sec)
```
