ID: 13822
Title: compatibility: results of `ADDDATE/SUBDATE` different from MySQL
Description:
## Bug Report

1. What did you do?
When the interval is negative number string like '-123', the result is different from MySQL:

MySQL:
```bash
mysql> select ADDDATE(20111111, interval '-123' DAY);
+----------------------------------------+
| ADDDATE(20111111, interval '-123' DAY) |
+----------------------------------------+
| 2011-07-11                             |
+----------------------------------------+
1 row in set (0.00 sec)
```
TIDB:
```bash
mysql> select ADDDATE(20111111, interval '-123' DAY);
+----------------------------------------+
| ADDDATE(20111111, interval '-123' DAY) |
+----------------------------------------+
| 2012-03-13                             |
+----------------------------------------+
1 row in set (0.00 sec)
```

2. What did you expect to see?
same result


3. What did you see instead?
cast string to real or decimal.


4. What version of TiDB are you using (`tidb-server -V` or run `select tidb_version();` on TiDB)?
>Release Version: v4.0.0-alpha-1035-g5855e7559-dirty
Git Commit Hash: 5855e75593219da637e115772deded2b217f0b06
Git Branch: vectorized-AddData
UTC Build Time: 2019-11-29 10:11:00
GoVersion: go1.13.4
Race Enabled: false
TiKV Min Version: v3.0.0-60965b006877ca7234adaced7890d7b029ed1306
Check Table Before Drop: false
