ID: 13933
Title: Outer hash join may lead incorrect result
Description:
## Bug Report

Please answer these questions before submitting your issue. Thanks!

1. What did you do?
If possible, provide a recipe for reproducing the error.

```mysql
DROP TABLE IF EXISTS `table10_int_autoinc`;
CREATE TABLE `table10_int_autoinc` (
  `col_binary` binary(1) DEFAULT NULL,
  `col_char` char(1) DEFAULT NULL,
  `col_mediumint_unsigned_not_null` mediumint(8) unsigned NOT NULL,
  `col_text_not_null` text NOT NULL,
  `col_decimal_unsigned_not_null` decimal(10,0) unsigned NOT NULL,
  `col_integer_not_null` int(11) NOT NULL,
  `col_binary_not_null` binary(1) NOT NULL,
  `col_tinyint_not_null` tinyint(4) NOT NULL,
  `col_smallint` smallint(6) DEFAULT NULL,
  `col_boolean_not_null` tinyint(1) NOT NULL,
  `col_text` text DEFAULT NULL,
  `col_tinytext_not_null` tinytext NOT NULL,
  `col_float_not_null` float NOT NULL,
  `col_boolean` tinyint(1) DEFAULT NULL,
  `col_int_not_null` int(11) NOT NULL,
  `pk` int(11) NOT NULL AUTO_INCREMENT,
  `col_double_not_null` double NOT NULL,
  `col_bigint_unsigned` bigint(20) unsigned DEFAULT NULL,
  `col_int_unsigned_not_null` int(10) unsigned NOT NULL,
  `col_double` double DEFAULT NULL,
  `col_varbinary_3` varbinary(3) DEFAULT NULL,
  `col_mediumtext` mediumtext DEFAULT NULL,
  `col_longtext` longtext DEFAULT NULL,
  `col_decimal` decimal(10,0) DEFAULT NULL,
  `col_integer` int(11) DEFAULT NULL,
  `col_integer_unsigned` int(10) unsigned DEFAULT NULL,
  `col_smallint_unsigned` smallint(5) unsigned DEFAULT NULL,
  `col_varchar_3_not_null` varchar(3) NOT NULL,
  `col_longtext_not_null` longtext NOT NULL,
  `col_float_unsigned_not_null` float unsigned NOT NULL,
  `col_tinyint_unsigned_not_null` tinyint(3) unsigned NOT NULL,
  `col_tinytext` tinytext DEFAULT NULL,
  `col_tinyint` tinyint(4) DEFAULT NULL,
  `col_tinyint_unsigned` tinyint(3) unsigned DEFAULT NULL,
  `col_mediumint_unsigned` mediumint(8) unsigned DEFAULT NULL,
  `col_mediumtext_not_null` mediumtext NOT NULL,
  `col_decimal_not_null` decimal(10,0) NOT NULL,
  `col_int_unsigned` int(10) unsigned DEFAULT NULL,
  `col_bigint_not_null` bigint(20) NOT NULL,
  `col_double_unsigned` double unsigned DEFAULT NULL,
  `col_smallint_unsigned_not_null` smallint(5) unsigned NOT NULL,
  `col_float` float DEFAULT NULL,
  `col_varbinary_3_not_null` varbinary(3) NOT NULL,
  `col_mediumint` mediumint(9) DEFAULT NULL,
  `col_integer_unsigned_not_null` int(10) unsigned NOT NULL,
  `col_float_unsigned` float unsigned DEFAULT NULL,
  `col_bigint_unsigned_not_null` bigint(20) unsigned NOT NULL,
  `col_smallint_not_null` smallint(6) NOT NULL,
  `col_varchar_3` varchar(3) DEFAULT NULL,
  `col_int` int(11) DEFAULT NULL,
  `col_double_unsigned_not_null` double unsigned NOT NULL,
  `col_mediumint_not_null` mediumint(9) NOT NULL,
  `col_decimal_unsigned` decimal(10,0) unsigned DEFAULT NULL,
  `col_char_not_null` char(1) NOT NULL,
  `col_bigint` bigint(20) DEFAULT NULL,
  PRIMARY KEY (`pk`)
) ENGINE=InnoDB DEFAULT CHARSET=latin1 COLLATE=latin1_bin AUTO_INCREMENT=30011;

INSERT INTO `table10_int_autoinc` VALUES (NULL,NULL,4,'',9,5,_binary '\0',9,3,8,NULL,'',1,8,9,1,1,0,6,0,NULL,NULL,NULL,3,6,4,2,'q','',1,9,NULL,7,3,6,'',3,1,2,0,6,5,'',NULL,5,7,0,3,NULL,NULL,4,8,NULL,'v',1),(NULL,'o',4,'',3,7,_binary '\0',2,8,2,NULL,'',4,8,2,2,7,1,6,NULL,NULL,NULL,NULL,4,NULL,2,2,'c','',9,7,NULL,NULL,8,NULL,'',3,9,1,5,8,6,'',2,9,0,6,4,'v',NULL,6,2,NULL,'k',8),(NULL,'n',2,'',0,8,_binary '\0',9,NULL,8,NULL,'',4,6,7,3,8,8,9,NULL,NULL,NULL,NULL,NULL,6,6,NULL,'u','',3,8,NULL,0,5,8,'',8,9,3,NULL,4,NULL,'',0,6,NULL,2,6,'l',3,9,0,0,'z',3),(NULL,'w',9,'',7,0,_binary '\0',1,1,5,NULL,'',5,6,7,4,0,1,3,9,NULL,NULL,NULL,0,5,4,1,'f','',5,8,NULL,8,2,5,'',8,7,6,8,7,0,'',7,5,7,4,1,'m',NULL,6,4,5,'s',7),(NULL,'k',7,'',4,3,_binary '\0',4,5,4,NULL,'',6,8,1,5,5,9,8,1,NULL,NULL,NULL,9,4,NULL,NULL,'f','',2,0,NULL,7,0,4,'',0,NULL,3,NULL,1,6,'',7,5,1,9,1,'z',NULL,9,8,NULL,'l',7),(NULL,'j',2,'',3,4,_binary '\0',4,0,4,NULL,'',9,7,5,6,5,2,9,7,NULL,NULL,NULL,NULL,1,9,6,'a','',2,1,NULL,1,6,3,'',1,1,0,4,2,7,'',8,2,4,1,7,'d',4,4,2,7,'f',5),(NULL,'b',4,'',0,5,_binary '\0',2,2,1,NULL,'',5,1,8,7,2,4,5,9,NULL,NULL,NULL,NULL,9,6,1,'w','',6,4,NULL,0,NULL,NULL,'',4,NULL,5,1,6,4,'',5,2,2,3,0,'k',7,9,4,2,'w',0),(NULL,'x',2,'',8,4,_binary '\0',4,6,1,NULL,'',1,NULL,3,8,1,0,7,0,NULL,NULL,NULL,4,0,0,0,'m','',3,2,NULL,1,4,9,'',3,4,7,NULL,0,2,'',8,0,5,5,8,'d',8,2,3,8,'g',8),(NULL,'d',5,'',3,3,_binary '\0',3,9,1,NULL,'',7,9,3,9,4,4,7,0,NULL,NULL,NULL,5,6,NULL,9,'k','',0,6,NULL,3,4,8,'',1,2,9,1,8,5,'',1,5,6,4,1,NULL,4,6,9,5,'q',0),(NULL,'o',8,'',2,9,_binary '\0',0,NULL,7,NULL,'',0,NULL,6,10,8,4,1,4,NULL,NULL,NULL,0,6,0,1,'v','',9,5,NULL,2,0,6,'',0,0,3,NULL,7,NULL,'',6,1,0,9,5,NULL,3,4,2,4,'g',8);
```

```mysql
DROP TABLE IF EXISTS `table2_int_autoinc`;
CREATE TABLE `table2_int_autoinc` (
  `col_longtext_not_null` longtext NOT NULL,
  `col_mediumint_not_null` mediumint(9) NOT NULL,
  `col_int_unsigned` int(10) unsigned DEFAULT NULL,
  `col_bigint_unsigned` bigint(20) unsigned DEFAULT NULL,
  `col_double_not_null` double NOT NULL,
  `col_decimal` decimal(10,0) DEFAULT NULL,
  `col_decimal_not_null` decimal(10,0) NOT NULL,
  `col_binary_not_null` binary(1) NOT NULL,
  `col_bigint_unsigned_not_null` bigint(20) unsigned NOT NULL,
  `col_bigint_not_null` bigint(20) NOT NULL,
  `col_double_unsigned` double unsigned DEFAULT NULL,
  `col_smallint_unsigned_not_null` smallint(5) unsigned NOT NULL,
  `col_integer_unsigned` int(10) unsigned DEFAULT NULL,
  `col_tinyint_not_null` tinyint(4) NOT NULL,
  `col_varbinary_3_not_null` varbinary(3) NOT NULL,
  `col_double` double DEFAULT NULL,
  `col_int_not_null` int(11) NOT NULL,
  `col_mediumint_unsigned_not_null` mediumint(8) unsigned NOT NULL,
  `col_binary` binary(1) DEFAULT NULL,
  `col_boolean_not_null` tinyint(1) NOT NULL,
  `col_mediumint` mediumint(9) DEFAULT NULL,
  `col_char` char(1) DEFAULT NULL,
  `col_integer_not_null` int(11) NOT NULL,
  `col_text_not_null` text NOT NULL,
  `col_tinyint_unsigned_not_null` tinyint(3) unsigned NOT NULL,
  `col_float_unsigned_not_null` float unsigned NOT NULL,
  `col_int` int(11) DEFAULT NULL,
  `col_double_unsigned_not_null` double unsigned NOT NULL,
  `col_boolean` tinyint(1) DEFAULT NULL,
  `pk` int(11) NOT NULL AUTO_INCREMENT,
  `col_float` float DEFAULT NULL,
  `col_tinyint` tinyint(4) DEFAULT NULL,
  `col_smallint_unsigned` smallint(5) unsigned DEFAULT NULL,
  `col_decimal_unsigned_not_null` decimal(10,0) unsigned NOT NULL,
  `col_mediumtext` mediumtext DEFAULT NULL,
  `col_integer_unsigned_not_null` int(10) unsigned NOT NULL,
  `col_varchar_3` varchar(3) DEFAULT NULL,
  `col_decimal_unsigned` decimal(10,0) unsigned DEFAULT NULL,
  `col_int_unsigned_not_null` int(10) unsigned NOT NULL,
  `col_smallint` smallint(6) DEFAULT NULL,
  `col_text` text DEFAULT NULL,
  `col_tinyint_unsigned` tinyint(3) unsigned DEFAULT NULL,
  `col_bigint` bigint(20) DEFAULT NULL,
  `col_tinytext_not_null` tinytext NOT NULL,
  `col_float_not_null` float NOT NULL,
  `col_varbinary_3` varbinary(3) DEFAULT NULL,
  `col_mediumint_unsigned` mediumint(8) unsigned DEFAULT NULL,
  `col_mediumtext_not_null` mediumtext NOT NULL,
  `col_char_not_null` char(1) NOT NULL,
  `col_float_unsigned` float unsigned DEFAULT NULL,
  `col_longtext` longtext DEFAULT NULL,
  `col_varchar_3_not_null` varchar(3) NOT NULL,
  `col_smallint_not_null` smallint(6) NOT NULL,
  `col_tinytext` tinytext DEFAULT NULL,
  `col_integer` int(11) DEFAULT NULL,
  PRIMARY KEY (`pk`)
) ENGINE=InnoDB DEFAULT CHARSET=latin1 COLLATE=latin1_bin AUTO_INCREMENT=30003;
/*!40101 SET character_set_client = @saved_cs_client */;



INSERT INTO `table2_int_autoinc` VALUES ('',3,NULL,8,4,6,1,_binary '\0',9,7,6,8,NULL,4,'',5,0,9,NULL,8,8,'a',5,'',8,5,5,5,4,1,9,7,4,6,NULL,3,'f',0,0,8,NULL,4,2,'',7,NULL,NULL,'','u',1,NULL,'u',2,NULL,3),('',4,1,NULL,7,6,1,_binary '\0',8,4,8,4,3,8,'',6,6,5,NULL,1,7,'b',5,'',1,0,2,9,0,2,1,5,NULL,9,NULL,5,NULL,5,3,NULL,NULL,2,3,'',9,NULL,NULL,'','h',2,NULL,'w',3,NULL,2);
```




2. What did you expect to see?

correct result:

```mysql
mysql> SELECT `t1`.`col_smallint_not_null`, `t2`.`col_bigint_unsigned_not_null`,   IFNULL(`t2`.`col_longtext`, `t1`.`col_double_unsigned`) AS x FROM `table10_int_autoinc` `t1` LEFT JOIN `table2_int_autoinc` `t2`  ON `t1`.`col_int` > `t2`.`col_int` order by col_smallint_not_null;
+-----------------------+------------------------------+---+
| col_smallint_not_null | col_bigint_unsigned_not_null | x |
+-----------------------+------------------------------+---+
|                     0 |                            9 | 1 |
|                     0 |                            8 | 1 |
|                     1 |                         NULL | 8 |
|                     1 |                         NULL | NULL |
|                     1 |                            8 | 1 |
|                     3 |                         NULL | 0 |
|                     4 |                         NULL | 5 |
|                     5 |                            8 | NULL |
|                     6 |                            8 | NULL |
|                     7 |                            8 | 4 |
|                     8 |                            9 | NULL |
|                     8 |                            8 | NULL |
+-----------------------+------------------------------+---+
12 rows in set (0.00 sec)
```



3. What did you see instead?

Incorrect result with hash join using outer table as hash table.
```
mysql> SELECT `t1`.`col_smallint_not_null`, `t2`.`col_bigint_unsigned_not_null`,   IFNULL(`t2`.`col_longtext`, `t1`.`col_double_unsigned`) AS x FROM `table10_int_autoinc` `t1` LEFT JOIN `table2_int_autoinc` `t2`  ON `t1`.`col_int` > `t2`.`col_int` order by col_smallint_not_null;
+-----------------------+------------------------------+---+
| col_smallint_not_null | col_bigint_unsigned_not_null | x |
+-----------------------+------------------------------+---+
|                     1 |                            8 | 0 |
|                     1 |                         NULL | 8 |
|                     1 |                            8 | 8 |
|                     1 |                         NULL | NULL |
|                     3 |                            8 | 0 |
|                     3 |                            9 | 0 |
|                     3 |                         NULL | 0 |
|                     4 |                            9 | 5 |
|                     4 |                            8 | 5 |
|                     4 |                         NULL | 5 |
|                     6 |                            8 | 0 |
|                     7 |                            8 | 4 |
+-----------------------+------------------------------+---+
12 rows in set (0.01 sec)
```


4. What version of TiDB are you using (`tidb-server -V` or run `select tidb_version();` on TiDB)?

master (ea1662a29)