ID: 13953
Title: Unexpected "value is out of range" Error
Description:
## Description
## Bug Report

Please answer these questions before submitting your issue. Thanks!

1. What did you do?
If possible, provide a recipe for reproducing the error.
```
mysql> show create table t;
+-------+---------------------------------------------------------------------------------------------------------------------------------------------------+
| Table | Create Table                                                                                                                                      |
+-------+---------------------------------------------------------------------------------------------------------------------------------------------------+
| t     | CREATE TABLE `t` (
  `id` int(11) DEFAULT NULL,
  `tp_bigint` bigint(20) DEFAULT NULL
) ENGINE=InnoDB DEFAULT CHARSET=utf8mb4 COLLATE=utf8mb4_bin |
+-------+---------------------------------------------------------------------------------------------------------------------------------------------------+
1 row in set (0.00 sec)

mysql> select * from t;
+------+---------------------+
| id   | tp_bigint           |
+------+---------------------+
|    0 |                   1 |
|    1 | 9215570218099803537 |
+------+---------------------+
2 rows in set (0.00 sec)

mysql> select A.tp_bigint,B.id from t A join t B on A.id < B.id * 16 where A.tp_bigint = B.id;
```

2. What did you expect to see?
```
mysql> select A.tp_bigint,B.id from t A join t B on A.id < B.id * 16 where A.tp_bigint = B.id;
+-----------+------+
| tp_bigint | id   |
+-----------+------+
|         1 |    1 |
+-----------+------+
1 row in set (0.00 sec)
```


3. What did you see instead?
```
mysql> select A.tp_bigint,B.id from t A join t B on A.id < B.id * 16 where A.tp_bigint = B.id;
ERROR 1690 (22003): BIGINT value is out of range in '(9215570218099803537 * 16)'
```
I believe TiDB tries to replace B.id with A.tp_bigint to optimize the query. However it is incorrect to do so for different data types.


4. What version of TiDB are you using (`tidb-server -V` or run `select tidb_version();` on TiDB)?
```
Release Version: v4.0.0-alpha-952-g2dbbf7f02
Git Commit Hash: 2dbbf7f028e68b7c2b511209a05df178a60cd6d1
Git Branch: master
UTC Build Time: 2019-11-21 07:36:01
GoVersion: go version go1.13.4 darwin/amd64
Race Enabled: false
TiKV Min Version: v3.0.0-60965b006877ca7234adaced7890d7b029ed1306
Check Table Before Drop: false
```

## SIG slack channel

 [#sig-exec](https://slack.tidb.io/invite?team=tidb-community&channel=sig-exec&ref=high-performance)

## Score

300

## Mentor

- @lzmhhh123
