ID: 13961
Title: Wrong behavior when `max(ENUM column)` in Aggregation
Description:
## Bug Report

Please answer these questions before submitting your issue. Thanks!

1. What did you do?
If possible, provide a recipe for reproducing the error.
```
mysql> create table t3(id int, en enum('b', 'a'));
Query OK, 0 rows affected (0.01 sec)

mysql> insert into t3 values (1, 'a'), (1, 'b');
Query OK, 2 rows affected (0.00 sec)
Records: 2  Duplicates: 0  Warnings: 0

mysql> select max(en) from t3 group by id;
+---------+
| max(en) |
+---------+
| b       |
+---------+
1 row in set (0.00 sec)

mysql> select max(en) from t3;
+---------+
| max(en) |
+---------+
| a       |
+---------+
1 row in set (0.00 sec)
```

2. What did you expect to see?
```select max(en) from t3 group by id``` should return `a`, according to [mysql manual](https://dev.mysql.com/doc/refman/8.0/en/enum.html):

> Enumeration Sorting
> ENUM values are sorted based on their index numbers, which depend on the order in which the enumeration members were listed in the column specification. For example, 'b' sorts before 'a' for ENUM('b', 'a'). The empty string sorts before nonempty strings, and NULL values sort before all other enumeration values.


3. What did you see instead?
```
mysql> select max(en) from t3 group by id;
+---------+
| max(en) |
+---------+
| b       |
+---------+
1 row in set (0.00 sec)
```


4. What version of TiDB are you using (`tidb-server -V` or run `select tidb_version();` on TiDB)?

current master [91b9071](https://github.com/pingcap/tidb/commit/a1b90715ee60c0ba0bf3b005b3475e1f931bcfe2)

```
mysql> select tidb_version();
+-------------------------------------------------------------------------------------------------------------------------------------------------------------------------------------------------------------------------------------------------------------------------------------------------------+
| tidb_version()                                                                                                                                                                                                                                                                                        |
+-------------------------------------------------------------------------------------------------------------------------------------------------------------------------------------------------------------------------------------------------------------------------------------------------------+
| Release Version: v4.0.0-alpha-1114-ga1b90715e
Git Commit Hash: a1b90715ee60c0ba0bf3b005b3475e1f931bcfe2
Git Branch: master
UTC Build Time: 2019-12-07 03:57:47
GoVersion: go1.13
Race Enabled: false
TiKV Min Version: v3.0.0-60965b006877ca7234adaced7890d7b029ed1306
Check Table Before Drop: false |
+-------------------------------------------------------------------------------------------------------------------------------------------------------------------------------------------------------------------------------------------------------------------------------------------------------+
1 row in set (0.01 sec)

mysql> 
```