ID: 14266
Title: The result of `select round(1e308, 1)` is wrong
Description:
## Description
## Bug Report

Please answer these questions before submitting your issue. Thanks!

1. What did you do?
If possible, provide a recipe for reproducing the error.


2. What did you expect to see?
```
mysql> select round(1e308, 1);
+-------------------------------------------------------------------------------------------------------------------------------------------------------------------------------------------------------------------------------------------------------------------------------------------------------------------------+
| round(1e308, 1)                                                                                                                                                                                                                                                                                                         |
+-------------------------------------------------------------------------------------------------------------------------------------------------------------------------------------------------------------------------------------------------------------------------------------------------------------------------+
| 100000000000000000000000000000000000000000000000000000000000000000000000000000000000000000000000000000000000000000000000000000000000000000000000000000000000000000000000000000000000000000000000000000000000000000000000000000000000000000000000000000000000000000000000000000000000000000000000000000000000000000000.0 |
+-------------------------------------------------------------------------------------------------------------------------------------------------------------------------------------------------------------------------------------------------------------------------------------------------------------------------+
1 row in set (0.00 sec)
```



3. What did you see instead?
```
mysql> select round(1e308, 1);
+-------------------------------------------------------------------------------------------------------------------------------------------------------------------------------------------------------------------------------------------------------------------------------------------------------------------------+
| round(1e308, 1)                                                                                                                                                                                                                                                                                                         |
+-------------------------------------------------------------------------------------------------------------------------------------------------------------------------------------------------------------------------------------------------------------------------------------------------------------------------+
| 100000000000000001097906362944045541740492309677311846336810682903157585404911491537163328978494688899061249669721172515611590283743140088328307009198146046031271664502933027185697489699588559043338384466165001178426897626212945177628091195786707458122783970171784415105291802893207873272974885715430223118336.0 |
+-------------------------------------------------------------------------------------------------------------------------------------------------------------------------------------------------------------------------------------------------------------------------------------------------------------------------+
1 row in set (0.00 sec)
```


4. What version of TiDB are you using (`tidb-server -V` or run `select tidb_version();` on TiDB)?
master




## SIG slack channel
[#sig-exec](https://tidbcommunity.slack.com/archives/CMRD79DRR)

## Score
- 300

## Mentor
 * @SunRunAway
