ID: 14935
Title: the decimal part of FROM_UNIXTIME is different from MySQL
Description:
## Bug Report

Please answer these questions before submitting your issue. Thanks!

1. What did you do?
If possible, provide a recipe for reproducing the error.
```mysql
select from_unixtime(14516064000/10);
select from_unixtime('14516064000'/10);
select from_unixtime(cast(1451606400 as double));
```

2. What did you expect to see?

```mysql
mysql> select from_unixtime(14516064000/10);
+-------------------------------+
| from_unixtime(14516064000/10) |
+-------------------------------+
| 2016-01-01 08:00:00.0000      |
+-------------------------------+
1 row in set (0.00 sec)

mysql> select from_unixtime('14516064000'/10);
+---------------------------------+
| from_unixtime('14516064000'/10) |
+---------------------------------+
| 2016-01-01 08:00:00.000000      |
+---------------------------------+
1 row in set (0.00 sec)

mysql> select from_unixtime(cast(1451606400 as double));
+-------------------------------------------+
| from_unixtime(cast(1451606400 as double)) |
+-------------------------------------------+
| 2016-01-01 08:00:00.000000                |
+-------------------------------------------+
1 row in set (0.00 sec)

```

3. What did you see instead?


```mysql
mysql> select from_unixtime(14516064000/10);
+-------------------------------+
| from_unixtime(14516064000/10) |
+-------------------------------+
| 2016-01-01 08:00:00.000000    |
+-------------------------------+
1 row in set (0.00 sec)

mysql> select from_unixtime('14516064000'/10);
+---------------------------------+
| from_unixtime('14516064000'/10) |
+---------------------------------+
| 2016-01-01 08:00:00             |
+---------------------------------+
1 row in set (0.00 sec)

mysql> select from_unixtime(cast(1451606400 as double));
+-------------------------------------------+
| from_unixtime(cast(1451606400 as double)) |
+-------------------------------------------+
| 2016-01-01 08:00:00                       |
+-------------------------------------------+
1 row in set (0.00 sec)


```

4. What version of TiDB are you using (`tidb-server -V` or run `select tidb_version();` on TiDB)?

98f342036 @ Mon Feb 24 16:28:07 2020 +0800