ID: 15185
Title: different results of function TIMESTAMP with float/decimal argument
Description:
## Description
## Bug Report

Please answer these questions before submitting your issue. Thanks!

1. What did you do?
<!--If possible, provide a recipe for reproducing the error.-->

```mysql
SELECT TIMESTAMP(11111.1111);
SELECT TIMESTAMP(cast(11111.1111 as DECIMAL(60, 5)));
```

2. What did you expect to see?

```
mysql> SELECT TIMESTAMP(11111.1111);
+--------------------------+
| TIMESTAMP(11111.1111)    |
+--------------------------+
| 2001-11-11 00:00:00.0000 |
+--------------------------+
1 row in set (0.00 sec)

mysql> SELECT TIMESTAMP(cast(11111.1111 as DECIMAL(60, 5)));
+-----------------------------------------------+
| TIMESTAMP(cast(11111.1111 as DECIMAL(60, 5))) |
+-----------------------------------------------+
| 2001-11-11 00:00:00.00000                     |
+-----------------------------------------------+
1 row in set (0.00 sec)
```

3. What did you see instead?

```
mysql> SELECT TIMESTAMP(11111.1111);
+--------------------------+
| TIMESTAMP(11111.1111)    |
+--------------------------+
| 2011-11-01 11:11:00.0000 |
+--------------------------+
1 row in set (0.00 sec)

mysql> SELECT TIMESTAMP(cast(11111.1111 as DECIMAL(60, 5)));
+-----------------------------------------------+
| TIMESTAMP(cast(11111.1111 as DECIMAL(60, 5))) |
+-----------------------------------------------+
| 2011-11-01 11:11:00.00000                     |
+-----------------------------------------------+
1 row in set (0.00 sec)
```

4. What version of TiDB are you using (`tidb-server -V` or run `select tidb_version();` on TiDB)?





## SIG slack channel
[#sig-exec](https://tidbcommunity.slack.com/archives/CMRD79DRR)

## Score
- 300

## Mentor
 * @SunRunAway 
