ID: 15664
Title: different behavior of reading/writing invalid dates without option `NO_ZERO_IN_DATE`
Description:
## Bug Report

Please answer these questions before submitting your issue. Thanks!

### 1. What did you do?

```sql
SET @@sql_mode='STRICT_TRANS_TABLES';
CREATE TABLE t (a INT PRIMARY KEY, b DATETIME, d DATE);
INSERT INTO t VALUES (1, '2019-01-00 18:00:00', '2018-00-10');
```

### 2. What did you expect to see?

MySQL 5.7

```sql
mysql> select version();
+------------+
| version()  |
+------------+
| 5.7.22-log |
+------------+
1 row in set (0.01 sec)

mysql> SET @@sql_mode='STRICT_TRANS_TABLES';
Query OK, 0 rows affected, 2 warnings (0.00 sec)

mysql> SELECT @@sql_mode;
+---------------------+
| @@sql_mode          |
+---------------------+
| STRICT_TRANS_TABLES |
+---------------------+
1 row in set (0.00 sec)

mysql> CREATE TABLE t (a INT PRIMARY KEY, b DATETIME, d DATE);
Query OK, 0 rows affected (0.08 sec)

mysql> INSERT INTO t VALUES (1, '2019-01-00 18:00:00', '2018-00-10');
Query OK, 1 row affected (0.02 sec)

mysql> SELECT * FROM t;
+---+---------------------+------------+
| a | b                   | d          |
+---+---------------------+------------+
| 1 | 2019-01-00 18:00:00 | 2018-00-10 |
+---+---------------------+------------+
1 row in set (0.00 sec)
```

### 3. What did you see instead?

v4.0.0-beta.2 + mockTiKV

```sql
mysql> select tidb_version();
+----------------------------------------------------------------------------------------------------------------------------------------------------------------------------------------------------------------------------------------------------------------------------------------+
| tidb_version()                                                                                                                                                                                                                                                                         |
+----------------------------------------------------------------------------------------------------------------------------------------------------------------------------------------------------------------------------------------------------------------------------------------+
| Release Version: v4.0.0-beta.2
Git Commit Hash: 5268094afe05c7efef0d91d2deeec428cc85abe6
Git Branch: HEAD
UTC Build Time: 2020-03-25 06:17:05
GoVersion: go1.13.4
Race Enabled: false
TiKV Min Version: v3.0.0-60965b006877ca7234adaced7890d7b029ed1306
Check Table Before Drop: false |
+----------------------------------------------------------------------------------------------------------------------------------------------------------------------------------------------------------------------------------------------------------------------------------------+
1 row in set (0.00 sec)

mysql> SET @@sql_mode='STRICT_TRANS_TABLES';
Query OK, 0 rows affected (0.00 sec)

mysql> SELECT @@sql_mode;
+---------------------+
| @@sql_mode          |
+---------------------+
| STRICT_TRANS_TABLES |
+---------------------+
1 row in set (0.00 sec)

mysql> CREATE TABLE t (a INT PRIMARY KEY, b DATETIME, d DATE);
Query OK, 0 rows affected (0.00 sec)

mysql> INSERT INTO t VALUES (1, '2019-01-00 18:00:00', '2018-00-10');
ERROR 1525 (HY000): Incorrect datetime value: '2019-01-00'

mysql> SELECT * FROM t;
Empty set (0.01 sec)
```

### 4. What version of TiDB are you using? (`tidb-server -V` or run `select tidb_version();` on TiDB)

```
v4.0.0-beta.2
```


another issue about `NO_ZERO_IN_DATE`: https://github.com/pingcap/tidb/issues/12571.