ID: 15718
Title: executor: some unexpected behaviors of TopN
Description:
## Bug Report

### 1. What did you do?

Some logical operations in TopN executor are not working well.

- Data: https://github.com/tikv/copr-test/blob/master/push-down-test/prepare/0_data.sql
- standalone TiDB (wtih mocktikv)

1. Order by first column with `1` column. 
```sql
mysql root@127.0.0.1:test> SELECT `col_decimal` AND `col_varchar_1` AS field1, `col_decimal`, `col_varchar_1`, 1 FROM `table1000_int_autoinc` ORDER BY
                            field1 LIMIT 10;                                                                                                          
+--------+-------------+---------------+---+
| field1 | col_decimal | col_varchar_1 | 1 |
+--------+-------------+---------------+---+
| 0      | 53131       | 0             | 1 |
| <null> | 7           | <null>        | 1 |
| 0      | 54712       | r             | 1 |
| <null> | <null>      | 2             | 1 |
| 0      | 0           | 2             | 1 |
| 0      | <null>      | w             | 1 |
| 0      | 704905216   | j             | 1 |
| 0      | 0           | o             | 1 |
| 0      | 1514078208  | g             | 1 |
| 0      | 7           | g             | 1 |
+--------+-------------+---------------+---+
10 rows in set
Time: 0.066s
```
2. Order by first column w/o `1` column.
```sql
mysql root@127.0.0.1:test> SELECT `col_decimal` AND `col_varchar_1` AS field1, `col_decimal`, `col_varchar_1` FROM `table1000_int_autoinc` ORDER BY fi
                           eld1 LIMIT 10;                                                                                                             
+--------+-------------+---------------+
| field1 | col_decimal | col_varchar_1 |
+--------+-------------+---------------+
| 0      | 7           | <null>        |
| 0      | 54712       | r             |
| 0      | <null>      | 2             |
| 0      | 0           | 2             |
| 0      | <null>      | w             |
| 0      | 704905216   | j             |
| 0      | 0           | o             |
| 0      | 1514078208  | g             |
| 0      | 7           | g             |
| 0      | 53131       | 0             |
+--------+-------------+---------------+
```

### 2. What did you expect to see?

What MySQL does:

1. 
```sql
mysql root@127.0.0.1:test> SELECT `col_decimal` AND `col_varchar_1` AS field1, `col_decimal`, `col_varchar_1`, 1 FROM `table1000_int_autoinc` ORDER BY
                            field1 LIMIT 10;                                                                                                          
+--------+-------------+---------------+---+
| field1 | col_decimal | col_varchar_1 | 1 |
+--------+-------------+---------------+---+
| <null> | <null>      | 2             | 1 |
| <null> | -589168640  | <null>        | 1 |
| <null> | <null>      | 2             | 1 |
| <null> | <null>      | 2             | 1 |
| <null> | 7           | <null>        | 1 |
| <null> | <null>      | 1             | 1 |
| <null> | 1616052224  | <null>        | 1 |
| <null> | <null>      | <null>        | 1 |
| <null> | <null>      | 5             | 1 |
| <null> | 7           | <null>        | 1 |
+--------+-------------+---------------+---+
10 rows in set
Time: 0.023s
```

2.
```sql
mysql root@127.0.0.1:test> SELECT `col_decimal` AND `col_varchar_1` AS field1, `col_decimal`, `col_varchar_1` FROM `table1000_int_autoinc` ORDER BY fi
                           eld1 LIMIT 10;                                                                                                             
+--------+-------------+---------------+
| field1 | col_decimal | col_varchar_1 |
+--------+-------------+---------------+
| <null> | <null>      | 2             |
| <null> | -589168640  | <null>        |
| <null> | <null>      | 2             |
| <null> | <null>      | 2             |
| <null> | 7           | <null>        |
| <null> | <null>      | 1             |
| <null> | 1616052224  | <null>        |
| <null> | <null>      | <null>        |
| <null> | <null>      | 5             |
| <null> | 7           | <null>        |
+--------+-------------+---------------+
10 rows in set
Time: 0.024s
```



### 3. What version of TiDB are you using? (`tidb-server -V` or run `select tidb_version();` on TiDB)
```sql
mysql root@127.0.0.1:test> select tidb_version();                                                                                                     
+-------------------------------------------------------------------+
| tidb_version()                                                    |
+-------------------------------------------------------------------+
| Release Version: v4.0.0-beta.2-89-g5cf0c3e2d                      |
| Git Commit Hash: 5cf0c3e2d4b12610b3be092a4e785488875b90bb         |
| Git Branch: master                                                |
| UTC Build Time: 2020-03-26 06:56:55                               |
| GoVersion: go1.13.8                                               |
| Race Enabled: false                                               |
| TiKV Min Version: v3.0.0-60965b006877ca7234adaced7890d7b029ed1306 |
| Check Table Before Drop: false                                    |
+-------------------------------------------------------------------+
1 row in set
Time: 0.018s
```