ID: 15986
Title: Incorrect result for a predicate that uses the CHAR() function
Description:
Consider the following statements:

```sql
CREATE TABLE t0(c0 INT);
INSERT INTO t0(c0) VALUES (0);
SELECT t0.c0 FROM t0 WHERE CHAR(204355900); -- expected: {0}, actual: {}
```
Unexpectedly, the query does not fetch any rows. When negating the predicate, the query works as expected and does also not fetch any rows:

```sql
SELECT t0.c0 FROM t0 WHERE NOT CHAR(204355900); -- {}
```
Interestingly, the first query results in the following warning:

```sql
mysql> show warnings;
+---------+------+------------------------------------------+
| Level   | Code | Message                                  |
+---------+------+------------------------------------------+
| Warning | 1292 | Truncated incorrect INTEGER value: '.9<' |
+---------+------+------------------------------------------+
1 row in set (0.00 sec)
```
Environment:
```
mysql> SELECT tidb_version();
+---------------------------------------------------------------------------------------------------------------------------------------------------------------------------------------------------------------------------------------------------------------------------------------------------------+
| tidb_version()                                                                                                                                                                                                                                                                                          |
+---------------------------------------------------------------------------------------------------------------------------------------------------------------------------------------------------------------------------------------------------------------------------------------------------------+
| Release Version: v4.0.0-beta.2-160-g82529c886
Git Commit Hash: 82529c886cb1cfff7810476a136acf81284bac6e
Git Branch: master
UTC Build Time: 2020-04-01 11:44:27
GoVersion: go1.13.4
Race Enabled: false
TiKV Min Version: v3.0.0-60965b006877ca7234adaced7890d7b029ed1306
Check Table Before Drop: false |
+---------------------------------------------------------------------------------------------------------------------------------------------------------------------------------------------------------------------------------------------------------------------------------------------------------+
1 row in set (0.00 sec)

```
MySQL 8.0.19 produces the expected result for this query.