ID: 16039
Title: data type float needs a limitation
Description:
## Description
need to add a limitation for float, just as MySQL does:

TiDB v3.0.12:
```
mysql> insert into t1 values(99999999999999999999999999999999999999);
Query OK, 1 row affected (0.04 sec)

mysql> insert into t1 values(999999999999999999999999999999999999999);
Query OK, 1 row affected (0.01 sec)

mysql> insert into t1 values(999999999999999999999999999999999999999999999999999999999999999999999999999999999);
Query OK, 1 row affected (0.01 sec)

mysql> insert into t1 values(9999999999999999999999999999999999999999999999999999999999999999999999999999999999);
ERROR 1064 (42000): You have an error in your SQL syntax; check the manual that corresponds to your TiDB version for the right syntax to use line 1 column 104 near "9999999999999999999999999999999999999999999999999999999999999999999999999999999999)"decimal literal: [types:1690]%s value is out of range in '%s' 
mysql> select * from t1;
+------+
| a    |
+------+
| 1e38 |
| +Inf |
| +Inf |
+------+
3 rows in set (0.00 sec)

mysql> desc t1;
+-------+-------+------+------+---------+-------+
| Field | Type  | Null | Key  | Default | Extra |
+-------+-------+------+------+---------+-------+
| a     | float | YES  |      | NULL    |       |
+-------+-------+------+------+---------+-------+
1 row in set (0.00 sec)
```

MySQL 5.7.28:
```
mysql> select version();
+-----------+
| version() |
+-----------+
| 5.7.28    |
+-----------+
1 row in set (0.01 sec)

mysql> select tidb_version();
ERROR 1305 (42000): FUNCTION gin.tidb_version does not exist
mysql> insert into t1 values(99999999999999999999999999999999999999);
Query OK, 1 row affected (0.00 sec)

mysql> insert into t1 values(999999999999999999999999999999999999999);
ERROR 1264 (22003): Out of range value for column 'a' at row 1
mysql> select * from t1;
+------+
| a    |
+------+
| 1e38 |
+------+
1 row in set (0.00 sec)
```



## SIG slack channel
[#sig-exec](https://tidbcommunity.slack.com/archives/CMRD79DRR)

## Score
- 300

## Mentor
 * @lzmhhh123
