ID: 16290
Title: incorrect results with distinct when set tidb_opt_agg_push_down = 1
Description:
## Bug Report

Please answer these questions before submitting your issue. Thanks!

### 1. What did you do?

<!-- If possible, provide a recipe for reproducing the error. -->


```mysql
mysql> create table ta(a int);
Query OK, 0 rows affected (0.01 sec)

mysql> insert into ta values(1), (1);
Query OK, 2 rows affected (0.00 sec)
Records: 2  Duplicates: 0  Warnings: 0

mysql> create table tb(a int);
Query OK, 0 rows affected (0.01 sec)

mysql> insert into tb values(1), (1);
Query OK, 2 rows affected (0.00 sec)
Records: 2  Duplicates: 0  Warnings: 0
```

### 2. What did you expect to see?

```mysql
mysql> select count(distinct a) from (select * from ta union all select * from tb) t;
+-------------------+
| count(distinct a) |
+-------------------+
|                 1 |
+-------------------+
1 row in set (0.00 sec)
```

### 3. What did you see instead?


```mysql
mysql> set session tidb_opt_agg_push_down = 1;
Query OK, 0 rows affected (0.00 sec)

mysql> select count(distinct a) from (select * from ta union all select * from tb) t;
+-------------------+
| count(distinct a) |
+-------------------+
|                 2 |
+-------------------+
1 row in set (0.00 sec)
```

### 4. What version of TiDB are you using? (`tidb-server -V` or run `select tidb_version();` on TiDB)

master (496cb870d)