ID: 16351
Title: `case when` expression cause wrong result when meeting `setvar`
Description:
## Bug Report

Please answer these questions before submitting your issue. Thanks!

### 1. What did you do?
```sql
tidb(localhost:4000) > create table t2(a int, b varchar(20));

tidb(localhost:4000) > insert into t2 values(1,"1111"),(2,"2222"),(3,"3333"),(4,"4444"),(5,"5555"),(6,"6666"),(7,"7777"),(8,"8888"),(9,"9999"),(10,"0000");

tidb(localhost:4000) > select (@j := case when substr(t2.b,1,3)=@i then 1 else @j+1 end) from t2, (select @j := 0, @i := "0") tt limit 10;
```

### 2. What did you expect to see?
```sql
tidb(localhost:4000) > select (@j := case when substr(t2.b,1,3)=@i then 1 else @j+1 end) from t2, (select @j := 0, @i := "0") tt limit 10;
+------------------------------------------------------------+
| (@j := case when substr(t2.b,1,3)=@i then 1 else @j+1 end) |
+------------------------------------------------------------+
| 1                                                          |
| 2                                                          |
| 3                                                          |
| 4                                                          |
| 5                                                          |
| 6                                                          |
| 7                                                          |
| 8                                                          |
| 9                                                          |
| 10                                                         |
+------------------------------------------------------------+
10 rows in set (1.82 sec)
```

### 3. What did you see instead?
```sql
tidb(localhost:4000) > select (@j := case when substr(t2.b,1,3)=@i then 1 else @j+1 end) from t2, (select @j := 0, @i := "0") tt limit 10;
+------------------------------------------------------------+
| (@j := case when substr(t2.b,1,3)=@i then 1 else @j+1 end) |
+------------------------------------------------------------+
| 1                                                          |
| 2                                                          |
| 3                                                          |
| 4                                                          |
| 5                                                          |
| 6                                                          |
| 7                                                          |
| 8                                                          |
| 9                                                          |
| 1                                                          |
+------------------------------------------------------------+
10 rows in set, 1 warning (57.84 sec)

tidb(localhost:4000) > show warnings;
+---------+------+----------------------------------------+
| Level   | Code | Message                                |
+---------+------+----------------------------------------+
| Warning | 1406 | Data Too Long, field len 1, data len 2 |
+---------+------+----------------------------------------+
1 row in set (0.00 sec)
```

### 4. What version of TiDB are you using? (`tidb-server -V` or run `select tidb_version();` on TiDB)

```sql
tidb(localhost:4000) > select tidb_version();
+--------------------------------------------------------------------------------------------------------------------------------------------------------------------------------------------------------------------------+
| tidb_version()                                                                                                                                                                                                           |
+--------------------------------------------------------------------------------------------------------------------------------------------------------------------------------------------------------------------------+
| Release Version: None
Git Commit Hash: None
Git Branch: None
UTC Build Time: None
GoVersion: go1.13
Race Enabled: false
TiKV Min Version: v3.0.0-60965b006877ca7234adaced7890d7b029ed1306
Check Table Before Drop: false |
+--------------------------------------------------------------------------------------------------------------------------------------------------------------------------------------------------------------------------+
1 row in set (0.00 sec)
```