ID: 16544
Title: Compare strings returns different results with MySQL
Description:
## Bug Report

Please answer these questions before submitting your issue. Thanks!

### 1. What did you do?

execute `SELECT CONVERT("aC" USING UTF8MB4) > CONVERT("B" USING UTF8MB4);`

### 2. What did you expect to see?

In MySQL:
+----------------------------------------------------------+
| CONVERT("aC" USING UTF8MB4) > CONVERT("B" USING UTF8MB4) |
+----------------------------------------------------------+
|                                                        0 |
+----------------------------------------------------------+
1 row in set (0.01 sec)

### 3. What did you see instead?

In tidb:
+----------------------------------------------------------+
| CONVERT("aC" USING UTF8MB4) > CONVERT("B" USING UTF8MB4) |
+----------------------------------------------------------+
|                                                        1 |
+----------------------------------------------------------+
1 row in set (0.01 sec)

### 4. What version of TiDB are you using? (`tidb-server -V` or run `select tidb_version();` on TiDB)

5.7.25-TiDB-v4.0.0-rc
