ID: 16617
Title: server: set clause in load data will not take effect and tidb does not report error
Description:
## Bug Report

Please answer these questions before submitting your issue. Thanks!

### 1. What did you do?

```
CREATE TABLE `i3` (
  `c1` int(11) DEFAULT NULL,
  `c2` int(11) DEFAULT NULL
)

cat data 
1,100
2,100

mysql> LOAD DATA LOCAL INFILE '/data' INTO TABLE i3 FIELDS TERMINATED BY ',' ENCLOSED BY '' LINES TERMINATED BY '\n'(c1, @val) set c2=cast(@val as signed);
Query OK, 2 rows affected (0.00 sec)
Records: 2  Deleted: 0  Skipped: 0  Warnings: 0

mysql> select * from i3;                                                               
+------+------+
| c1   | c2   |
+------+------+
|    1 | NULL |
|    2 | NULL |
+------+------+
2 rows in set (0.00 sec)
```

<!-- If possible, provide a recipe for reproducing the error. -->

### 2. What did you expect to see?

```
mysql> select * from i3;
+------+------+
| c1   | c2   |
+------+------+
|    1 |  100 |
|    2 |  100 |
+------+------+
2 rows in set (0.00 sec)

```

### 3. What did you see instead?

```
mysql> select * from i3;                                                               
+------+------+
| c1   | c2   |
+------+------+
|    1 | NULL |
|    2 | NULL |
+------+------+
2 rows in set (0.00 sec)
```

### 4. What version of TiDB are you using? (`tidb-server -V` or run `select tidb_version();` on TiDB)
Release Version: v4.0.0-rc