ID: 16631
Title: different results with function UNHEX
Description:
## Bug Report

Please answer these questions before submitting your issue. Thanks!

### 1. What did you do?

<!-- If possible, provide a recipe for reproducing the error. -->

### 2. What did you expect to see?

W/ MySQL 8
```mysql
mysql> SELECT UNHEX('2445' ) ;
+--------------------------------+
| UNHEX('2445' )                 |
+--------------------------------+
| 0x2445                         |
+--------------------------------+
1 row in set (0.00 sec)

mysql> select version();
+-----------+
| version() |
+-----------+
| 8.0.19    |
+-----------+
1 row in set (0.00 sec)
```

### 3. What did you see instead?

W/ TiDB
```mysql
mysql> SELECT UNHEX( '2445' ) ;
+-----------------+
| UNHEX( '2445' ) |
+-----------------+
| $E              |
+-----------------+
1 row in set (0.00 sec)
```
### 4. What version of TiDB are you using? (`tidb-server -V` or run `select tidb_version();` on TiDB)

master branch(f03392748)