ID: 16716
Title: TiDB expression not correct
Description:
## Bug Report

Please answer these questions before submitting your issue. Thanks!

### 1. What did you do?

```sql
create table t(a float);
insert t values(NULL);
select * from t where (!(a and a)) is null;
```

<!-- If possible, provide a recipe for reproducing the error. -->

### 2. What did you expect to see?

In MySQL 5.7
```
mysql> create table t(a float);
Query OK, 0 rows affected (0.01 sec)

mysql> insert t values(NULL);
Query OK, 1 row affected (0.00 sec)

mysql> select * from t where (!(a and a)) is null;
+------+
| a    |
+------+
| NULL |
+------+
1 row in set (0.00 sec)

mysql> select version();
+-----------+
| version() |
+-----------+
| 5.7.28    |
+-----------+
1 row in set (0.01 sec)
```

### 3. What did you see instead?

In TiDB 4.0.0-beta.2

```
mysql> create table t(a float);
Query OK, 0 rows affected (0.09 sec)

mysql> insert t values(NULL);
Query OK, 1 row affected (0.01 sec)

mysql> select * from t where (!(a and a)) is null;
Empty set (0.00 sec)
```

### 4. What version of TiDB are you using? (`tidb-server -V` or run `select tidb_version();` on TiDB)

```
Release Version: v4.0.0-beta.2-290-ga0c740784
Git Commit Hash: a0c7407846fbc84f939afbc091f2db54f48c1bfa
Git Branch: master
UTC Build Time: 2020-04-17 04:04:45
GoVersion: go1.13
Race Enabled: false
TiKV Min Version: v3.0.0-60965b006877ca7234adaced7890d7b029ed1306
Check Table Before Drop: false
```
