ID: 16782
Title: The intercepted value will use the `rule_generate_column_substitute` incorrectly.
Description:
## Bug Report

Please answer these questions before submitting your issue. Thanks!

### 1. What did you do?

```sql
CREATE TABLE t0(c0 tinyint AS (c1) UNIQUE, c1 INT);
set sql_mode="";
INSERT INTO t0(c1) VALUES (1000);
select * from t0;
```

### 2. What did you expect to see?

```sql
+------+-------+
| c0   | c1    |
+------+-------+
|  127 |  1000 |
+------+-------+
1 row in set (0.00 sec)
```

### 3. What did you see instead?

```sql
+------+------+
| c0   | c1   |
+------+------+
|  127 |  127 |
+------+------+
1 row in set (0.00 sec)
```


### 4. What version of TiDB are you using? (`tidb-server -V` or run `select tidb_version();` on TiDB)
```sql
+----------------------------------------------------------------------------------------------------------------------
-----------------------------------------------------------------------------------------------------------------------
------------------------------------------------------------+
| tidb_version()

                                                            |
+----------------------------------------------------------------------------------------------------------------------
-----------------------------------------------------------------------------------------------------------------------
------------------------------------------------------------+
| Release Version: v4.0.0-beta.2-341-g35a801bc9
Git Commit Hash: 35a801bc9ba21a8013abaa2c9143bab7f083ebc5
Git Branch: master
UTC Build Time: 2020-04-24 02:57:37
GoVersion: go1.14.1
Race Enabled: false
TiKV Min Version: v3.0.0-60965b006877ca7234adaced7890d7b029ed1306
Check Table Before Drop: false |
+----------------------------------------------------------------------------------------------------------------------
-----------------------------------------------------------------------------------------------------------------------
------------------------------------------------------------+
1 row in set (0.00 sec)
```
