ID: 16788
Title: compare NULL in int column with float got incorrect
Description:
## Description
## Bug Report

Please answer these questions before submitting your issue. Thanks!

### 1. What did you do?

```
mysql> create table t(c int);
Query OK, 0 rows affected (0.08 sec)

mysql> insert into t values(1), (NULL);
Query OK, 2 rows affected (0.01 sec)
Records: 2  Duplicates: 0  Warnings: 0
```

### 2. What did you expect to see?

- MySQL  5.7.28

```
mysql> select c, c = 0.5 from t;
+------+---------+
| c    | c = 0.5 |
+------+---------+
|    1 |       0 |
| NULL |    NULL |
+------+---------+
2 rows in set (0.00 sec)

mysql> select c, c = "0.5" from t;
+------+-----------+
| c    | c = "0.5" |
+------+-----------+
|    1 |         0 |
| NULL |      NULL |
+------+-----------+
2 rows in set (0.00 sec)
```

### 3. What did you see instead?

```
mysql> select c, c = 0.5 from t;
+------+---------+
| c    | c = 0.5 |
+------+---------+
|    1 |       0 |
| NULL |       0 |
+------+---------+
2 rows in set (0.01 sec)

mysql> select c, c = "0.5" from t;
+------+-----------+
| c    | c = "0.5" |
+------+-----------+
|    1 |         0 |
| NULL |         0 |
+------+-----------+
2 rows in set, 1 warning (0.00 sec)
```

### 4. What version of TiDB are you using? (`tidb-server -V` or run `select tidb_version();` on TiDB)

```
Release Version: v4.0.0-beta-789-ge607157ef
Git Commit Hash: e607157efef0f76878d18a667b233061ce43545a
Git Branch: master
UTC Build Time: 2020-04-24 07:26:28
GoVersion: go1.13.3
Race Enabled: false
TiKV Min Version: v3.0.0-60965b006877ca7234adaced7890d7b029ed1306
Check Table Before Drop: false
```




## SIG slack channel
[#sig-exec](https://tidbcommunity.slack.com/archives/CMRD79DRR)

## Score
- 300

## Mentor
 * @SunRunAway
