ID: 16979
Title: the new column with sequence as default value won't fill the known rows.
Description:
## Bug Report

Please answer these questions before submitting your issue. Thanks!

### 1. What did you do?

<!-- If possible, provide a recipe for reproducing the error. -->
```
create table t(a int);
create sequence seq;
insert into table t values(1),(1),(1);
alter table t add column b int default nextval(seq);
select * from t;
```

### 2. What did you expect to see?

```
+------+------+
| a    | b    |
+------+------+
|    1 |    1 |
|    1 |    2 |
|    1 |    3 |
+------+------+
3 rows in set, 1 warning (0.00 sec)
```
### 3. What did you see instead?
```
+------+------+
| a    | b    |
+------+------+
|    1 |    0 |
|    1 |    0 |
|    1 |    0 |
+------+------+
3 rows in set, 1 warning (0.00 sec)
```

### 4. What version of TiDB are you using? (`tidb-server -V` or run `select tidb_version();` on TiDB)
master & 4.0