ID: 17007
Title: float type precision is not compatible with mysql
Description:
## Bug Report

Please answer these questions before submitting your issue. Thanks!

According to [MySQL refman](https://dev.mysql.com/doc/refman/5.7/en/floating-point-types.html) and [TiDB doc](https://pingcap.com/docs/dev/reference/sql/data-types/numeric/#floating-point-types), float(p) should only support 1-53. But now you could create table with float(1-255). This might lead to some compatibility issues and users might get confused about float definition.

> FLOAT(p) can be used to represent the required precision in bits. TiDB uses this value only to determine whether to use FLOAT or DOUBLE for the resulting data type. If p is from 0 to 24, the data type becomes FLOAT with no M or D values. If p is from 25 to 53, the data type becomes DOUBLE with no M or D values. The range of the resulting column is the same as for the single-precision FLOAT or double-precision DOUBLE data type.

### 1. What did you do?

<!-- If possible, provide a recipe for reproducing the error. -->

### 2. What did you expect to see?

On MySQL:
```
mysql root@172.16.4.61:test> create table t (a float(54))
(1063, "Incorrect column specifier for column 'a'")
mysql root@172.16.4.61:test> create table t1 (a float(53))
Query OK, 0 rows affected
Time: 0.053s
mysql root@172.16.4.61:test> show create table t1
+-------+----------------------------------------+
| Table | Create Table                           |
+-------+----------------------------------------+
| t1    | CREATE TABLE `t1` (                    |
|       |   `a` double DEFAULT NULL              |
|       | ) ENGINE=InnoDB DEFAULT CHARSET=latin1 |
+-------+----------------------------------------+
1 row in set
Time: 0.067s
```

### 3. What did you see instead?

On TiDB:
```
mysql root@127.0.0.1:test> create table t (a float(54))
Query OK, 0 rows affected
Time: 0.005s
mysql root@127.0.0.1:test> show create table t
+-------+-------------------------------------------------------------+
| Table | Create Table                                                |
+-------+-------------------------------------------------------------+
| t     | CREATE TABLE `t` (                                          |
|       |   `a` float DEFAULT NULL                                    |
|       | ) ENGINE=InnoDB DEFAULT CHARSET=utf8mb4 COLLATE=utf8mb4_bin |
+-------+-------------------------------------------------------------+
1 row in set
Time: 0.014s
mysql root@127.0.0.1:test> create table t1 (a float(53))
Query OK, 0 rows affected
Time: 0.008s
mysql root@127.0.0.1:test> show create table t1
+-------+-------------------------------------------------------------+
| Table | Create Table                                                |
+-------+-------------------------------------------------------------+
| t1    | CREATE TABLE `t1` (                                         |
|       |   `a` double DEFAULT NULL                                   |
|       | ) ENGINE=InnoDB DEFAULT CHARSET=utf8mb4 COLLATE=utf8mb4_bin |
+-------+-------------------------------------------------------------+
1 row in set
Time: 0.014s
```

### 4. What version of TiDB are you using? (`tidb-server -V` or run `select tidb_version();` on TiDB)

```
mysql root@127.0.0.1:test> select tidb_version()
+-------------------------------------------------------------------+
| tidb_version()                                                    |
+-------------------------------------------------------------------+
| Release Version: v4.0.0-beta.2-404-g26e946d25                     |
| Git Commit Hash: 26e946d25ee27a4272b495854494ade764627f80         |
| Git Branch: master                                                |
| UTC Build Time: 2020-05-07 03:40:30                               |
| GoVersion: go1.14.2                                               |
| Race Enabled: false                                               |
| TiKV Min Version: v3.0.0-60965b006877ca7234adaced7890d7b029ed1306 |
| Check Table Before Drop: false                                    |
+-------------------------------------------------------------------+
1 row in set
Time: 0.014s
```