ID: 17148
Title: Incorrect results with count(distinct string)
Description:
## Bug Report

Please answer these questions before submitting your issue. Thanks!

### 1. What did you do?

<!-- If possible, provide a recipe for reproducing the error. -->
Use mysql test data
https://dev.mysql.com/doc/employee/en/employees-installation.html

```mysql
mysql> select count(distinct first_name) from employees where hire_date between '1986-01-01' and '1986-12-31';
+----------------------------+
| count(distinct first_name) |
+----------------------------+
|                      24761 |
+----------------------------+
1 row in set (0.02 sec)

mysql> select count(distinct first_name) from employees where hire_date between '1986-01-01' and '1986-12-31';
+----------------------------+
| count(distinct first_name) |
+----------------------------+
|                      24760 |
+----------------------------+
1 row in set (0.01 sec)

```

### 2. What did you expect to see?

```mysql
mysql> select count(distinct first_name) from employees where hire_date between '1986-01-01' and '1986-12-31';
+----------------------------+
| count(distinct first_name) |
+----------------------------+
|                       1275 |
+----------------------------+
1 row in set (0.00 sec)
```
### 3. What did you see instead?

### 4. What version of TiDB are you using? (`tidb-server -V` or run `select tidb_version();` on TiDB)

v4.0.0-rc.1