ID: 17487
Title: TiDB v3.1.1 count distinct error
Description:
last night upgraded from 3.0.9, regular calculation shows login user doubled, and I tested like this

```
mysql> select count(1) from user_login where date = '2020-05-01';
+----------+
| count(1) |
+----------+
|  3172208 | 
+----------+
1 row in set (0.42 sec)

mysql> select count(distinct uid) from user_login where date = '2020-05-01';
+---------------------+
| count(distinct uid) |
+---------------------+
|             3172035 | 
+---------------------+
1 row in set (2.31 sec)

mysql> select count(1) from (select uid from user_login where date = '2020-05-01' group by uid) a;
+----------+
| count(1) |
+----------+
|  1702076 | 
+----------+
1 row in set (2.14 sec)
```
2nd and 3rd sql should return same result but not

and I tried single uid, turns out right result
```
mysql> select * from user_login where date = '2020-05-01' and uid = '370949677000635';
+-----------------+--------+----------+------------+---------------+---------------+---------+------------+--------------------------------------------+-----------------+
| uid             | server | timezone | date       | time          | pf            | country | appVersion | deviceId                                   | ip              |
+-----------------+--------+----------+------------+---------------+---------------+---------+------------+--------------------------------------------+-----------------+
| 370949677000635 |    635 |        8 | 2020-05-01 | 1588266344684 | market_global | US      | 1.250.176  | emula_b7935eb333354fe9b8fd5585a2dd801fFB88 | 136.49.80.72    | 
| 370949677000635 |    635 |        0 | 2020-05-01 | 1588284207900 | market_global | US      | 1.250.176  | emula_b7935eb333354fe9b8fd5585a2dd801fFB88 | 166.172.121.184 | 
+-----------------+--------+----------+------------+---------------+---------------+---------+------------+--------------------------------------------+-----------------+
2 rows in set (0.01 sec)

mysql> select count(distinct uid) from user_login where date = '2020-05-01' and uid = '370949677000635';
+---------------------+
| count(distinct uid) |
+---------------------+
|                   1 | 
+---------------------+
1 row in set (0.02 sec)
```
seems something happened when rows get bigger