ID: 17595
Title: the result of char function is wrong.
Description:
## Bug Report

Please answer these questions before submitting your issue. Thanks!

### 1. Minimal reproduce step (Required)

```
mysql> select char(X'61' USING utf8) COLLATE utf8_bin;
+----------------------------------------------------------------------------------+
| char(X'61' USING utf8) COLLATE utf8_bin                                          |
+----------------------------------------------------------------------------------+
| 0x61                                                                             |
+----------------------------------------------------------------------------------+
1 row in set (0.00 sec)
```
<!-- a step by step guide for reproducing the bug. -->

### 2. What did you expect to see? (Required)

```
mysql> select char(X'61' USING utf8) COLLATE utf8_bin;
+-----------------------------------------+
| char(X'61' USING utf8) COLLATE utf8_bin |
+-----------------------------------------+
| a                                       |
+-----------------------------------------+
1 row in set, 1 warning (0.00 sec)
```

### 3. What did you see instead (Required)

### 4. Affected version (Required)
master
<!-- v3.0.0, v4.0.0, etc -->

### 5. Root Cause Analysis

<!-- should be filled by the investigator before it's closed -->
