ID: 17736
Title: P1-[4.0 Bug Hunting]-[NULL logic]-wrong evaluation of range query `IN` with NULL
Description:
## Description
Bug Hunter issue tidb-challenge-program/bug-hunting-issue#94

---

## Bug Report

### 1. What did you do?
````
mysql> SELECT (1,2) IN (SELECT NULL, NULL);
+------------------------------+
| (1,2) IN (SELECT NULL, NULL) |
+------------------------------+
|                            0 |
+------------------------------+
1 row in set (0.00 sec)

mysql> SELECT (1,2) IN (SELECT 1, NULL);
+---------------------------+
| (1,2) IN (SELECT 1, NULL) |
+---------------------------+
|                         0 |
+---------------------------+
1 row in set (0.00 sec)

mysql> SELECT (1,2) IN (SELECT NULL, 2);
+---------------------------+
| (1,2) IN (SELECT NULL, 2) |
+---------------------------+
|                         0 |
+---------------------------+
1 row in set (0.00 sec)

-- correct
mysql> SELECT (1,2) IN (SELECT 1, 1);
+------------------------+
| (1,2) IN (SELECT 1, 1) |
+------------------------+
|                      0 |
+------------------------+
1 row in set (0.00 sec)

--correct
mysql> SELECT (1,2) IN (SELECT NULL, 1);
+---------------------------+
| (1,2) IN (SELECT NULL, 1) |
+---------------------------+
|                         0 |
+---------------------------+
1 row in set (0.00 sec)
````

### 2. What did you expect to see?

Every query except the last two should be evaluated to `NULL`.

### 3. What did you see instead?

Every query except the last two returned wrong results.

### 4. What version of TiDB are you using? (`tidb-server -V` or run `select tidb_version();` on TiDB)

Reproducible on master:
````
commit 38298c2e3e8ae6438b2b9caa696586087ea58a4d (HEAD -> master, origin/master, origin/HEAD)
Author: Zhuomin(Charming) Liu <lzmhhh123@gmail.com>
Date:   Fri May 22 17:40:10 2020 +0800
````

````
mysql> select tidb_version();                                                                                                                                                         [1/473]+------------------------------------------------------------------------------------------------------------------------------------------------------------------------------------------------------------------------------------------+
| tidb_version()
                                              |
+-------------------------------------------------------------------------------------------------------------------------------------------------------------------------------------------$----------------------------------------------+
| Release Version: None
Edition: None
Git Commit Hash: None
Git Branch: None
UTC Build Time: None
GoVersion: go1.13.4
Race Enabled: false
TiKV Min Version: v3.0.0-60965b006877ca7234adaced7890d7b029ed1306
Check Table Before Drop: false |
+-------------------------------------------------------------------------------------------------------------------------------------------------------------------------------------------$----------------------------------------------+
1 row in set (0.00 sec)
````
## SIG slack channel

 [#sig-exec](https://slack.tidb.io/invite?team=tidb-community&channel=sig-exec&ref=high-performance)

## Score

- 900

## Mentor

* @lzmhhh123
