ID: 17757
Title: P1-[4.0 bug hunting]-[WHERE Clause]-Wrong evaluation of binary operator
Description:
## Description
Bug Hunter issue tidb-challenge-program/bug-hunting-issue#68

---

## Bug Report

### 1. What did you do?

```
mysql> desc view_3;
+---------------+--------------+------+------+---------+----------------+
| Field         | Type         | Null | Key  | Default | Extra          |
+---------------+--------------+------+------+---------+----------------+
| id_6          | int(16)      | NO   | PRI  | NULL    | auto_increment |
| col_int_6     | int(16)      | YES  |      | NULL    |                |
| col_float_6   | float        | YES  |      | NULL    |                |
| col_varchar_6 | varchar(511) | YES  |      | NULL    |                |
| id_0          | int(16)      | NO   | PRI  | NULL    | auto_increment |
| col_int_0     | int(16)      | NO   | PRI  | NULL    |                |
| id_2          | int(16)      | NO   | PRI  | NULL    | auto_increment |
| col_varchar_2 | varchar(511) | YES  |      | NULL    |                |
+---------------+--------------+------+------+---------+----------------+

mysql> select * from view_3;
+------+-----------+-------------+---------------+------+-----------+------+---------------------+
| id_6 | col_int_6 | col_float_6 | col_varchar_6 | id_0 | col_int_0 | id_2 | col_varchar_2       |
+------+-----------+-------------+---------------+------+-----------+------+---------------------+
|   10 |     65535 |        NULL | 1             |    4 |         0 |    7 | NULL                |
|   10 |     65535 |        NULL | 1             |    4 |         0 |    8 | NULL                |
|   10 |     65535 |        NULL | 1             |    4 |         0 |    9 | 1                   |
|   10 |     65535 |        NULL | 1             |    4 |         0 |   10 | 0000-00-00 00:00:00 |
|   10 |     65535 |        NULL | 1             |    4 |         0 |   11 | false               |
|   10 |     65535 |        NULL | 1             |    4 |         0 |   12 | NULL                |
|   10 |     65535 |        NULL | 1             |    4 |         0 |   13 | NULL                |
|   10 |     65535 |        NULL | 1             |    5 |         0 |    1 | NULL                |
|   10 |     65535 |        NULL | 1             |    5 |         0 |    2 | 2020-02-02 02:02:00 |
|   10 |     65535 |        NULL | 1             |    5 |         0 |    3 | 0000-00-00 00:00:00 |
|   10 |     65535 |        NULL | 1             |    5 |         0 |    4 |                     |
|   10 |     65535 |        NULL | 1             |    5 |         0 |    5 | NULL                |
|   10 |     65535 |        NULL | 1             |    5 |         0 |    6 | false               |
|   10 |     65535 |        NULL | 1             |    5 |         0 |    7 | NULL                |
+------+-----------+-------------+---------------+------+-----------+------+---------------------+
14 rows in set (0.00 sec)

mysql> SELECT view_3.id_6 FROM view_3 WHERE 1.5489864675860129e-02 AND view_3.id_6;
Empty set (0.00 sec)
```

### 2. What did you expect to see?

All rows returned.

### 3. What did you see instead?

```
mysql> SELECT view_3.id_6 FROM view_3 WHERE 1.5489864675860129e-02 AND view_3.id_6;
Empty set (0.00 sec)
```

### 4. What version of TiDB are you using? (`tidb-server -V` or run `select tidb_version();` on TiDB)

```
mysql> select tidb_version();
+-------------------------------------------------------------------------------------------------------------------------------------------------------------------------------------------------------------------------------------------------------------------------------------------------------+
| tidb_version()                                                                                                                                                                                                                                                                                        |
+-------------------------------------------------------------------------------------------------------------------------------------------------------------------------------------------------------------------------------------------------------------------------------------------------------+
| Release Version: v4.0.0-rc
Git Commit Hash: 79db9e30ab8f98ac07c8ae55c66dfecc24b43d56
Git Branch: heads/refs/tags/v4.0.0-rc
UTC Build Time: 2020-04-08 07:32:25
GoVersion: go1.13
Race Enabled: false
TiKV Min Version: v3.0.0-60965b006877ca7234adaced7890d7b029ed1306
Check Table Before Drop: false |
+-------------------------------------------------------------------------------------------------------------------------------------------------------------------------------------------------------------------------------------------------------------------------------------------------------+
1 row in set (0.00 sec)
```

## SIG slack channel

 [#sig-exec](https://slack.tidb.io/invite?team=tidb-community&channel=sig-exec&ref=high-performance)

## Score

- 900

## Mentor

* @lzmhhh123
