ID: 17824
Title: Wrong warning when compaing binary column
Description:
## Description
## Bug Report


### 1. Minimal reproduce step (Required)
````
mysql> show create table t7;
+-------+---------------------------------------------------------------------------------------------------------------------------------------------------------------------------------------------------------------------------------------------------+
| Table | Create Table                                                                                                                                                                                                                                      |
+-------+---------------------------------------------------------------------------------------------------------------------------------------------------------------------------------------------------------------------------------------------------+
| t7    | CREATE TABLE `t7` (
  `col0` binary(63) DEFAULT NULL,
  `col1` datetime DEFAULT NULL,
  `col2` bigint(20) DEFAULT NULL,
  `col3` varchar(300) DEFAULT NULL,
  `col4` float DEFAULT NULL
) ENGINE=InnoDB DEFAULT CHARSET=latin1 COLLATE=latin1_bin |
+-------+---------------------------------------------------------------------------------------------------------------------------------------------------------------------------------------------------------------------------------------------------+
1 row in set (0.00 sec)

insert into t7 values ('1101001', '1000-01-02 00:00:00', '9223372036854775807', '1ee46528-2b9a-4b3f-9042-8c5d061c2f26', '-614.0876077308573');

mysql> select binary col0 = 1101001 from t7;  
+-----------------------+
| binary col0 = 1101001 |
+-----------------------+
|                     1 |
+-----------------------+
1 row in set, 1 warning (0.00 sec)

````

### 2. What did you expect to see? (Required)

No warnings should be displayed.

````
-- MySQL 5.7
mysql> select binary col0 = 1101001 from t7;  
+-----------------------+
| binary col0 = 1101001 |
+-----------------------+
|                     1 |
+-----------------------+
1 row in set (0.01 sec)

-- MySQL 8
mysql> select binary col0 = 1101001 from t7;
+-----------------------+
| binary col0 = 1101001 |
+-----------------------+
|                     1 |
+-----------------------+
1 row in set (0.00 sec)
````

### 3. What did you see instead (Required)

````
1 row in set, 1 warning (0.00 sec)
````

### 4. Affected version (Required)

````
commit 8369ffd500f3fb235d8b584ac4298b2e59d8db55 (HEAD -> master, origin/master, origin/HEAD)
Author: Soup <ilovesoup@gmail.com>
Date:   Tue May 26 15:38:29 2020 +0800
````

### 5. Root Cause Analysis

<!-- should be filled by the investigator before it's closed -->




## SIG slack channel
[#sig-exec](https://tidbcommunity.slack.com/archives/CMRD79DRR)

## Score
- 300

## Mentor
 * @qw4990
