ID: 17898
Title: Wrong handling of  strToInt and strToFloat
Description:
## Bug Report

Please answer these questions before submitting your issue. Thanks!

### 1. Minimal reproduce step (Required)
```
TiDB> create table t0(a char(10), b int as ((a))); 
Execute success (0.02 sec)
TiDB> insert into t0(a) values("0.5");
Execute success (0.00 sec)
TiDB> select * from t0;
+-----+---+
| a   | b | 
+-----+---+
| 0.5 | 0 | 
+-----+---+
1 row in set (0.00 sec)
```


<!-- a step by step guide for reproducing the bug. -->

### 2. What did you expect to see? (Required)
```
mysql> select * from t0;
+------+------+
| a    | b    |
+------+------+
| 0.5  |    1 |
+------+------+
1 row in set (0.00 sec)
```


### 3. What did you see instead (Required)

### 4. Affected version (Required)

<!-- v3.0.0, v4.0.0, etc -->
master
### 5. Root Cause Analysis

<!-- should be filled by the investigator before it's closed -->
