ID: 18309
Title: cast string to datetime is not compatible with mysql 5.7
Description:
## Bug Report

Please answer these questions before submitting your issue. Thanks!

### 1. Minimal reproduce step (Required)
```sql
tidb(localhost:4000) > select cast(concat("2020-06-01 00:00:00", " 00:00:00") as datetime);
+--------------------------------------------------------------+
| cast(concat("2020-06-01 00:00:00", " 00:00:00") as datetime) |
+--------------------------------------------------------------+
| NULL                                                         |
+--------------------------------------------------------------+
1 row in set, 1 warning (0.00 sec)
```

<!-- a step by step guide for reproducing the bug. -->

### 2. What did you expect to see? (Required)
in mysql 5.7:
```sql
mysql > select cast(concat("2020-06-01 00:00:00", " 00:00:00") as datetime);                                                                                                                                                                                         
+--------------------------------------------------------------+
| cast(concat("2020-06-01 00:00:00", " 00:00:00") as datetime) |
+--------------------------------------------------------------+
| 2020-06-01 00:00:00                                          |
+--------------------------------------------------------------+
1 row in set, 1 warning (0.00 sec)

mysql > show warnings;
+---------+------+--------------------------------------------------------------------+
| Level   | Code | Message                                                            |
+---------+------+--------------------------------------------------------------------+
| Warning | 1292 | Truncated incorrect datetime value: '2020-06-01 00:00:00 00:00:00' |
+---------+------+--------------------------------------------------------------------+
1 row in set (0.00 sec)
```

### 3. What did you see instead (Required)
in TiDB:
```sql
tidb(localhost:4000) > select cast(concat("2020-06-01 00:00:00", " 00:00:00") as datetime);
+--------------------------------------------------------------+
| cast(concat("2020-06-01 00:00:00", " 00:00:00") as datetime) |
+--------------------------------------------------------------+
| NULL                                                         |
+--------------------------------------------------------------+
1 row in set, 1 warning (0.00 sec)

tidb(localhost:4000) > show warnings;
+---------+------+----------------------------------------------------------+
| Level   | Code | Message                                                  |
+---------+------+----------------------------------------------------------+
| Warning | 1292 | Incorrect datetime value: '2020-06-01 00:00:00 00:00:00' |
+---------+------+----------------------------------------------------------+
1 row in set (0.01 sec)
```

### 4. Affected version (Required)

v4.0.1

