ID: 18488
Title: NOT_NULL Flag incorrectly set
Description:
## Bug Report

### 1. Minimal reproduce step (Required)

````
CREATE TABLE `test` (
            `iD` bigint(20) NOT NULL,
            `INT_TEST` int(11) DEFAULT NULL
          ) ENGINE=InnoDB DEFAULT CHARSET=utf8 ROW_FORMAT=DYNAMIC;
INSERT INTO test VALUES (2, 10), (3, NULL);

 SELECT DISTINCT count(*), id + int_test as res FROM test  GROUP BY res ORDER BY res;
````

### 2. What did you expect to see? (Required)

````
mysql>  SELECT DISTINCT count(*), id + int_test as res FROM test  GROUP BY res ORDER BY res;
+----------+-----+
| count(*) | res |
+----------+-----+
|        1 | NULL|
|        1 |  12 |
+----------+-----+
2 rows in set (0.01 sec)
````
### 3. What did you see instead (Required)

````
mysql>  SELECT DISTINCT count(*), id + int_test as res FROM test  GROUP BY res ORDER BY res;
+----------+-----+
| count(*) | res |
+----------+-----+
|        1 | NULL |
|        1 |  12 |
+----------+-----+
2 rows in set (0.01 sec)
````

### 4. Affected version (Required)

````
commit a9177fe846bf2638261f64514ab4ebd0155cc60c (HEAD -> master, origin/master, origin/HEAD)
Author: Boqin Qin <bobbqqin@bupt.edu.cn>
Date:   Mon Jul 6 19:28:12 2020 +0800
````
### 5. Root Cause Analysis

An extra space is printed.

<!-- should be filled by the investigator before it's closed -->
