ID: 18525
Title: INTERVAL function returns incorrect results & wrong warning
Description:
## Bug Report

### 1. Minimal reproduce step (Required)

````
drop table if exists t1;
create table t1 (col0 BLOB, col1 CHAR(74), col2 DATE UNIQUE);
insert into t1 values ('l', '7a34bc7d-6786-461b-92d3-fd0a6cd88f39', '1000-01-03');
insert into t1 values ('l', NULL, '1000-01-04');
insert into t1 values ('b', NULL, '1000-01-02');

-- result incorrect
select INTERVAL( ( CONVERT( -11752 USING utf8 ) ), 6558853612195285496, `col1`) from t1;

drop table t1;
````

### 2. What did you expect to see? (Required)

````
mysql> select INTERVAL( ( CONVERT( -11752 USING utf8 ) ), 6558853612195285496, `col1`) from t1;
+--------------------------------------------------------------------------+
| INTERVAL( ( CONVERT( -11752 USING utf8 ) ), 6558853612195285496, `col1`) |
+--------------------------------------------------------------------------+
|                                                                        0 |
|                                                                        0 |
|                                                                        0 |
+--------------------------------------------------------------------------+
3 rows in set (0.00 sec)
````

### 3. What did you see instead (Required)

````
mysql> select INTERVAL( ( CONVERT( -11752 USING utf8 ) ), 6558853612195285496, `col1`) from t1;
+--------------------------------------------------------------------------+
| INTERVAL( ( CONVERT( -11752 USING utf8 ) ), 6558853612195285496, `col1`) |
+--------------------------------------------------------------------------+
|                                                                        0 |
|                                                                        2 |
|                                                                        2 |
+--------------------------------------------------------------------------+
3 rows in set, 1 warning (0.00 sec)


mysql> show warnings;
+---------+------+-------------------------------------------------------------------------+
| Level   | Code | Message                                                                 |
+---------+------+-------------------------------------------------------------------------+
| Warning | 1292 | Truncated incorrect FLOAT value: '7a34bc7d-6786-461b-92d3-fd0a6cd88f39' |
+---------+------+-------------------------------------------------------------------------+
1 row in set (0.00 sec)
````

### 4. Affected version (Required)

````
commit a9177fe846bf2638261f64514ab4ebd0155cc60c (HEAD -> master, origin/master, origin/HEAD)
Author: Boqin Qin <bobbqqin@bupt.edu.cn>
Date:   Mon Jul 6 19:28:12 2020 +0800
````

### 5. Root Cause Analysis

<!-- should be filled by the investigator before it's closed -->
