ID: 18631
Title: index merge join get the wrong result on outer join
Description:
## Bug Report

Please answer these questions before submitting your issue. Thanks!

### 1. Minimal reproduce step (Required)
```sql
tidb(localhost:4000) > create table t1(a int, b int, c int, d int, primary key(a,b,c));
Query OK, 0 rows affected (0.01 sec)

tidb(localhost:4000) > create table t2(a int, b int, c int, d int, primary key(a,b,c));
Query OK, 0 rows affected (0.01 sec)

tidb(localhost:4000) > insert into t1 values(1,1,1,1),(2,2,2,2),(3,3,3,3);
Query OK, 3 rows affected (0.00 sec)
Records: 3  Duplicates: 0  Warnings: 0

tidb(localhost:4000) > insert into t2 values(1,1,1,1),(2,2,2,2);
Query OK, 2 rows affected (0.00 sec)
Records: 2  Duplicates: 0  Warnings: 0

tidb(localhost:4000) > select /*+ inl_merge_join(t1,t2) */ * from t1 left join t2 on t1.a = t2.a and t1.c = t2.c and t1.b = t2.b order by t1.a desc;
+---+---+---+------+------+------+------+------+
| a | b | c | d    | a    | b    | c    | d    |
+---+---+---+------+------+------+------+------+
| 1 | 1 | 1 |    1 |    1 |    1 |    1 |    1 |
| 2 | 2 | 2 |    2 |    1 |    1 |    1 |    1 |
| 3 | 3 | 3 |    3 |    1 |    1 |    1 |    1 |
+---+---+---+------+------+------+------+------+
3 rows in set (0.00 sec)
```

### 2. What did you expect to see? (Required)
```sql
tidb(localhost:4000) > select /*+ inl_merge_join(t1,t2) */ * from t1 left join t2 on t1.a = t2.a and t1.c = t2.c and t1.b = t2.b order by t1.a desc;
+---+---+---+------+------+------+------+------+
| a | b | c | d    | a    | b    | c    | d    |
+---+---+---+------+------+------+------+------+
| 3 | 3 | 3 |    3 | null | null | null | null |
| 2 | 2 | 2 |    2 |    2 |    2 |    2 |    2 |
| 1 | 1 | 1 |    1 |    1 |    1 |    1 |    1 |
+---+---+---+------+------+------+------+------+
3 rows in set (0.00 sec)
```


### 3. What did you see instead (Required)
```sql
tidb(localhost:4000) > select /*+ inl_merge_join(t1,t2) */ * from t1 left join t2 on t1.a = t2.a and t1.c = t2.c and t1.b = t2.b order by t1.a desc;
+---+---+---+------+------+------+------+------+
| a | b | c | d    | a    | b    | c    | d    |
+---+---+---+------+------+------+------+------+
| 1 | 1 | 1 |    1 |    1 |    1 |    1 |    1 |
| 2 | 2 | 2 |    2 |    1 |    1 |    1 |    1 |
| 3 | 3 | 3 |    3 |    1 |    1 |    1 |    1 |
+---+---+---+------+------+------+------+------+
3 rows in set (0.00 sec)
```

### 4. Affected version (Required)
v4.0.2 and master branch.

### 5. Root Cause Analysis

<!-- should be filled by the investigator before it's closed -->
