ID: 18674
Title: % operator gives -0 wrong result when the operator is float, and the -0 is not false
Description:
## Bug Report

Minimum independent case:

````
mysql> select -1.0 % -1.0;
+-------------+
| -1.0 % -1.0 |
+-------------+
|        -0.0 |
+-------------+
1 row in set (0.00 sec)
````

**And this error could propagate to query which uses the result, so the full test case below.**

### 1. Minimal reproduce step (Required)

````
drop table if exists t1;

create table t1(
`pk` int primary key,
`col_float_key_signed` float  ,
key (`col_float_key_signed`)
);

insert into t1 values (0, null), (1, 0), (2, -0), (3, 1), (-1,-1);
-- incorrect, missing on row where `pk=-1`
select * from t1 where ( `col_float_key_signed` % `col_float_key_signed`) IS FALSE;
-- `-0` is incorrect
select  `col_float_key_signed` , `col_float_key_signed` % `col_float_key_signed` from t1;
-- '-0' is evaluated to not false
select  `col_float_key_signed` , (`col_float_key_signed` % `col_float_key_signed`) IS FALSE from t1;

drop table t1;
````

### 2. What did you expect to see? (Required)

````
mysql> select * from t1 where ( `col_float_key_signed` % `col_float_key_signed`) IS FALSE;
+----+----------------------+
| pk | col_float_key_signed |
+----+----------------------+
| -1 |                   -1 |
|  3 |                    1 |
+----+----------------------+
2 rows in set (0.00 sec)

-- I suppose the `-0` is also wrong in MySQL...
mysql> select  `col_float_key_signed` , `col_float_key_signed` % `col_float_key_signed` from t1;  
+----------------------+-------------------------------------------------+
| col_float_key_signed | `col_float_key_signed` % `col_float_key_signed` |
+----------------------+-------------------------------------------------+
|                 NULL |                                            NULL |
|                   -1 |                                              -0 |
|                    0 |                                            NULL |
|                    0 |                                            NULL |
|                    1 |                                               0 |
+----------------------+-------------------------------------------------+
5 rows in set (0.00 sec)
5 rows in set (0.00 sec)

-- this is correct
mysql> select  `col_float_key_signed` , (`col_float_key_signed` % `col_float_key_signed`) IS FALSE from t1;
+----------------------+------------------------------------------------------------+
| col_float_key_signed | (`col_float_key_signed` % `col_float_key_signed`) IS FALSE |
+----------------------+------------------------------------------------------------+
|                 NULL |                                                          0 |
|                   -1 |                                                          1 |
|                    0 |                                                          0 |
|                    0 |                                                          0 |
|                    1 |                                                          1 |
+----------------------+------------------------------------------------------------+
5 rows in set (0.00 sec)
````

### 3. What did you see instead (Required)

````
-- missing one row
mysql> select * from t1 where ( `col_float_key_signed` % `col_float_key_signed`) IS FALSE;
+----+----------------------+
| pk | col_float_key_signed |
+----+----------------------+
|  3 |                    1 |
+----+----------------------+
1 row in set, 2 warnings (0.00 sec)

-- it should print `-0`
mysql> select  `col_float_key_signed` , `col_float_key_signed` % `col_float_key_signed` from t1;
+----------------------+-------------------------------------------------+
| col_float_key_signed | `col_float_key_signed` % `col_float_key_signed` |
+----------------------+-------------------------------------------------+
|                   -1 |                                              -0 |
|                 NULL |                                            NULL |
|                    0 |                                            NULL |
|                    0 |                                            NULL |
|                    1 |                                               0 |
+----------------------+-------------------------------------------------+
5 rows in set, 2 warnings (0.00 sec)

-- `-1` should map to `0`
mysql> select  `col_float_key_signed` , (`col_float_key_signed` % `col_float_key_signed`) IS FALSE from t1;
+----------------------+------------------------------------------------------------+
| col_float_key_signed | (`col_float_key_signed` % `col_float_key_signed`) IS FALSE |
+----------------------+------------------------------------------------------------+
|                   -1 |                                                          0 |
|                 NULL |                                                          0 |
|                    0 |                                                          0 |
|                    0 |                                                          0 |
|                    1 |                                                          1 |
+----------------------+------------------------------------------------------------+
5 rows in set, 2 warnings (0.00 sec)

````
### 4. Affected version (Required)

````
commit 88bddc961d56d1f88b01a9f922ebf788b7a1b2cd (HEAD -> master, origin/master, origin/HEAD)
Author: Zhuomin(Charming) Liu <lzmhhh123@gmail.com>
Date:   Thu Jul 16 19:45:09 2020 +0800
````

### 5. Root Cause Analysis

<!-- should be filled by the investigator before it's closed -->
