ID: 18728
Title: parse UnionStmt error
Description:
## Bug Report

Please answer these questions before submitting your issue. Thanks!

### 1. Minimal reproduce step (Required)

<!-- a step by step guide for reproducing the bug. -->
```
(select 1) union ((select 1));
(select 1 union select 1) union select 1;
```
### 2. What did you expect to see? (Required)
in MariaDB or MySQL
```
mysql> (select 1) union ((select 1));
+---+
| 1 |
+---+
| 1 |
+---+
1 row in set (0.01 sec)

mysql> (select 1 union select 1) union select 1;
+---+
| 1 |
+---+
| 1 |
+---+
1 row in set (0.00 sec)
```
### 3. What did you see instead (Required)
```
mysql> (select 1) union ((select 1));
ERROR 1064 (42000): You have an error in your SQL syntax; check the manual that corresponds to your TiDB version for the right syntax to use line 1 column 19 near "(select 1))"
mysql> (select 1 union select 1) union select 1;
ERROR 1064 (42000): You have an error in your SQL syntax; check the manual that corresponds to your TiDB version for the right syntax to use line 1 column 31 near "union select 1"
```
### 4. Affected version (Required)

<!-- v3.0.0, v4.0.0, etc -->
```
Release Version: v4.0.0-beta.2-817-g1d6b4fa5b
Edition: Community
Git Commit Hash: 1d6b4fa5bd58b22e6e5519b892732b3e2a74993a
Git Branch: master
UTC Build Time: 2020-07-22 11:01:19
GoVersion: go1.13.1
Race Enabled: false
TiKV Min Version: v3.0.0-60965b006877ca7234adaced7890d7b029ed1306
Check Table Before Drop: false
```
### 5. Root Cause Analysis

<!-- should be filled by the investigator before it's closed -->
