ID: 18984
Title: clustered index: inconsistent index idx handle
Description:
## Bug Report

Please answer these questions before submitting your issue. Thanks!

### 1. Minimal reproduce step (Required)

<!-- a step by step guide for reproducing the bug. -->
```
use test;
drop table if exists t, t2;
set tidb_enable_clustered_index=1;
create table t(a int, b int, c int, primary key(a, b));
create table t2(a int, b int, c int, d int, primary key(a,b), index idx(c));
insert into t values(1,1,1), (2,2,2), (3,3,3);
insert into t2 values(1,2,3,4), (2,4,3,5), (1,3,1,1);
select /*+ INL_MERGE_JOIN(t) */ * from t right outer join t2 on t.a=t2.c;
select /*+ INL_MERGE_JOIN(t2) */ * from t left outer join t2 on t.a=t2.c;
```
### 2. What did you expect to see? (Required)
```
mysql> select /*+ INL_MERGE_JOIN(t) */ * from t right outer join t2 on t.a=t2.c;
+------+------+------+---+---+------+------+
| a    | b    | c    | a | b | c    | d    |
+------+------+------+---+---+------+------+
|    1 |    1 |    1 | 1 | 3 |    1 |    1 |
|    3 |    3 |    3 | 1 | 2 |    3 |    4 |
|    3 |    3 |    3 | 2 | 4 |    3 |    5 |
+------+------+------+---+---+------+------+
3 rows in set (0.00 sec)

mysql> select /*+ INL_MERGE_JOIN(t2) */ * from t left outer join t2 on t.a=t2.c;
+---+---+------+------+------+------+------+
| a | b | c    | a    | b    | c    | d    |
+---+---+------+------+------+------+------+
| 1 | 1 |    1 |    1 |    3 |    1 |    1 |
| 2 | 2 |    2 | NULL | NULL | NULL | NULL |
| 3 | 3 |    3 |    1 |    2 |    3 |    4 |
| 3 | 3 |    3 |    2 |    4 |    3 |    5 |
+---+---+------+------+------+------+------+
4 rows in set (0.01 sec)
```
### 3. What did you see instead (Required)
```
mysql> select /*+ INL_MERGE_JOIN(t) */ * from t right outer join t2 on t.a=t2.c;
+------+------+------+---+---+------+------+
| a    | b    | c    | a | b | c    | d    |
+------+------+------+---+---+------+------+
|    1 |    1 |    1 | 1 | 3 |    1 |    1 |
|    3 |    3 |    3 | 1 | 2 |    3 |    4 |
|    3 |    3 |    3 | 2 | 4 |    3 |    5 |
+------+------+------+---+---+------+------+
3 rows in set (0.00 sec)

mysql> select /*+ INL_MERGE_JOIN(t2) */ * from t left outer join t2 on t.a=t2.c;
ERROR 1105 (HY000): inconsistent index idx handle count 6 isn't equal to value count 0
```
### 4. Affected version (Required)

<!-- v3.0.0, v4.0.0, etc -->
```
Release Version: v4.0.0-beta.2-894-gf3abdb027
Edition: Community
Git Commit Hash: f3abdb027f3501e4160ac0be5d8cccd8172094eb
Git Branch: master
UTC Build Time: 2020-08-05 03:01:02
GoVersion: go1.13.1
Race Enabled: false
TiKV Min Version: v3.0.0-60965b006877ca7234adaced7890d7b029ed1306
Check Table Before Drop: false
```
### 5. Root Cause Analysis

<!-- should be filled by the investigator before it's closed -->
