ID: 19100
Title: Query results are different if there is an index
Description:
## Bug Report

Please answer these questions before submitting your issue. Thanks!

### 1. Minimal reproduce step (Required)
```sql
drop table if exists t1, t2;
create table t1 (c decimal);
create table t2 (c decimal, key(c));
insert into t1 values (null);
insert into t2 values (null);
select count(*) from t1 where not c; -- 0
select count(*) from t2 where not c; -- 1
```

<!-- a step by step guide for reproducing the bug. -->

### 2. What did you expect to see? (Required)

The two select statement should return same result (mysql returns 0).

### 3. What did you see instead (Required)

```sql
mysql> select count(*) from t1 where not c; -- 0
+----------+
| count(*) |
+----------+
|        0 |
+----------+
1 row in set (0.06 sec)

mysql> select count(*) from t2 where not c; -- 1
+----------+
| count(*) |
+----------+
|        1 |
+----------+
1 row in set (0.05 sec)

```

### 4. What is your TiDB version? (Required)

<!-- Paste the output of SELECT tidb_version() -->

both master and release-4.0