ID: 19191
Title: Wrong result caused by misuse of batch-point-get
Description:
## Bug Report

Please answer these questions before submitting your issue. Thanks!

### 1. Minimal reproduce step (Required)

<!-- a step by step guide for reproducing the bug. -->
```sql
drop table if exists t;
create table t (c_int int, c_str varchar(40), primary key(c_int, c_str));
insert into t values (3, 'friendly bose');
select * from t where c_int in (3);
select * from t where c_int in (3) or c_str in ('gifted yalow') and c_int in (1, 2);
```

### 2. What did you expect to see? (Required)

Both selection should return:
```
+-------+---------------+
| c_int | c_str         |
+-------+---------------+
|     3 | friendly bose |
+-------+---------------+
```

### 3. What did you see instead (Required)

```
mysql> select * from t where c_int in (3);
+-------+---------------+
| c_int | c_str         |
+-------+---------------+
|     3 | friendly bose |
+-------+---------------+
1 row in set (0.05 sec)

mysql> select * from t where c_int in (3) or c_str in ('gifted yalow') and c_int in (1, 2);
Empty set (0.05 sec)

mysql> explain select * from t where c_int in (3) or c_str in ('gifted yalow') and c_int in (1, 2);
+-------------------+---------+------+--------------------------------------+------------------------------+
| id                | estRows | task | access object                        | operator info                |
+-------------------+---------+------+--------------------------------------+------------------------------+
| Batch_Point_Get_5 | 3.00    | root | table:t, index:PRIMARY(c_int, c_str) | keep order:false, desc:false |
+-------------------+---------+------+--------------------------------------+------------------------------+
1 row in set (0.05 sec)

```

### 4. What is your TiDB version? (Required)

<!-- Paste the output of SELECT tidb_version() -->

master @ 84e07a2a593b6dd9a85712f1910883e5f7281b07
release-4.0 @ 1483de323abe0f519a43788adfbdaac1dbd71d0d