ID: 19243
Title: Unexpected CAST error: 'Incorrect datetime value'
Description:
## Bug Report
### 1. Minimal reproduce step (Required)

Create a table with following SQL:
```SQL
CREATE TABLE t (a DECIMAL(50, 20));
```

Insert a value:
```SQL
INSERT INTO t VALUES(20200811);
```

Enable CAST push down by (this step is required on current master branch):
```SQL
DELETE FROM mysql.expr_pushdown_blacklist WHERE name = 'cast';
ADMIN RELOAD expr_pushdown_blacklist;
```

Query with SQL:
```SQL
SELECT * FROM t WHERE CAST(a AS DATE) = CAST('2020-08-11' as DATE);
```

And you'll get some warnings like:
```
+---------+------+-----------------------------------------------------------+
| Level   | Code | Message                                                   |                                                         │
+---------+------+-----------------------------------------------------------+                                                         │
| Warning | 1292 | Incorrect datetime value: '20200811.00000000000000000000' |                                                         │
+---------+------+-----------------------------------------------------------+
```

### 2. What did you expect to see? (Required)

Result of MySQL 5.7:
```
mysql> select * from t where cast(a as date) = cast('2020-08-11' as date);
+-------------------------------+
| a                             |
+-------------------------------+
| 20200811.00000000000000000000 |
+-------------------------------+
1 row in set (0.00 sec)
```

### 3. What did you see instead (Required)

Result of TiDB `5.7.25-TiDB-v4.0.0-beta.2-943-gc5c7bf87b-dirty`:
```
mysql> explain select * from t where cast(a as date) = cast('2020-08-11' as date);                                                     │
+-------------------------+---------+-----------+---------------+--------------------------------+                                     │
| id                      | estRows | task      | access object | operator info                  |                                     │
+-------------------------+---------+-----------+---------------+--------------------------------+                                     │
| TableReader_7           | 0.80    | root      |               | data:Selection_6               |                                     │
| └─Selection_6           | 0.80    | cop[tikv] |               | eq(cast(test.t.a), 2020-08-11) |                                     │
|   └─TableFullScan_5     | 1.00    | cop[tikv] | table:t       | keep order:false, stats:pseudo |                                     │
+-------------------------+---------+-----------+---------------+--------------------------------+                                     │
3 rows in set (0.00 sec)
mysql> select * from t where cast(a as date) = cast('2020-08-11' as date);                                                             
Empty set, 1 warning (0.00 sec)
```


### 4. What is your TiDB version? (Required)
```
mysql> select version();                                                                                                               │---------------------
+------------------------------------------------+                                                                                     │
| version()                                      |                                                                                     │   
+------------------------------------------------+                                                                                     │   
| 5.7.25-TiDB-v4.0.0-beta.2-943-gc5c7bf87b-dirty |                                                                                     │
+------------------------------------------------+                                                                                     │
1 row in set (0.00 sec)
```
