ID: 19318
Title: show create sequence always output initial value instead current value for start
Description:
## Bug Report

Please answer these questions before submitting your issue. Thanks!

### 1. Minimal reproduce step (Required)
```
mysql> create sequence s;
mysql> select nextval(s);
mysql> select nextval(s);
mysql> select lastval(s);
+------------+
| lastval(s) |
+------------+
|          2 |
+------------+
1 row in set (0.00 sec)

mysql> show create sequence s;
+----------+--------------------------------------------------------------------------------------------------------------------------+
| Sequence | Create Sequence                                                                                                          |
+----------+--------------------------------------------------------------------------------------------------------------------------+
| s        | CREATE SEQUENCE `s` start with 1 minvalue 1 maxvalue 9223372036854775806 increment by 1 cache 1000 nocycle ENGINE=InnoDB |
+----------+--------------------------------------------------------------------------------------------------------------------------+
1 row in set (0.00 sec)
```


<!-- a step by step guide for reproducing the bug. -->

### 2. What did you expect to see? (Required)
show create table should show the `start with` with the value of `nextval(s)`  (3)

### 3. What did you see instead (Required)
always the default value (1). This will cause wrong value when use mysqldump or other tools to dump and restore the db data.


### 4. What is your TiDB version? (Required)

<!-- Paste the output of SELECT tidb_version() -->

```
Release Version: v4.0.0-beta.2-978-ga2e2ce6339
Edition: Community
Git Commit Hash: a2e2ce6339e41ef15f11ef70560506910ff3d3e2
Git Branch: master
UTC Build Time: 2020-08-20 02:28:26
GoVersion: go1.13.12
Race Enabled: false
TiKV Min Version: v3.0.0-60965b006877ca7234adaced7890d7b029ed1306
Check Table Before Drop: false
```
