ID: 19411
Title: Incorrect result when left join a partitioned table by IndexJoin
Description:
## Bug Report

Please answer these questions before submitting your issue. Thanks!

### 1. Minimal reproduce step (Required)

<!-- a step by step guide for reproducing the bug. -->

```sql
drop table if exists t1, t2;
create table t1  (c_int int, primary key (c_int));
create table t2  (c_int int, primary key (c_int)) partition by hash (c_int) partitions 4;
insert into t1 values (1);
insert into t2 values (1);
begin;
insert into t1 values (2);
insert into t2 values (2);
select /*+ INL_JOIN(t1,t2) */ * from t1 left join t2 on t1.c_int = t2.c_int;
commit;
```

### 2. What did you expect to see? (Required)

```
+-------+-------+
| c_int | c_int |
+-------+-------+
|     1 |     1 |
|     2 |     2 |
+-------+-------+
```

### 3. What did you see instead (Required)

```
+-------+-------+
| c_int | c_int |
+-------+-------+
|     1 |     1 |
|     2 |  NULL |
+-------+-------+
```

<details>

```
mysql> begin;
Query OK, 0 rows affected (0.04 sec)

mysql> insert into t1 values (2);
Query OK, 1 row affected (0.05 sec)

mysql> insert into t2 values (2);
Query OK, 1 row affected (0.05 sec)

mysql> select /*+ INL_JOIN(t1,t2) */ * from t1 left join t2 on t1.c_int = t2.c_int;
+-------+-------+
| c_int | c_int |
+-------+-------+
|     1 |     1 |
|     2 |  NULL |
+-------+-------+
2 rows in set (0.06 sec)

mysql> select /*+ INL_HASH_JOIN(t1,t2) */ * from t1 left join t2 on t1.c_int = t2.c_int;
+-------+-------+
| c_int | c_int |
+-------+-------+
|     1 |     1 |
|     2 |  NULL |
+-------+-------+
2 rows in set (0.05 sec)

mysql> commit;
Query OK, 0 rows affected (0.08 sec)

```

</details>

### 4. What is your TiDB version? (Required)

<!-- Paste the output of SELECT tidb_version() -->

master @ 6831e487a84c8bde625de8c73feec9e6ec02f426
