ID: 19426
Title: `select sum(case when a <= 0 or a > 1000 then 0.0 else b end) from t` returns wrong decimal
Description:
## Bug Report

Please answer these questions before submitting your issue. Thanks!

### 1. Minimal reproduce step (Required)

<!-- a step by step guide for reproducing the bug. -->

``` sql
create table t(a int primary key, b int);
insert into t values (1, 11), (4, 44), (2, 22), (3, 33);
mysql> select sum(case when a <= 0 or a > 1000 then 0.0 else b end) from t;
+-------------------------------------------------------+
| sum(case when a <= 0 or a > 1000 then 0.0 else b end) |
+-------------------------------------------------------+
|                                                   110 |
+-------------------------------------------------------+
1 row in set (0.01 sec)
```

### 2. What did you expect to see? (Required)

``` sql
mysql> select sum(case when a <= 0 or a > 1000 then 0.0 else b end) from t;
+-------------------------------------------------------+
| sum(case when a <= 0 or a > 1000 then 0.0 else b end) |
+-------------------------------------------------------+
|                                                 110.0 |
+-------------------------------------------------------+
1 row in set (0.01 sec)
```

### 3. What did you see instead (Required)
``` sql
mysql> select sum(case when a <= 0 or a > 1000 then 0.0 else b end) from t;
+-------------------------------------------------------+
| sum(case when a <= 0 or a > 1000 then 0.0 else b end) |
+-------------------------------------------------------+
|                                                   110 |
+-------------------------------------------------------+
1 row in set (0.01 sec)
```


### 4. What is your TiDB version? (Required)

<!-- Paste the output of SELECT tidb_version() -->
master
