ID: 19458
Title: apply return wrong result when using partition table
Description:
## Bug Report

Please answer these questions before submitting your issue. Thanks!

### 1. Minimal reproduce step (Required)

<!-- a step by step guide for reproducing the bug. -->
```
drop table if exists t;
create table t(c_int int);
insert into t values(1), (2), (3), (4), (5), (6), (7), (8), (9);
DROP TABLE IF EXISTS `t1`;
CREATE TABLE `t1` (
  `c_int` int NOT NULL,
  `c_str` varchar(40) NOT NULL,
  `c_datetime` datetime NOT NULL,
  `c_timestamp` timestamp NULL DEFAULT NULL,
  `c_double` double DEFAULT NULL,
  `c_decimal` decimal(12,6) DEFAULT NULL,
  PRIMARY KEY (`c_int`,`c_str`,`c_datetime`)
) ENGINE=InnoDB DEFAULT CHARSET=utf8mb4 COLLATE=utf8mb4_0900_ai_ci
/*!50100 PARTITION BY RANGE (`c_int`)
(PARTITION p0 VALUES LESS THAN (2) ENGINE = InnoDB,
 PARTITION p1 VALUES LESS THAN (4) ENGINE = InnoDB,
 PARTITION p2 VALUES LESS THAN (6) ENGINE = InnoDB,
 PARTITION p3 VALUES LESS THAN (8) ENGINE = InnoDB,
 PARTITION p4 VALUES LESS THAN (10) ENGINE = InnoDB,
 PARTITION p5 VALUES LESS THAN (20) ENGINE = InnoDB,
 PARTITION p6 VALUES LESS THAN (50) ENGINE = InnoDB,
 PARTITION p7 VALUES LESS THAN (1000000000) ENGINE = InnoDB) */;

INSERT INTO `t1` VALUES (19,'nifty feistel','2020-02-28 04:01:28','2020-02-04 06:11:57',32.430079,1.284000),(20,'objective snyder','2020-04-15 17:55:04','2020-05-30 22:04:13',37.690874,9.372000);

begin;
insert into t1 values (22, 'wizardly saha', '2020-05-03 16:35:22', '2020-05-03 02:18:42', 96.534810, 0.088);
select c_int from t where (select min(t1.c_int) from t1 where t1.c_int > t.c_int) > (select count(*) from t1 where t1.c_int > t.c_int) order by c_int;
rollback;
```
### 2. What did you expect to see? (Required)
```
mysql> select c_int from t where (select min(t1.c_int) from t1 where t1.c_int > t.c_int) > (select count(*) from t1 where t1.c_int > t.c_int) order by c_int;
+-------+
| c_int |
+-------+
|     1 |
|     2 |
|     3 |
|     4 |
|     5 |
|     6 |
|     7 |
|     8 |
|     9 |
+-------+
9 rows in set (0.01 sec)
```
### 3. What did you see instead (Required)
```
mysql> select c_int from t where (select min(t1.c_int) from t1 where t1.c_int > t.c_int) > (select count(*) from t1 where t1.c_int > t.c_int) order by c_int;
+-------+
| c_int |
+-------+
|     1 |
+-------+
1 row in set (0.01 sec)
```
### 4. What is your TiDB version? (Required)

<!-- Paste the output of SELECT tidb_version() -->

master