ID: 19836
Title: Prepare queries with LIMIT clause does not work with SQL BIND
Description:
## Bug Report

Please answer these questions before submitting your issue. Thanks!

### 1. Minimal reproduce step (Required)

<!-- a step by step guide for reproducing the bug. -->

```mysql
mysql> drop table t;
Query OK, 0 rows affected (0.01 sec)

mysql> create table t(a int, key (a));
Query OK, 0 rows affected (0.00 sec)

mysql> CREATE SESSION BINDING FOR select * from t where a = 1 limit 5, 5 USING select * from t ignore index (a) where a = 1 limit 5, 5;
Query OK, 0 rows affected (0.00 sec)

mysql> PREPARE stmt FROM 'select * from t where a = 40 limit ?, ?';
Query OK, 0 rows affected (0.00 sec)

mysql> set @a=1;
Query OK, 0 rows affected (0.00 sec)

mysql> set @b=2;
Query OK, 0 rows affected (0.01 sec)

mysql> EXECUTE stmt USING @a, @b;
Empty set (0.00 sec)

mysql> explain for connection 1;
+-----------------------------+---------+-----------+---------------------+-----------------------------------------------+
| id                          | estRows | task      | access object       | operator info                                 |
+-----------------------------+---------+-----------+---------------------+-----------------------------------------------+
| Limit_8                     | 2.00    | root      |                     | offset:1, count:2                             |
| └─IndexReader_13            | 3.00    | root      |                     | index:Limit_12                                |
|   └─Limit_12                | 3.00    | cop[tikv] |                     | offset:0, count:3                             |
|     └─IndexRangeScan_11     | 3.00    | cop[tikv] | table:t, index:a(a) | range:[40,40], keep order:false, stats:pseudo |
+-----------------------------+---------+-----------+---------------------+-----------------------------------------------+
4 rows in set (0.00 sec)
```

### 2. What did you expect to see? (Required)

Use table reader but not index reader, like the normal SELECT statement.
```mysql
mysql> select * from t where a = 40 limit 2, 1;
Empty set (0.00 sec)

mysql> explain for connection 1;
+------------------------------+---------+-----------+---------------+--------------------------------+
| id                           | estRows | task      | access object | operator info                  |
+------------------------------+---------+-----------+---------------+--------------------------------+
| Limit_8                      | 1.00    | root      |               | offset:2, count:1              |
| └─TableReader_14             | 3.00    | root      |               | data:Limit_13                  |
|   └─Limit_13                 | 3.00    | cop[tikv] |               | offset:0, count:3              |
|     └─Selection_12           | 3.00    | cop[tikv] |               | eq(test.t.a, 40)               |
|       └─TableFullScan_11     | 3000.00 | cop[tikv] | table:t       | keep order:false, stats:pseudo |
+------------------------------+---------+-----------+---------------+--------------------------------+
5 rows in set (0.00 sec)
```

### 3. What did you see instead (Required)

### 4. What is your TiDB version? (Required)

<!-- Paste the output of SELECT tidb_version() -->

master, v4.0.5
