ID: 19992
Title: DAYNAME() is not considered as TRUE when implicitly converted to Boolean
Description:
## Bug Report


### 1. Minimal reproduce step (Required)

````
-- wrong
select 1 from dual where DAYNAME( '2016-03-08' );

-- correct
select 1 from dual where DAYNAME( '2016-03-08' ) IS TRUE;
````

### 2. What did you expect to see? (Required)

````
mysql> select 1 from dual where DAYNAME( '2016-03-08' );
+---+
| 1 |
+---+
| 1 |
+---+
1 row in set (0.00 sec)

mysql> select 1 from dual where DAYNAME( '2016-03-08' ) IS TRUE;
+---+
| 1 |
+---+
| 1 |
+---+
1 row in set (0.00 sec)
````
### 3. What did you see instead (Required)

````
mysql> select 1 from dual where DAYNAME( '2016-03-08' );
Empty set, 1 warning (0.00 sec)

mysql> select 1 from dual where DAYNAME( '2016-03-08' ) IS TRUE;
+---+
| 1 |
+---+
| 1 |
+---+
1 row in set (0.00 sec)
````

### 4. What is your TiDB version? (Required)

````
commit 94704d0cc49343862fc6a59e59a531d38a463a4f (HEAD -> master, origin/master, origin/HEAD)
````

