ID: 20007
Title: Incorrect result when quering on partitioned tables
Description:
## Bug Report

Please answer these questions before submitting your issue. Thanks!

### 1. Minimal reproduce step (Required)

<!-- a step by step guide for reproducing the bug. -->

```sql
drop table if exists t1, t2;
create table t1 (c_int int, c_str varchar(40), c_datetime datetime, primary key(c_int));
create table t2 (c_int int, c_str varchar(40), c_datetime datetime, primary key (c_datetime)) partition by range (to_days(c_datetime)) ( partition p0 values less than (to_days('2020-02-01')), partition p1 values less than (to_days('2020-04-01')), partition p2 values less than (to_days('2020-06-01')), partition p3 values less than maxvalue);
insert into t1 (c_int, c_str, c_datetime) values (1, 'xenodochial bassi', '2020-04-29 03:22:51'), (2, 'epic wiles', '2020-01-02 23:29:51'), (3, 'silly burnell', '2020-02-25 07:43:07');
insert into t2 (c_int, c_str, c_datetime) values (1, 'trusting matsumoto', '2020-01-07 00:57:18'), (2, 'pedantic boyd', '2020-06-08 23:12:16'), (null, 'strange hypatia', '2020-05-23 17:45:27');
select * from t1 where c_int != any (select c_int from t2 where t1.c_str <= t2.c_str); -- query repeatedly
```

### 2. What did you expect to see? (Required)

Always return
```
+-------+---------------+---------------------+
| c_int | c_str         | c_datetime          |
+-------+---------------+---------------------+
|     2 | epic wiles    | 2020-01-02 23:29:51 |
|     3 | silly burnell | 2020-02-25 07:43:07 |
+-------+---------------+---------------------+
```

### 3. What did you see instead (Required)

The result is unstable, sometimes got wrong results.

```
mysql> drop table if exists t1, t2;
Query OK, 0 rows affected (0.48 sec)

mysql> create table t1 (c_int int, c_str varchar(40), c_datetime datetime, primary key(c_int));
Query OK, 0 rows affected (0.13 sec)

mysql> create table t2 (c_int int, c_str varchar(40), c_datetime datetime, primary key (c_datetime)) partition by range (to_days(c_datetime)) ( partition p0 values less than (to_days('2020-02-01')), partition p1 values less than (to_days('2020-04-01')), partition p2 values less than (to_days('2020-06-01')), partition p3 values less than maxvalue);
Query OK, 0 rows affected (0.14 sec)

mysql> insert into t1 (c_int, c_str, c_datetime) values (1, 'xenodochial bassi', '2020-04-29 03:22:51'), (2, 'epic wiles', '2020-01-02 23:29:51'), (3, 'silly burnell', '2020-02-25 07:43:07');
Query OK, 3 rows affected (0.05 sec)
Records: 3  Duplicates: 0  Warnings: 0

mysql> insert into t2 (c_int, c_str, c_datetime) values (1, 'trusting matsumoto', '2020-01-07 00:57:18'), (2, 'pedantic boyd', '2020-06-08 23:12:16'), (null, 'strange hypatia', '2020-05-23 17:45:27');
Query OK, 3 rows affected (0.05 sec)
Records: 3  Duplicates: 0  Warnings: 0

mysql> select * from t1 where c_int != any (select c_int from t2 where t1.c_str <= t2.c_str);
+-------+------------+---------------------+
| c_int | c_str      | c_datetime          |
+-------+------------+---------------------+
|     2 | epic wiles | 2020-01-02 23:29:51 |
+-------+------------+---------------------+
1 row in set (0.06 sec)

mysql> select * from t1 where c_int != any (select c_int from t2 where t1.c_str <= t2.c_str);
+-------+---------------+---------------------+
| c_int | c_str         | c_datetime          |
+-------+---------------+---------------------+
|     2 | epic wiles    | 2020-01-02 23:29:51 |
|     3 | silly burnell | 2020-02-25 07:43:07 |
+-------+---------------+---------------------+
2 rows in set (0.05 sec)

mysql> select * from t1 where c_int != any (select c_int from t2 where t1.c_str <= t2.c_str);
+-------+------------+---------------------+
| c_int | c_str      | c_datetime          |
+-------+------------+---------------------+
|     2 | epic wiles | 2020-01-02 23:29:51 |
+-------+------------+---------------------+
1 row in set (0.06 sec)

```

### 4. What is your TiDB version? (Required)

<!-- Paste the output of SELECT tidb_version() -->

master @ fa6baa9f5321d88f81a99e56af00526643e7bcaa
release-4.0 @ 51d365fc45fdfc039eb204a96268c5bd1c55075f
