ID: 20066
Title: Compatibility: FLOAT data accuracy 
Description:
## Description

```
DROP TABLE IF EXISTS t_5_1_1_1_float;
CREATE TABLE t_5_1_1_1_float ( col1 FLOAT, col2 FLOAT(10,2), col3 DOUBLE, col4 DOUBLE(10,2), col5 DECIMAL, col6  DECIMAL(10,2) ) ;
INSERT INTO t_5_1_1_1_float VALUES (-3.402823466E+38, -34028234.66, -1.7976931348623157E+308, -17976921.34, -9999999999, -99999999.99);
SELECT * FROM t_5_1_1_1_float;
```
TiDB presents a different result set, I assume it's the FLOAT accuracy issue, PTAL

TiDB 4.0.5
```
mysql> SELECT * FROM t_5_1_1_1_float;
+---------------+--------------+-------------------------+--------------+-------------+--------------+
| col1          | col2         | col3                    | col4         | col5        | col6         |
+---------------+--------------+-------------------------+--------------+-------------+--------------+
| -3.4028235e38 | -34028236.00 | -1.7976931348623157e308 | -17976921.34 | -9999999999 | -99999999.99 |
+---------------+--------------+-------------------------+--------------+-------------+--------------+
1 row in set (0.00 sec)
```

MySQL 5.7.29
```
mysql> SELECT * FROM t_5_1_1_1_float;
+-------------+--------------+-------------------------+--------------+-------------+--------------+
| col1        | col2         | col3                    | col4         | col5        | col6         |
+-------------+--------------+-------------------------+--------------+-------------+--------------+
| -3.40282e38 | -34028236.00 | -1.7976931348623157e308 | -17976921.34 | -9999999999 | -99999999.99 |
+-------------+--------------+-------------------------+--------------+-------------+--------------+
1 row in set (0.00 sec)
```



## SIG slack channel
[#sig-exec](https://slack.tidb.io/invite?team=tidb-community&channel=sig-exec&ref=high-performance)

## Score
- 300

## Mentor
 * @qw4990 
