ID: 20118
Title: bit column insert null value in insert ignore statement
Description:
## Bug Report

Please answer these questions before submitting your issue. Thanks!

### 1. Minimal reproduce step (Required)
<!-- a step by step guide for reproducing the bug. -->
```
use test;
drop table if exists t;
create table t(a tinyint, b bit(63));
insert ignore  into t values(599999999, -1);
show warnings;
select * from t;
```

### 2. What did you expect to see? (Required)
```
mysql> show warnings;
+---------+------+--------------------------------------------+
| Level   | Code | Message                                    |
+---------+------+--------------------------------------------+
| Warning | 1264 | Out of range value for column 'a' at row 1 |
| Warning | 1406 | Data too long for column 'b' at row 1      |
+---------+------+--------------------------------------------+
2 rows in set (0.00 sec)

mysql> select * from t;
+------+----------+
| a    | b        |
+------+----------+
|  127 | �������        |
+------+----------+
1 row in set (0.00 sec)
```

### 3. What did you see instead (Required)
```
mysql> show warnings;
+---------+------+--------------------------------------+
| Level   | Code | Message                              |
+---------+------+--------------------------------------+
| Warning | 1690 | constant 599999999 overflows tinyint |
| Warning | 1406 | Data Too Long, field len 63          |
+---------+------+--------------------------------------+
2 rows in set (0.00 sec)

mysql> select * from t;
+------+------+
| a    | b    |
+------+------+
|  127 | NULL |
+------+------+
1 row in set (0.01 sec)
```

### 4. What is your TiDB version? (Required)

<!-- Paste the output of SELECT tidb_version() -->
master f6d445c7af707edd34f4f74d657d278c5aeab4d7 and release-4.0 0fbe796e98399fc988911170b6711bfebf44bd46
