ID: 20128
Title: different types compare error
Description:
## Description
## Bug Report

Please answer these questions before submitting your issue. Thanks!

### 1. Minimal reproduce step (Required)

<!-- a step by step guide for reproducing the bug. -->
```
# case 1
use test;
drop table if exists t;
create table t(b enum('a','b','c','d','e','f','g','h','i','j','k','l','m','n','o','p','q','r','s','t','u','v','w','x','y','z') DEFAULT NULL, c decimal(40,20));
insert into t values('z', 19.18040000000000000000);
select * from t where t.b > t.c;

# case 2
drop table if exists t;
create table t(a bit(64), b double);
insert into t values(-21172, -11623);
select * from t where a < b;
```

### 2. What did you expect to see? (Required)
```
# case 1
mysql> create table t(b enum('a','b','c','d','e','f','g','h','i','j','k','l','m','n','o','p','q','r','s','t','u','v','w','x','y','z') DEFAULT NULL, c decimal(40,20));
Query OK, 0 rows affected (0.08 sec)

mysql> insert into t values('z', 19.18040000000000000000);
Query OK, 1 row affected (0.01 sec)

mysql> select * from t where t.b > t.c;
+------+-------------------------+
| b    | c                       |
+------+-------------------------+
| z    | 19.18040000000000000000 |
+------+-------------------------+
1 row in set (0.00 sec)

# case 2
mysql> drop table if exists t;
Query OK, 0 rows affected (0.01 sec)

mysql> create table t(a bit(64), b double);
Query OK, 0 rows affected (0.02 sec)

mysql> insert into t values(-21172, -11623);
Query OK, 1 row affected (0.00 sec)

mysql> select * from t where a < b;
+----------+--------+
| a        | b      |
+----------+--------+
| �������L        | -11623 |
+----------+--------+
1 row in set (0.00 sec)
```

### 3. What did you see instead (Required)
```
# case 1
mysql> create table t(b enum('a','b','c','d','e','f','g','h','i','j','k','l','m','n','o','p','q','r','s','t','u','v','w','x','y','z') DEFAULT NULL, c decimal(40,20));
Query OK, 0 rows affected (0.02 sec)

mysql> insert into t values('z', 19.18040000000000000000);
Query OK, 1 row affected (0.00 sec)

mysql> select * from t where t.b > t.c;
Empty set, 1 warning (0.00 sec)

# case 2
mysql> drop table if exists t;
Query OK, 0 rows affected (0.19 sec)

mysql> create table t(a bit(64), b double);
Query OK, 0 rows affected (0.07 sec)

mysql> insert into t values(-21172, -11623);
Query OK, 1 row affected (0.01 sec)

mysql> select * from t where a < b;
Empty set (0.00 sec)
```
### 4. What is your TiDB version? (Required)

<!-- Paste the output of SELECT tidb_version() -->
master f6d445c7af707edd34f4f74d657d278c5aeab4d7 and release-4.0 0fbe796e98399fc988911170b6711bfebf44bd46

## SIG slack channel

 [#sig-exec](https://slack.tidb.io/invite?team=tidb-community&channel=sig-exec&ref=high-performance)

## Score

- 900

## Mentor

* @XuHuaiyu 
