ID: 20136
Title: The JSON Data can not import to TiDB correctly by `load data`
Description:
## Description
## Bug Report

Please answer these questions before submitting your issue. Thanks!

### 1. Minimal reproduce step (Required)

<!-- a step by step guide for reproducing the bug. -->
While using the `load data` statement to load the CSV file inculd JSON, it can not import the data to TiDB correctly. Just like the file following.
```shell
> cat load_json.csv
"aaa"
"{""itemRangeType"":0,""itemContainType"":0,""shopRangeType"":0}"
"{""itemRangeType"":0,""itemContainType"":0,""shopRangeType"":1,""shopJson"":""[{\""id\"":\""A1234\"",\""shopName\"":\""AAAAAA\""}]""}"
"{""itemRangeType"":0,""itemContainType"":0,""shopRangeType"":1,""shopJson"":""[{\""id\"":\""A1234\"",\""shopName\"":\""AAAAAA\""}]""}"
```


### 2. What did you expect to see? (Required)
Just like MySQL can load data correctly.
```sql
mysql> select version();
+-----------+
| version() |
+-----------+
| 5.7.31    |
+-----------+
1 row in set (0.07 sec)

mysql> drop table if exists load_json;
Query OK, 0 rows affected (0.00 sec)

mysql> CREATE TABLE `load_json` ( `aaa` VARCHAR ( 2000 ) );
Query OK, 0 rows affected (0.08 sec)

mysql> load data local infile '/data/load_json.csv' ignore  into table load_json columns terminated by ',' enclosed by '"' escaped by '' ignore 1 lines (`aaa`);
Query OK, 2 rows affected (0.07 sec)
Records: 2  Deleted: 0  Skipped: 0  Warnings: 0

mysql> select * from load_json;
+---------------------------------------------------------------------------------------------------------------------+
| aaa                                                                                                                 |
+---------------------------------------------------------------------------------------------------------------------+
| {"itemRangeType":0,"itemContainType":0,"shopRangeType":0}                                                           |
| {"itemRangeType":0,"itemContainType":0,"shopRangeType":1,"shopJson":"[{\"id\":\"A1234\",\"shopName\":\"AAAAAA\"}]"} |
+---------------------------------------------------------------------------------------------------------------------+
2 rows in set (0.09 sec)

```
### 3. What did you see instead (Required)
```sql
mysql> select tidb_version();
+------------------------------------------------------------------------------------------------------------------------------------------------------------------------------------------------------------------------------------------------------------------------------------------------------------+
| tidb_version()                                                                                                                                                                                                                                                                                             |
+------------------------------------------------------------------------------------------------------------------------------------------------------------------------------------------------------------------------------------------------------------------------------------------------------------+
| Release Version: v4.0.5
Edition: Community
Git Commit Hash: 9c1c21270001a0084dcb5d842c50e1fbea5d1fa8
Git Branch: heads/refs/tags/v4.0.5
UTC Build Time: 2020-08-28 10:07:42
GoVersion: go1.13
Race Enabled: false
TiKV Min Version: v3.0.0-60965b006877ca7234adaced7890d7b029ed1306
Check Table Before Drop: false |
+------------------------------------------------------------------------------------------------------------------------------------------------------------------------------------------------------------------------------------------------------------------------------------------------------------+
1 row in set (0.10 sec)

mysql> drop table if exists load_json;
Query OK, 0 rows affected (0.19 sec)

mysql> CREATE TABLE `load_json` ( `aaa` VARCHAR ( 2000 ) );
Query OK, 0 rows affected (0.07 sec)

mysql> load data local infile '/data/load_json.csv' ignore  into table load_json columns terminated by ',' enclosed by '"' escaped by '' ignore 1 lines (`aaa`);
Query OK, 2 rows affected (0.01 sec)
Records: 2  Deleted: 0  Skipped: 0  Warnings: 0

mysql> select * from load_json; 
+----------------------------------------------------------------------------------------+
| aaa                                                                                    |
+----------------------------------------------------------------------------------------+
| {"itemRangeType":0,"itemContainType":0,"shopRangeType":0}                              |
| {"itemRangeType":0,"itemContainType":0,"shopRangeType":1,"shopJson":"[{""id"":""A1234" | 
+----------------------------------------------------------------------------------------+
2 rows in set (0.10 sec)
```
### 4. What is your TiDB version? (Required)
```
Release Version: v4.0.5
Edition: Community
Git Commit Hash: 9c1c21270001a0084dcb5d842c50e1fbea5d1fa8
Git Branch: heads/refs/tags/v4.0.5
UTC Build Time: 2020-08-28 10:07:42
GoVersion: go1.13
Race Enabled: false
TiKV Min Version: v3.0.0-60965b006877ca7234adaced7890d7b029ed1306
Check Table Before Drop: false
```
<!-- Paste the output of SELECT tidb_version() -->


## SIG slack channel

 [#sig-exec](https://slack.tidb.io/invite?team=tidb-community&channel=sig-exec&ref=high-performance)

## Score

- 900

## Mentor

* @lzmhhh123
