ID: 20168
Title: enum value convert to float failed
Description:
## Development Task

Fix bug:

### 1. Minimal reproduce step (Required)

<!-- a step by step guide for reproducing the bug. -->
```
use test;
drop table if exists t;
create table t(a enum('a', 'b', 'c'));
insert into t values(1), (2), (3);
select * from t where a;
show warnings;
```
### 2. What did you expect to see? (Required)
```
mysql> select * from t where a;
+------+
| a    |
+------+
| a    |
| b    |
| c    |
+------+
3 rows in set (0.00 sec)

mysql> show warnings;
Empty set (0.00 sec)
```

### 3. What did you see instead (Required)
```
mysql> select * from t where a;                                                                                                                Empty set, 3 warnings (0.00 sec)

mysql> show warnings;
+---------+------+--------------------------------------+
| Level   | Code | Message                              |
+---------+------+--------------------------------------+
| Warning | 1292 | Truncated incorrect FLOAT value: 'a' |
| Warning | 1292 | Truncated incorrect FLOAT value: 'b' |
| Warning | 1292 | Truncated incorrect FLOAT value: 'c' |
+---------+------+--------------------------------------+
3 rows in set (0.00 sec)
```
### 4. What is your TiDB version? (Required)

<!-- Paste the output of SELECT tidb_version() -->
master 462927bf31f456b23625fc2b43417cd99a660508 and release-4.0 476c992eb10d5105ab60151051898bc52a942b77


Please comment on this issue if you are interested in.

## SIG slack channel
[#sig-exec](https://slack.tidb.io/invite?team=tidb-community&channel=sig-exec&ref=high-performance)

## Score
- 300

## Mentor
* @XuHuaiyu 



