ID: 20161
Title: json_search result different from mysql
Description:
## Bug Report

Please answer these questions before submitting your issue. Thanks!

### 1. Minimal reproduce step (Required)

```
create table t (
  id BIGINT,
  raw JSON
);

insert into test.t(id,raw) values(1,'["a","ab"]');
insert into test.t(id,raw) values(2,'["a"]');
insert into test.t(id) values(3);
```

```
SELECT JSON_SEARCH(raw,'one','c') FROM t;
```

<!-- a step by step guide for reproducing the bug. -->

### 2. What did you expect to see? (Required)
```
mysql> SELECT JSON_SEARCH(raw,'one','c') FROM t;
+----------------------------+
| JSON_SEARCH(raw,'one','c') |
+----------------------------+
| NULL                       |
| NULL                       |
| NULL                       |
+----------------------------+
3 rows in set (0.00 sec)
```

### 3. What did you see instead (Required)
```
mysql> SELECT JSON_SEARCH(raw,'one','c') FROM t;
+----------------------------+
| JSON_SEARCH(raw,'one','c') |
+----------------------------+
|                            |
|                            |
| NULL                       |
+----------------------------+
3 rows in set (0.01 sec)
```

the two blank is somewhat EMPTY

### 4. What is your TiDB version? (Required)

v4.0.6

