ID: 20192
Title: Field type in DAG request not set collectly.
Description:
## Bug Report

Please answer these questions before submitting your issue. Thanks!

### 1. Minimal reproduce step (Required)

<!-- a step by step guide for reproducing the bug. -->

```
mysql> create table test_gb(id int not null, value int not null);
Query OK, 0 rows affected (0.09 sec)

mysql> alter table test_gb set tiflash replica 1;
Query OK, 0 rows affected (0.08 sec)

mysql> set sql_mode='STRICT_TRANS_TABLES,NO_ZERO_IN_DATE,NO_ZERO_DATE,ERROR_FOR_DIVISION_BY_ZERO,NO_AUTO_CREATE_USER,NO_ENGINE_SUBSTITUTION';
Query OK, 0 rows affected (0.00 sec)

mysql> select sum(value), id from test_gb;
ERROR 1105 (HY000): other error: Cannot convert NULL value to non-Nullable type
mysql> set session tidb_isolation_read_engines='tikv';                                                                                                                                                                                      Query OK, 0 rows affected (0.00 sec)

mysql> select sum(value), id from test_gb;
+------------+----+
| sum(value) | id |
+------------+----+
|       NULL | NULL |
+------------+----+
1 row in set (0.00 sec)
```

### 2. What did you expect to see? (Required)
when query from TiFlash, it returns the right answer instead of throw error

### 3. What did you see instead (Required)
mysql> select sum(value), id from test_gb;
ERROR 1105 (HY000): other error: Cannot convert NULL value to non-Nullable type

### 4. What is your TiDB version? (Required)

<!-- Paste the output of SELECT tidb_version() -->
```
mysql> select tidb_version();
+-----------------------------------------------------------------------------------------------------------------------------------------------------------------------------------------------------------------------------------------------------------------------------------------------------------------------------------------+
| tidb_version()                                                                                                                                                                                                                                                                                                                          |
+-----------------------------------------------------------------------------------------------------------------------------------------------------------------------------------------------------------------------------------------------------------------------------------------------------------------------------------------+
| Release Version: v4.0.0-beta.2-1250-g0684dba6c-dirty
Edition: Community
Git Commit Hash: 0684dba6c8e972a9de6d8f6d07fd3baaf21c3068
Git Branch: join_enhance
UTC Build Time: 2020-09-22 06:10:59
GoVersion: go1.13.1
Race Enabled: false
TiKV Min Version: v3.0.0-60965b006877ca7234adaced7890d7b029ed1306
Check Table Before Drop: false |
+-----------------------------------------------------------------------------------------------------------------------------------------------------------------------------------------------------------------------------------------------------------------------------------------------------------------------------------------+
1 row in set (0.00 sec)
```
### 5. Root cause analysis
In TiFlash, it follows field type in DAG request strictly, that is if the result type in TiFlash is not the same as it in DAG request, TiFlash will add an implicit convert to the type specified in DAG request, in the sql above, DAG requst says the result of `first_row(id)` is not null, so TiFlash try to convert `first_row(id)` to a not null type, however, if there is not records in the table, `first_row(id)` will return `NULL`, so TiFlash try to convert a NULL value to not NULL type, which throws exception.
