ID: 20442
Title: wrong result in "natural join" statement
Description:
## Bug Report

Please answer these questions before submitting your issue. Thanks!

### 1. Minimal reproduce step (Required)
```
Drop table if exists t1,t2,t3,t4;
create table t1 (c int, b int);
create table t2 (a int, b int);
create table t3 (b int, c int);
create table t4 (y int, c int);

insert into t1 values (10,1);
insert into t1 values (3 ,1);
insert into t1 values (3 ,2);
insert into t2 values (2, 1);

insert into t3 values (1, 3);
insert into t3 values (1,10);

insert into t4 values (11,3);
insert into t4 values (2, 3);

select * from (t3 natural join t4);
select * from (t1 natural join t2) natural join (t3 natural join t4);
```
<!-- a step by step guide for reproducing the bug. -->

### 2. What did you expect to see? (Required)
```
mysql> select * from (t3 natural join t4);
+------+------+------+
| c    | b    | y    |
+------+------+------+
|    3 |    1 |   11 |
|    3 |    1 |    2 |
+------+------+------+
2 rows in set (0.00 sec)

mysql> select * from (t1 natural join t2) natural join (t3 natural join t4);
+------+------+------+------+
| b    | c    | a    | y    |
+------+------+------+------+
|    1 |    3 |    2 |   11 |
|    1 |    3 |    2 |    2 |
+------+------+------+------+
2 rows in set (0.00 sec)
```
### 3. What did you see instead (Required)
```
mysql> select * from (t3 natural join t4);
+------+------+------+
| c    | b    | y    |
+------+------+------+
|    3 |    1 |   11 |
+------+------+------+
1 row in set (0.00 sec)

mysql> select * from (t1 natural join t2) natural join (t3 natural join t4);
Empty set (0.01 sec)
```
### 4. What is your TiDB version? (Required)

<!-- Paste the output of SELECT tidb_version() -->
master a17d3a978a2483e6a40981fc72d787893f8d0372 and release-4.0 8c6879c3f2f2c1b3ae8f570eafab448e3aaa2333
