ID: 20450
Title: TiDB returns diffrent result of float field
Description:
## Bug Report

Please answer these questions before submitting your issue. Thanks!

### 1. Minimal reproduce step (Required)
```
create table tb(col1 float);
insert into tb values(1e15);
select * from tb;
```

TiDB display a diffrent result with MySQL.
* TiDB
```
mysql> create table tb(col1 float);
Query OK, 0 rows affected (0.01 sec)

mysql> insert into tb values(1e15);
Query OK, 1 row affected (0.00 sec)

mysql> select * from tb;
+------------------+
| col1             |
+------------------+
| 1000000000000000 |
+------------------+
1 row in set (0.00 sec)
```

* MySQL-8.0.19
```
root@127.0.0.1 : gangshen 04:32:59> create table tb(col1 float);
Query OK, 0 rows affected (0.44 sec)

root@127.0.0.1 : gangshen 04:33:31> insert into tb values(1e15);
Query OK, 1 row affected (0.01 sec)

root@127.0.0.1 : gangshen 04:33:51> select * from tb;
+------+
| col1 |
+------+
| 1e15 |
+------+
1 row in set (0.00 sec)
```

<!-- a step by step guide for reproducing the bug. -->

I think the cause of this problem is in `util.go`
```go
		case mysql.TypeFloat:
			prec := -1
			if columns[i].Decimal > 0 && int(col.Decimal) != mysql.NotFixedDec {
				prec = int(col.Decimal)
			}
			tmp = appendFormatFloat(tmp[:0], float64(row.GetFloat32(i)), prec, 32)
			buffer = dumpLengthEncodedString(buffer, tmp)
```

`row.GetFloat32(i)` returns `1000000000000000`, but the `float64(row.GetFloat32(i))` returns `999999986991104`. So the float value can't display in eformat.
![image](https://user-images.githubusercontent.com/12085878/95881820-92e54600-0dab-11eb-9eb1-ff473750815e.png)

![image](https://user-images.githubusercontent.com/12085878/95881777-86f98400-0dab-11eb-9b95-37ad98abe4b8.png)


### 2. What did you expect to see? (Required)

```
+------+
| col1 |
+------+
| 1e15 |
+------+
```

### 3. What did you see instead (Required)

```
mysql> select * from tb;
+------------------+
| col1             |
+------------------+
| 1000000000000000 |
+------------------+
1 row in set (0.00 sec)
```

### 4. What is your TiDB version? (Required)

```
MySQL [gangshen]> select tidb_version()\G
*************************** 1. row ***************************
tidb_version(): Release Version: v4.0.7
Edition: Community
Git Commit Hash: ed939f3f11599b5a38352c5c160c917df3ebf3eb
Git Branch: heads/refs/tags/v4.0.7
UTC Build Time: 2020-09-29 06:56:48
GoVersion: go1.13
Race Enabled: false
TiKV Min Version: v3.0.0-60965b006877ca7234adaced7890d7b029ed1306
Check Table Before Drop: false
1 row in set (0.00 sec)
```

<!-- Paste the output of SELECT tidb_version() -->

