ID: 20510
Title: wrong result in "left join" statement
Description:
## Bug Report

Please answer these questions before submitting your issue. Thanks!

### 1. Minimal reproduce step (Required)

<!-- a step by step guide for reproducing the bug. -->
```
Drop table if exists t1, t2;
CREATE TABLE t1 (a int PRIMARY KEY, b int);
CREATE TABLE t2 (a int PRIMARY KEY, b int);
INSERT INTO t1 VALUES (1,1), (2,1), (3,1), (4,2);
INSERT INTO t2 VALUES (1,2), (2,2);
SELECT * FROM t1 LEFT JOIN t2 ON t1.a=t2.a WHERE not((t1.a=30 and t2.b=1));
SELECT * FROM t1 LEFT JOIN t2 ON t1.a=t2.a WHERE not(0+(t1.a=30 and t2.b=1));
```

### 2. What did you expect to see? (Required)
mysql 8.0.21
```
mysql> SELECT * FROM t1 LEFT JOIN t2 ON t1.a=t2.a WHERE not(0+(t1.a=30 and t2.b=1));
+---+------+------+------+
| a | b    | a    | b    |
+---+------+------+------+
| 1 |    1 |    1 |    2 |
| 2 |    1 |    2 |    2 |
| 3 |    1 | NULL | NULL |
| 4 |    2 | NULL | NULL |
+---+------+------+------+
4 rows in set (0.00 sec)
```

### 3. What did you see instead (Required)
```
mysql> SELECT * FROM t1 LEFT JOIN t2 ON t1.a=t2.a WHERE not(0+(t1.a=30 and t2.b=1));
+---+------+------+------+
| a | b    | a    | b    |
+---+------+------+------+
| 1 |    1 |    1 |    2 |
| 2 |    1 |    2 |    2 |
+---+------+------+------+
2 rows in set (0.00 sec)
```

### 4. What is your TiDB version? (Required)

<!-- Paste the output of SELECT tidb_version() -->
master 937949f44d0d25e21f5a5722dbb334773de38db9 and release-4.0 2f6219151967b23e461f98c0c9ed4197f1fed2bf
