ID: 20876
Title: clustered index + new collation + union panic
Description:
## Bug Report

Please answer these questions before submitting your issue. Thanks!

### 1. Minimal reproduce step (Required)

<!-- a step by step guide for reproducing the bug. -->
``` sql
mysql> show create table t;

+-------+---------------------------------------------------------------------------------------------------------------------------------------------------------------------------------------------------------------------------------------------------------------+
| Table | Create Table                                                                                                                                                                                                                                                  |
+-------+---------------------------------------------------------------------------------------------------------------------------------------------------------------------------------------------------------------------------------------------------------------+
| t     | CREATE TABLE `t` (
  `a` char(10) COLLATE utf8mb4_unicode_ci NOT NULL,
  `b` char(20) COLLATE utf8mb4_general_ci NOT NULL,
  `c` int(11) NOT NULL,
  PRIMARY KEY (`a`,`b`,`c`),
  KEY `idx` (`a`)
) ENGINE=InnoDB DEFAULT CHARSET=utf8mb4 COLLATE=utf8mb4_bin |
+-------+---------------------------------------------------------------------------------------------------------------------------------------------------------------------------------------------------------------------------------------------------------------+
1 row in set (0.00 sec)

mysql> select * from t;
+---+---+----+
| a | b | c  |
+---+---+----+
| # | C | 10 |
| $ | c | 20 |
| $ | c | 30 |
| a | a | 10 |
| A | A | 30 |
+---+---+----+
5 rows in set (0.00 sec)

mysql> select * from t where a="#" UNION select * from t where a="$";
ERROR 1105 (HY000): runtime error: index out of range [2] with length 2
```

### 2. What did you expect to see? (Required)
Right result
### 3. What did you see instead (Required)
Panic
### 4. What is your TiDB version? (Required)

<!-- Paste the output of SELECT tidb_version() -->
master
