ID: 20878
Title: clustered index + new collation + load get wrong error message
Description:
## Bug Report

Please answer these questions before submitting your issue. Thanks!

### 1. Minimal reproduce step (Required)

<!-- a step by step guide for reproducing the bug. -->
``` sql
mysql> show create table t;
+-------+---------------------------------------------------------------------------------------------------------------------------------------------------------------------------------------------------------------------------------------------------------------+
| Table | Create Table                                                                                                                                                                                                                                                  |
+-------+---------------------------------------------------------------------------------------------------------------------------------------------------------------------------------------------------------------------------------------------------------------+
| t     | CREATE TABLE `t` (
  `a` char(10) COLLATE utf8mb4_unicode_ci NOT NULL,
  `b` char(20) COLLATE utf8mb4_general_ci NOT NULL,
  `c` int(11) NOT NULL,
  PRIMARY KEY (`a`,`b`,`c`),
  KEY `idx` (`a`)
) ENGINE=InnoDB DEFAULT CHARSET=utf8mb4 COLLATE=utf8mb4_bin |
+-------+---------------------------------------------------------------------------------------------------------------------------------------------------------------------------------------------------------------------------------------------------------------+
1 row in set (0.00 sec)
mysql> select * from t;
+---+---+----+
| a | b | c  |
+---+---+----+
| # | C | 10 |
| $ | c | 20 |
| $ | c | 30 |
| a | a | 10 |
| A | A | 30 |
+---+---+----+
5 rows in set (0.00 sec)
mysql> select * from t into outfile "abc";
Query OK, 0 rows affected (0.00 sec)
mysql> LOAD DATA LOCAL INFILE "abc" into table t;
Query OK, 0 rows affected, 5 warnings (0.00 sec)
Records: 5  Deleted: 0  Skipped: 5  Warnings: 5

mysql> show warnings;
+---------+------+----------------------------------------------+
| Level   | Code | Message                                      |
+---------+------+----------------------------------------------+
| Warning | 1062 | Duplicate entry 'ï¿½- C-10' for key 'PRIMARY'  |
| Warning | 1062 | Duplicate entry '- C-20' for key 'PRIMARY' |
| Warning | 1062 | Duplicate entry '- C-30' for key 'PRIMARY' |
| Warning | 1062 | Duplicate entry '3- A-10' for key 'PRIMARY' |
| Warning | 1062 | Duplicate entry '3- A-30' for key 'PRIMARY' |
+---------+------+----------------------------------------------+
5 rows in set (0.00 sec)
```
### 2. What did you expect to see? (Required)
Warnings show the right row values.
### 3. What did you see instead (Required)
Warnings show the wrong row values.
### 4. What is your TiDB version? (Required)

<!-- Paste the output of SELECT tidb_version() -->

master