ID: 20879
Title: partition table doesn't consider collation
Description:
## Bug Report

Please answer these questions before submitting your issue. Thanks!

### 1. Minimal reproduce step (Required)
```
mysql> show create table t;
+-------+--------------------------------------------------------------------------------------------------------------------------------------------------------------------------------------------------------------------------------------------------------------------------------------------------------------------------------------------------------------------------------------------------------------------------------+
| Table | Create Table                                                                                                                                                                                                                                                                                                                                                                                                                   |
+-------+--------------------------------------------------------------------------------------------------------------------------------------------------------------------------------------------------------------------------------------------------------------------------------------------------------------------------------------------------------------------------------------------------------------------------------+
| t     | CREATE TABLE `t` (
  `a` char(10) COLLATE utf8mb4_unicode_ci NOT NULL,
  `b` char(20) COLLATE utf8mb4_general_ci NOT NULL,
  `c` int(11) NOT NULL,
  PRIMARY KEY (`a`,`b`,`c`),
  KEY `idx` (`a`)
) ENGINE=InnoDB DEFAULT CHARSET=utf8mb4 COLLATE=utf8mb4_bin
PARTITION BY RANGE COLUMNS(a) (
  PARTITION `p0` VALUES LESS THAN ("$"),
  PARTITION `p1` VALUES LESS THAN ("a"),
  PARTITION `p2` VALUES LESS THAN (MAXVALUE)
) |
+-------+--------------------------------------------------------------------------------------------------------------------------------------------------------------------------------------------------------------------------------------------------------------------------------------------------------------------------------------------------------------------------------------------------------------------------------+
1 row in set (0.00 sec)
mysql> select * from t where b="b";
+---+---+----+
| a | b | c  |
+---+---+----+
| a | b | 10 |
| $ | b | 10 |
| 1 | b | 10 |
+---+---+----+
3 rows in set (0.00 sec)
mysql> select * from t where a="A";
Empty set (0.00 sec)

mysql> desc select * from t where a="A";
+------------------------+---------+-----------+---------------+-----------------------------------+
| id                     | estRows | task      | access object | operator info                     |
+------------------------+---------+-----------+---------------+-----------------------------------+
| TableReader_6          | 2.00    | root      | partition:p1  | data:TableRangeScan_5             |
| └─TableRangeScan_5     | 2.00    | cop[tikv] | table:t       | range:["A","A"], keep order:false |
+------------------------+---------+-----------+---------------+-----------------------------------+
2 rows in set (0.00 sec)

mysql> desc select * from t where a="a";
+------------------------+---------+-----------+---------------+-----------------------------------+
| id                     | estRows | task      | access object | operator info                     |
+------------------------+---------+-----------+---------------+-----------------------------------+
| TableReader_6          | 2.00    | root      | partition:p2  | data:TableRangeScan_5             |
| └─TableRangeScan_5     | 2.00    | cop[tikv] | table:t       | range:["a","a"], keep order:false |
+------------------------+---------+-----------+---------------+-----------------------------------+
2 rows in set (0.00 sec)
```


<!-- a step by step guide for reproducing the bug. -->

### 2. What did you expect to see? (Required)
Return one row.
### 3. What did you see instead (Required)
Empty. Note that the chosen partition is wrong. It should be p2, not p1.

### 4. What is your TiDB version? (Required)

<!-- Paste the output of SELECT tidb_version() -->
master, 4.0
