ID: 20958
Title: The query result using INNER JOIN xxx USING(col1) didn't return col1 value
Description:
## Bug Report

Please answer these questions before submitting your issue. Thanks!

### 1. Minimal reproduce step (Required)
```
create table t1(id int, name varchar(20));
create table t2(id int, address varchar(30));
insert into t1 values(1,'gangshen');
insert into t2 values(1,'HangZhou');
select t2.* from t1 inner join t2 using (id) limit 1;
select t2.* from t1 inner join t2 on t1.id = t2.id  limit 1;
```

<!-- a step by step guide for reproducing the bug. -->

### 2. What did you expect to see? (Required)

- MySQL-8.0.19
```
root@127.0.0.1 : gangshen 07:23:45> select t2.* from t1 inner join t2 using (id) limit 1;
+------+----------+
| id   | address  |
+------+----------+
|    1 | HangZhou |
+------+----------+
1 row in set (0.01 sec)

root@127.0.0.1 : gangshen 07:23:50> select t2.* from t1 inner join t2 on t1.id = t2.id  limit 1;
+------+----------+
| id   | address  |
+------+----------+
|    1 | HangZhou |
+------+----------+
1 row in set (0.01 sec)
```



### 3. What did you see instead (Required)

```
MySQL [gangshen]> select t2.* from t1 inner join t2 using (id) limit 1;
+----------+
| address  |
+----------+
| HangZhou |
+----------+
1 row in set (0.01 sec)

MySQL [gangshen]> select t2.* from t1 inner join t2 on t1.id = t2.id  limit 1;
+------+----------+
| id   | address  |
+------+----------+
|    1 | HangZhou |
+------+----------+
1 row in set (0.01 sec)
```



### 4. What is your TiDB version? (Required)
```
MySQL [gangshen]> select tidb_version()\G
*************************** 1. row ***************************
tidb_version(): Release Version: v4.0.8
Edition: Community
Git Commit Hash: 66ac9fc31f1733e5eb8d11891ec1b38f9c422817
Git Branch: heads/refs/tags/v4.0.8
UTC Build Time: 2020-10-30 08:21:16
GoVersion: go1.13
Race Enabled: false
TiKV Min Version: v3.0.0-60965b006877ca7234adaced7890d7b029ed1306
Check Table Before Drop: false
1 row in set (0.00 sec)
```

<!-- Paste the output of SELECT tidb_version() -->

