ID: 21123
Title: planner: Point get plan will cause wrong result set
Description:
## Bug Report

Please answer these questions before submitting your issue. Thanks!

### 1. Minimal reproduce step (Required)

```
create table t (id varchar(20) primary key);
insert into t values ('asdf'), ('1');

mysql> select * from t where id in (0, 1);
+----+
| id |
+----+
| 1  |
+----+
1 row in set (0.00 sec)

mysql> select * from t where id = 0;
Empty set (0.00 sec)
```

### 2. What did you expect to see? (Required)

```
create table t (id varchar(20) primary key);
insert into t values ('asdf'), ('1');

mysql> select * from t where id in (0, 1);
+------+
| id   |
+------+
| 1    |
| asdf |
+------+
2 rows in set, 1 warning (0.00 sec)

mysql> select * from t where id = 0;
+------+
| id   |
+------+
| asdf |
+------+
1 row in set, 1 warning (0.00 sec)
```

### 3. What did you see instead (Required)

### 4. What is your TiDB version? (Required)

```
Release Version: v4.0.0-beta.2-1585-ga426a0e5f
Edition: Community
Git Commit Hash: a426a0e5ff45300bed9b7e569d2004c3401ec401
Git Branch: master
UTC Build Time: 2020-11-18 12:10:17
GoVersion: go1.15.2
Race Enabled: false
TiKV Min Version: v3.0.0-60965b006877ca7234adaced7890d7b029ed1306
Check Table Before Drop: false
```

