ID: 21519
Title: select ' '='' returns 0 in TiDB while returns 1 in MySQL
Description:
## Bug Report

Please answer these questions before submitting your issue. Thanks!

### 1. Minimal reproduce step (Required)
```
select ' '='';
```
<!-- a step by step guide for reproducing the bug. -->

### 2. What did you expect to see? (Required)

```
root@127.0.0.1 : (none) 03:50:56> select ' '='';
+--------+
| ' '='' |
+--------+
|      1 |
+--------+
1 row in set (0.00 sec)

root@127.0.0.1 : (none) 03:51:00> select version();
+-----------+
| version() |
+-----------+
| 8.0.19    |
+-----------+
1 row in set (0.02 sec)
```


### 3. What did you see instead (Required)

```
mysql> select ' '='';
+--------+
| ' '='' |
+--------+
|      0 |
+--------+
1 row in set (0.30 sec)

mysql> select tidb_version();
+--------------------------------------------------------------------------------------------------------------------------------------------------------------------------------------------------------------------------------------------------------------------------------------------------------------------+
| tidb_version()                                                                                                                                                                                                                                                                                                     |
+--------------------------------------------------------------------------------------------------------------------------------------------------------------------------------------------------------------------------------------------------------------------------------------------------------------------+
| Release Version: v4.0.8
Edition: Community
Git Commit Hash: 66ac9fc31f1733e5eb8d11891ec1b38f9c422817
Git Branch: heads/refs/tags/v4.0.8
UTC Build Time: 2020-10-30 08:21:16
GoVersion: go1.13
Race Enabled: false
TiKV Min Version: v3.0.0-60965b006877ca7234adaced7890d7b029ed1306
Check Table Before Drop: false |
+--------------------------------------------------------------------------------------------------------------------------------------------------------------------------------------------------------------------------------------------------------------------------------------------------------------------+
1 row in set (0.30 sec)
```

### 4. What is your TiDB version? (Required)

<!-- Paste the output of SELECT tidb_version() -->

```
mysql> select tidb_version();
+--------------------------------------------------------------------------------------------------------------------------------------------------------------------------------------------------------------------------------------------------------------------------------------------------------------------+
| tidb_version()                                                                                                                                                                                                                                                                                                     |
+--------------------------------------------------------------------------------------------------------------------------------------------------------------------------------------------------------------------------------------------------------------------------------------------------------------------+
| Release Version: v4.0.8
Edition: Community
Git Commit Hash: 66ac9fc31f1733e5eb8d11891ec1b38f9c422817
Git Branch: heads/refs/tags/v4.0.8
UTC Build Time: 2020-10-30 08:21:16
GoVersion: go1.13
Race Enabled: false
TiKV Min Version: v3.0.0-60965b006877ca7234adaced7890d7b029ed1306
Check Table Before Drop: false |
+--------------------------------------------------------------------------------------------------------------------------------------------------------------------------------------------------------------------------------------------------------------------------------------------------------------------+
1 row in set (0.30 sec)
```

