ID: 21674
Title: Wrong result when we compare field with zero value in subquery
Description:
## Bug Report

Please answer these questions before submitting your issue. Thanks!

### 1. Minimal reproduce step (Required)
```
DROP TABLE IF EXISTS t1, t2;
CREATE TABLE t1(c1 int, c2 int);
CREATE TABLE t2(c1 int, c2 int);
INSERT INTO t1(`c1`, `c2`) VALUES(0, 0);
INSERT INTO t2(`c1`, `c2`) VALUES(0, 0);
SELECT * FROM t2 WHERE (SELECT c1 FROM t2 LIMIT 1) = ANY (SELECT c1 FROM t1);
```

<!-- a step by step guide for reproducing the bug. -->

### 2. What did you expect to see? (Required)
```
mysql> DROP TABLE IF EXISTS t1, t2;
Query OK, 0 rows affected (0.01 sec)

mysql> CREATE TABLE t1(c1 int, c2 int);
Query OK, 0 rows affected (0.01 sec)

mysql> CREATE TABLE t2(c1 int, c2 int);
Query OK, 0 rows affected (0.02 sec)

mysql> INSERT INTO t1(`c1`, `c2`) VALUES(0, 0);
Query OK, 1 row affected (0.01 sec)

mysql> INSERT INTO t2(`c1`, `c2`) VALUES(0, 0);
Query OK, 1 row affected (0.00 sec)

mysql> SELECT * FROM t2 WHERE (SELECT c1 FROM t2 LIMIT 1) = ANY (SELECT c1 FROM t1);
+------+------+
| c1   | c2   |
+------+------+
|    0 |    0 |
+------+------+
1 row in set (0.01 sec)

mysql> select version();
+-----------+
| version() |
+-----------+
| 8.0.20    |
+-----------+
1 row in set (0.00 sec)
```

### 3. What did you see instead (Required)
```
mysql> DROP TABLE IF EXISTS t1, t2;
Query OK, 0 rows affected (0.04 sec)

mysql> CREATE TABLE t1(c1 int, c2 int);
Query OK, 0 rows affected (0.01 sec)

mysql> CREATE TABLE t2(c1 int, c2 int);
Query OK, 0 rows affected (0.01 sec)

mysql> INSERT INTO t1(`c1`, `c2`) VALUES(0, 0);
Query OK, 1 row affected (0.00 sec)

mysql> INSERT INTO t2(`c1`, `c2`) VALUES(0, 0);
Query OK, 1 row affected (0.00 sec)

mysql> SELECT * FROM t2 WHERE (SELECT c1 FROM t2 LIMIT 1) = ANY (SELECT c1 FROM t1);
Empty set (0.01 sec)
```

### 4. What is your TiDB version? (Required)
Latest master `39d8fcc71b6d83a96defcbeafaf2c076583a8328`
<!-- Paste the output of SELECT tidb_version() -->

