ID: 22179
Title: collation: select null union all select a from t will cause data too long
Description:
## Bug Report

Please answer these questions before submitting your issue. Thanks!

### 1. Minimal reproduce step (Required)
```
create table t(a varchar(10))
insert into t values('aaaaaaaa'),('天王盖地虎宝塔镇河妖')
select * from (select null as a union all select a from t) aaa order by a
select * from (select a from t) aaa union all select null as a order by a
```

<!-- a step by step guide for reproducing the bug. -->

### 2. What did you expect to see? (Required)
```
+--------------------------------+
| id                             |
+--------------------------------+
| NULL                           |
| aaaaaaaa                       |
| 天王盖地虎宝塔镇河妖              |
+--------------------------------+
3 rows in set (0.00 sec)
```

### 3. What did you see instead (Required)
```
+------------------------+
| id                     |
+------------------------+
| 0x                     |
| 0x6161616161616161     |
| 0xE5A4A9E9838EE79B96E5 |
+------------------------+
3 rows in set, 1 warning (0.01 sec)

mysql> show warnings;
+---------+------+------------------------------------------+
| Level   | Code | Message                                  |
+---------+------+------------------------------------------+
| Warning | 1406 | Data Too Long, field len 10, data len 30 |
+---------+------+------------------------------------------+
1 row in set (0.00 sec)

mysql> select  collation(id) from (select id from a union all select null as id) aaa;
+---------------+
| collation(id) |
+---------------+
| binary        |
| binary        |
| binary        |
+---------------+
3 rows in set, 1 warning (0.00 sec)

```
The collation result of this union statement shouldn't be `binary`!!!
And there should be no warnings with this statement.

### 4. What is your TiDB version? (Required)

<!-- Paste the output of SELECT tidb_version() -->
current master :  7c817195688833291fcabf01b0ab372170f19347

