ID: 22227
Title: incorrect result with mysql8
Description:
## Bug Report

Please answer these questions before submitting your issue. Thanks!

### 1. Minimal reproduce step (Required)
```sql
mysql> select cast('2020-02-02' as datetime) > a from (select 'aa' as a) t;
+------------------------------------+
| cast('2020-02-02' as datetime) > a |
+------------------------------------+
|                                  1 |
+------------------------------------+
1 row in set, 1 warning (0.00 sec)

mysql> show warnings;
+---------+------+------------------------------------------+
| Level   | Code | Message                                  |
+---------+------+------------------------------------------+
| Warning | 1292 | Truncated incorrect datetime value: 'aa' |
+---------+------+------------------------------------------+
1 row in set (0.00 sec)
```

<!-- a step by step guide for reproducing the bug. -->

### 2. What did you expect to see? (Required)
as above

### 3. What did you see instead (Required)
```sql
mysql> select cast('2020-02-02' as datetime) > a from (select 'aa' as a) t;
+------------------------------------+
| cast('2020-02-02' as datetime) > a |
+------------------------------------+
|                               NULL |
+------------------------------------+
1 row in set, 1 warning (0.02 sec)

mysql>  show warnings;
+---------+------+--------------------------------+
| Level   | Code | Message                        |
+---------+------+--------------------------------+
| Warning | 1292 | Incorrect datetime value: 'aa' |
+---------+------+--------------------------------+
1 row in set (0.01 sec)
```
### 4. What is your TiDB version? (Required)

<!-- Paste the output of SELECT tidb_version() -->

