ID: 22231
Title: time: parse datatime won't truncate the reluctant string
Description:
## Bug Report

Please answer these questions before submitting your issue. Thanks!

### 1. Minimal reproduce step (Required)

<!-- a step by step guide for reproducing the bug. -->
```
select cast('2020-05-28 23:59:59 00:00:00' as datetime);
```

### 2. What did you expect to see? (Required)
```
+--------------------------------------------------+
| cast('2020-05-28 23:59:59 00:00:00' as datetime) |
+--------------------------------------------------+
| 2020-05-28 23:59:59                              |
+--------------------------------------------------+
1 row in set, 1 warning (0.01 sec)

```

### 3. What did you see instead (Required)
```
+--------------------------------------------------+
| cast('2020-05-28 23:59:59 00:00:00' as datetime) |
+--------------------------------------------------+
| NULL                                             |
+--------------------------------------------------+
1 row in set, 1 warning (0.00 sec)

```

### 4. What is your TiDB version? (Required)

<!-- Paste the output of SELECT tidb_version() -->
current master 8ef1031623f6e5cd92062fc820726832b92f1cf2

