ID: 22298
Title: invalid sql run success
Description:
## Bug Report

Please answer these questions before submitting your issue. Thanks!

### 1. Minimal reproduce step (Required)
```sql
mysql> select * from t;
+------+------+
| a    | b    |
+------+------+
|    3 |    2 |
|    3 |    5 |
+------+------+
2 rows in set (0.00 sec)

mysql> select * from t where 0 and d = 10;
ERROR 1054 (42S22): Unknown column 'd' in 'where clause'
```

<!-- a step by step guide for reproducing the bug. -->

### 2. What did you expect to see? (Required)

### 3. What did you see instead (Required)
```sql
mysql> select * from t;
+------+------+
| a    | b    |
+------+------+
|    3 |    2 |
|    3 |    5 |
+------+------+
2 rows in set (0.00 sec)
mysql> select * from t where 0 and d = 10;
Empty set (0.00 sec)
```

### 4. What is your TiDB version? (Required)

<!-- Paste the output of SELECT tidb_version() -->

