ID: 22530
Title: Date function is not compatible with Mysql
Description:
## Bug Report

Please answer these questions before submitting your issue. Thanks!

### 1. Minimal reproduce step (Required)

<!-- a step by step guide for reproducing the bug. -->

### 2. What did you expect to see? (Required)

mysql: 8.0.23

```
mysql> SELECT DATE_FORMAT("0000-02-28",'%W %d %M %Y') as valid_date;
+--------------------------+
| valid_date               |
+--------------------------+
| Tuesday 28 February 0000 |
+--------------------------+
1 row in set (0.00 sec)

mysql> SELECT DATE_FORMAT("0000-01-01",'%W %d %M %Y') as valid_date;
+------------------------+
| valid_date             |
+------------------------+
| Sunday 01 January 0000 |
+------------------------+
1 row in set (0.00 sec)

mysql> select str_to_date("2003-01-02 10:11:12.0012", "%Y-%m-%d %H:%i:%S.%f") as f1,
    -> str_to_date("2003-01-02 10:11:12.0012", "%Y-%m-%d %H:%i:%S") as f2,
    -> str_to_date("2003-01-02", "%Y-%m-%d") as f3,
    -> str_to_date("02 10:11:12", "%d %H:%i:%S.%f") as f4,
    -> str_to_date("02 10:11:12", "%d %H:%i:%S") as f5,
    -> str_to_date("02 10", "%d %f") as f6;
+----------------------------+---------------------+------------+-----------------+----------+-----------------+
| f1                         | f2                  | f3         | f4              | f5       | f6              |
+----------------------------+---------------------+------------+-----------------+----------+-----------------+
| 2003-01-02 10:11:12.001200 | 2003-01-02 10:11:12 | 2003-01-02 | 58:11:12.000000 | 58:11:12 | 48:00:00.100000 |
+----------------------------+---------------------+------------+-----------------+----------+-----------------+
1 row in set, 1 warning (0.02 sec)

mysql> select str_to_date("2003-....01ABCD-02 10:11:12.0012", "%Y-%.%m%@-%d %H:%i:%S.%f") as a;
+----------------------------+
| a                          |
+----------------------------+
| 2003-01-02 10:11:12.001200 |
+----------------------------+
1 row in set (0.00 sec)
```

### 3. What did you see instead (Required)

```
mysql> SELECT DATE_FORMAT("0000-02-28",'%W %d %M %Y') as valid_date;
+-------------------------+
| valid_date              |
+-------------------------+
| Monday 28 February 0000 |
+-------------------------+
1 row in set (0.00 sec)

mysql> SELECT DATE_FORMAT("0000-01-01",'%W %d %M %Y') as valid_date;
+--------------------------+
| valid_date               |
+--------------------------+
| Saturday 01 January 0000 |
+--------------------------+
1 row in set (0.00 sec)

mysql> select str_to_date("2003-01-02 10:11:12.0012", "%Y-%m-%d %H:%i:%S.%f") as f1,
    -> str_to_date("2003-01-02 10:11:12.0012", "%Y-%m-%d %H:%i:%S") as f2,
    -> str_to_date("2003-01-02", "%Y-%m-%d") as f3,
    -> str_to_date("02 10:11:12", "%d %H:%i:%S.%f") as f4,
    -> str_to_date("02 10:11:12", "%d %H:%i:%S") as f5,
    -> str_to_date("02 10", "%d %f") as f6;
+----------------------------+---------------------+------------+-----------------+----------+-----------------+
| f1                         | f2                  | f3         | f4              | f5       | f6              |
+----------------------------+---------------------+------------+-----------------+----------+-----------------+
| 2003-01-02 10:11:12.001200 | 2003-01-02 10:11:12 | 2003-01-02 | 58:11:12.000000 | 58:11:12 | 48:00:00.100000 |
+----------------------------+---------------------+------------+-----------------+----------+-----------------+
1 row in set, 1 warning (0.02 sec)

mysql> select str_to_date("2003-....01ABCD-02 10:11:12.0012", "%Y-%.%m%@-%d %H:%i:%S.%f") as a;
+---+
| a |
+---+
| NULL |
+---+
1 row in set, 1 warning (0.00 sec)
```

### 4. What is your TiDB version? (Required)

<!-- Paste the output of SELECT tidb_version() -->
```
mysql> SELECT tidb_version();
+-----------------------------------------------------------------------------------------------------------------------------------------------------------------------------------------------------------------------------------------------------------------------------------------------------------------------------+
| tidb_version()                                                                                                                                                                                                                                                                                                              |
+-----------------------------------------------------------------------------------------------------------------------------------------------------------------------------------------------------------------------------------------------------------------------------------------------------------------------------+
| Release Version: v4.0.0-beta.2-2047-g0aa476034
Edition: Community
Git Commit Hash: 0aa476034ae8a69040ab2b4fe455114ba0e21695
Git Branch: master
UTC Build Time: 2021-01-26 02:15:59
GoVersion: go1.15.6
Race Enabled: false
TiKV Min Version: v3.0.0-60965b006877ca7234adaced7890d7b029ed1306
Check Table Before Drop: false |
+-----------------------------------------------------------------------------------------------------------------------------------------------------------------------------------------------------------------------------------------------------------------------------------------------------------------------------+
1 row in set (0.00 sec)
```