ID: 22818
Title: incorrect datetime value when comparing time with "23:22:22"
Description:
## Bug Report

Please answer these questions before submitting your issue. Thanks!

### 1. Minimal reproduce step (Required)

<!-- a step by step guide for reproducing the bug. -->
```
use test;
drop table if exists t;
create table t(a time);
insert into t values("23:22:22");
select * from t where a between "23:22:22" and "23:22:22";
```

### 2. What did you expect to see? (Required)
mysql  8.0.23
```
mysql> select * from t where a between "23:22:22" and "23:22:22";
+----------+
| a        |
+----------+
| 23:22:22 |
+----------+
1 row in set (0.05 sec)
```

### 3. What did you see instead (Required)
```
mysql> select * from t where a between "23:22:22" and "23:22:22";
Empty set, 2 warnings (0.05 sec)
mysql> show warnings;
+---------+------+--------------------------------------+
| Level   | Code | Message                              |
+---------+------+--------------------------------------+
| Warning | 1292 | Incorrect datetime value: '23:22:22' |
| Warning | 1292 | Incorrect datetime value: '23:22:22' |
+---------+------+--------------------------------------+
2 rows in set (0.05 sec)
```

### 4. What is your TiDB version? (Required)

<!-- Paste the output of SELECT tidb_version() -->
```
 Release Version: v4.0.0-beta.2-2135-gd6a2b9a37-dirty
Edition: Community
Git Commit Hash: d6a2b9a372edd3638c0ed88e1d2a5e6b702a69ed
Git Branch: master
UTC Build Time: 2021-02-11 02:48:59
GoVersion: go1.13
Race Enabled: false
TiKV Min Version: v3.0.0-60965b006877ca7234adaced7890d7b029ed1306
Check Table Before Drop: false
```
