ID: 22839
Title: wrong result in statement "bit(1) in (0x30)"
Description:
## Bug Report

Please answer these questions before submitting your issue. Thanks!

### 1. Minimal reproduce step (Required)

<!-- a step by step guide for reproducing the bug. -->
```

use test;
drop table if exists PK_1389;
CREATE TABLE `PK_1389` (
  `COL1` bit(1) NOT NULL,
  `COL2` varchar(20) DEFAULT NULL,
  `COL3` datetime DEFAULT NULL,
  `COL4` bigint(20) DEFAULT NULL,
  `COL5` float DEFAULT NULL,
  PRIMARY KEY (`COL1`)
);
insert into PK_1389 values(0, "皟钹糁泅埞礰喾皑杏灚暋蛨歜檈瓗跾咸滐梀揉", "7701-12-27 23:58:43", 4806951672419474695, -1.55652e38);
select * from PK_1389 where col1 = 0x30;
select * from PK_1389 where col1 in ( 0x30);
```

### 2. What did you expect to see? (Required)
mysql 8.0.23
```
mysql> select * from PK_1389 where col1 = 0x30;
Empty set (0.05 sec)

mysql> select * from PK_1389 where col1 in ( 0x30);
Empty set (0.04 sec)
```

### 3. What did you see instead (Required)
```
mysql> select * from PK_1389 where col1 = 0x30;
Empty set (0.05 sec)

mysql> select * from PK_1389 where col1 in ( 0x30);
+------------+--------------------------------------------------------------+---------------------+---------------------+-------------+
| COL1       | COL2                                                         | COL3                | COL4                | COL5        |
+------------+--------------------------------------------------------------+---------------------+---------------------+-------------+
| 0x00       | 皟钹糁泅埞礰喾皑杏灚暋蛨歜檈瓗跾咸滐梀揉                     | 7701-12-27 23:58:43 | 4806951672419474695 | -1.55652e38 |
+------------+--------------------------------------------------------------+---------------------+---------------------+-------------+
1 row in set, 1 warning (0.04 sec)

mysql> show warnings;
+---------+------+----------------------------+
| Level   | Code | Message                    |
+---------+------+----------------------------+
| Warning | 1406 | Data Too Long, field len 1 |
+---------+------+----------------------------+
1 row in set (0.04 sec)
```

### 4. What is your TiDB version? (Required)

<!-- Paste the output of SELECT tidb_version() -->
```
Release Version: v4.0.0-beta.2-2135-gd6a2b9a37-dirty
Edition: Community
Git Commit Hash: d6a2b9a372edd3638c0ed88e1d2a5e6b702a69ed
Git Branch: master
UTC Build Time: 2021-02-11 02:48:59
GoVersion: go1.13
Race Enabled: false
TiKV Min Version: v3.0.0-60965b006877ca7234adaced7890d7b029ed1306
Check Table Before Drop: false
```
