ID: 22913
Title: Inconsistent converting `time` to `boolean`
Description:
## Bug Report

Please answer these questions before submitting your issue. Thanks!

### 1. Minimal reproduce step (Required)

````
create table t0 (
  c0 int not null,
  c1 double default null,
  primary key (c0),
  key `mykey` (c1));
                
insert into t0 values (0,-1), (1,0),(2,0.0001),(3, 1.009);
select SEC_TO_TIME( c1 ) from t0;
select SEC_TO_TIME( c1 ) IS TRUE from to; -- wrong
select 1 from t0 where SEC_TO_TIME( c1 ) IS TRUE; -- wrong
select 1 from t0 where SEC_TO_TIME( c1 ); -- correct
````

### 2. What did you expect to see? (Required)

Run in `MySQL 8.0.23`.

````
mysql> select SEC_TO_TIME( c1 ) from t0;                                                                                                                                           +-------------------+                                                                                                                                                              | SEC_TO_TIME( c1 ) |                                                                                                                                                              +-------------------+                                                                                                                                                              | -00:00:01.000000  |                                                                                                                                                              | 00:00:00.000000   |                                                                                                                                                              | 00:00:00.000100   |                                                                                                                                                              | 00:00:01.009000   |                                                                                                                                                              +-------------------+                                                                                                                                                              4 rows in set (0.01 sec)

mysql> select SEC_TO_TIME( c1 ) IS TRUE from t0;
+---------------------------+
| SEC_TO_TIME( c1 ) IS TRUE |
+---------------------------+
|                         1 |
|                         0 |
|                         1 |
|                         1 |
+---------------------------+
4 rows in set (0.00 sec)

mysql> select 1 from t0 where SEC_TO_TIME( c1 ) IS TRUE;
+---+
| 1 |
+---+
| 1 |
| 1 |
| 1 |
+---+
3 rows in set (0.00 sec)
````
### 3. What did you see instead (Required)

````
mysql> select SEC_TO_TIME( c1 ) from t0;                                                                                                                                            +-------------------+                                                                                                                                                              | SEC_TO_TIME( c1 ) |                                                                                                                                                              +-------------------+                                                                                                                                                              | -00:00:01.000000  |                                                                                                                                                              | 00:00:00.000000   |                                                                                                                                                              | 00:00:00.000100   |                                                                                                                                                              | 00:00:01.009000   |                                                                                                                                                              +-------------------+                                                                                                                                                              4 rows in set (0.00 sec)

mysql> select SEC_TO_TIME( c1 ) IS TRUE from to; -- wrong
+---------------------------+
| SEC_TO_TIME( c1 ) IS TRUE |
+---------------------------+
|                         1 |
|                         0 |
|                         0 |
|                         1 |
+---------------------------+
4 rows in set (0.00 sec)

mysql> select 1 from t0 where SEC_TO_TIME( c1 ) IS TRUE; -- wrong
+---+                                                                                                                                                                              
| 1 |
+---+
| 1 |
| 1 |
+---+
2 rows in set (0.00 sec)
````

### 4. What is your TiDB version? (Required)

````
-----------------------------------------------------------------------------------------------------------------------------------------------+
| tidb_version()                                                                                                                                                                                                                                                                                                                  |
+---------------------------------------------------------------------------------------------------------------------------------------------------------------------------------------------------------------------------------------------------------------------------------------------------------------------------------+
| Release Version: v4.0.0-beta.2-1462-g280e8aa35-dirty
Edition: Community
Git Commit Hash: 280e8aa35f982ad31131fa9930f35141aca97110
Git Branch: master
UTC Build Time: 2020-10-31 13:35:02
GoVersion: go1.13
Race Enabled: false
TiKV Min Version: v3.0.0-60965b006877ca7234adaced7890d7b029ed1306
Check Table Before Drop: false |
+---------------------------------------------------------------------------------------------------------------------------------------------------------------------------------------------------------------------------------------------------------------------------------------------------------------------------------+
1 row in set (0.00 sec)
````
