ID: 22946
Title: Privileges check is different with MySQL
Description:
## Bug Report

Please answer these questions before submitting your issue. Thanks!

### 1. Minimal reproduce step (Required)

<!-- a step by step guide for reproducing the bug. -->
```
create database db1;
create database db2;
use db1;
create table a(id int primary key,name varchar(20));
use db2;
create table b(id int primary key,address varchar(50));
create user mss@'%' identified by '123456';
grant all on db1.* to mss@'%';
grant all on db2.* to mss@'%';
\q
mysql -umss -P4000 -h127.0.0.1 -p123456
delete from db1.a as A where exists(select 1 from db2.b as B where A.id = B.id);
use db1;
delete from db1.a as A where exists(select 1 from db2.b as B where A.id = B.id);
```

### 2. What did you expect to see? (Required)
`mss@'%'` could execute SQL successfully in MySQL-8.0.19.
```
root@9daf430fd8f3:/# mysql -umss -h127.0.0.1 -p123456
mysql: [Warning] Using a password on the command line interface can be insecure.
Welcome to the MySQL monitor.  Commands end with ; or \g.
Your MySQL connection id is 10
Server version: 8.0.19 MySQL Community Server - GPL

Copyright (c) 2000, 2020, Oracle and/or its affiliates. All rights reserved.

Oracle is a registered trademark of Oracle Corporation and/or its
affiliates. Other names may be trademarks of their respective
owners.

Type 'help;' or '\h' for help. Type '\c' to clear the current input statement.

mss@127.0.0.1 : (none) 08:48:51> show databases;
+--------------------+
| Database           |
+--------------------+
| db1                |
| db2                |
| information_schema |
+--------------------+
3 rows in set (0.00 sec)

mss@127.0.0.1 : (none) 08:48:54>  delete from db1.a as A where exists(select 1 from db2.b as B where A.id = B.id);
Query OK, 0 rows affected (0.00 sec)

mss@127.0.0.1 : (none) 08:49:02> show grants;
+----------------------------------------------+
| Grants for mss@%                             |
+----------------------------------------------+
| GRANT USAGE ON *.* TO `mss`@`%`              |
| GRANT ALL PRIVILEGES ON `db1`.* TO `mss`@`%` |
| GRANT ALL PRIVILEGES ON `db2`.* TO `mss`@`%` |
+----------------------------------------------+
3 rows in set (0.00 sec)
```

### 3. What did you see instead (Required)
TiDB return `ERROR 8121 (HY000): privilege check fail`, but execute successfully after `use db1`.
```
$ mysql -umss -Pxxx -hxxx -p123456
mysql: [Warning] Using a password on the command line interface can be insecure.
Welcome to the MySQL monitor.  Commands end with ; or \g.
Your MySQL connection id is 8
Server version: 5.7.25-TiDB-v4.0.9 TiDB Server (Apache License 2.0) Community Edition, MySQL 5.7 compatible

Copyright (c) 2000, 2018, Oracle and/or its affiliates. All rights reserved.

Oracle is a registered trademark of Oracle Corporation and/or its
affiliates. Other names may be trademarks of their respective
owners.

Type 'help;' or '\h' for help. Type '\c' to clear the current input statement.

mysql> show grants;
+--------------------------------------------+
| Grants for User                            |
+--------------------------------------------+
| GRANT USAGE ON *.* TO 'mss'@'%'            |
| GRANT ALL PRIVILEGES ON db1.* TO 'mss'@'%' |
| GRANT ALL PRIVILEGES ON db2.* TO 'mss'@'%' |
+--------------------------------------------+
3 rows in set (0.04 sec)

mysql> delete from db1.a as A where exists(select 1 from db2.b as B where A.id = B.id);
ERROR 8121 (HY000): privilege check fail
mysql> use db1;
Reading table information for completion of table and column names
You can turn off this feature to get a quicker startup with -A

Database changed
mysql> delete from db1.a as A where exists(select 1 from db2.b as B where A.id = B.id);
Query OK, 0 rows affected (0.20 sec)
```

### 4. What is your TiDB version? (Required)

<!-- Paste the output of SELECT tidb_version() -->
```
mysql> select tidb_version();
+--------------------------------------------------------------------------------------------------------------------------------------------------------------------------------------------------------------------------------------------------------------------------------------------------------------------+
| tidb_version()                                                                                                                                                                                                                                                                                                     |
+--------------------------------------------------------------------------------------------------------------------------------------------------------------------------------------------------------------------------------------------------------------------------------------------------------------------+
| Release Version: v4.0.9
Edition: Community
Git Commit Hash: 69f05ea55e8409152a7721b2dd8822af011355ea
Git Branch: heads/refs/tags/v4.0.9
UTC Build Time: 2020-12-21 04:26:49
GoVersion: go1.13
Race Enabled: false
TiKV Min Version: v3.0.0-60965b006877ca7234adaced7890d7b029ed1306
Check Table Before Drop: false |
+--------------------------------------------------------------------------------------------------------------------------------------------------------------------------------------------------------------------------------------------------------------------------------------------------------------------+
1 row in set (0.27 sec)
```
The problem is also exists on master.
