ID: 23038
Title: wrong result of "left join where year != null"
Description:
## Bug Report

Please answer these questions before submitting your issue. Thanks!

### 1. Minimal reproduce step (Required)

<!-- a step by step guide for reproducing the bug. -->
```
use test;
drop table if exists t;
CREATE TABLE `t` (
  `COL1` year(4) DEFAULT NULL COMMENT 'DATE AND TIME',
  `COL2` varchar(20) DEFAULT NULL,
  KEY `UK_COL1` (`COL1`)
) ENGINE=InnoDB DEFAULT CHARSET=utf8mb4 COLLATE=utf8mb4_bin;
insert into t values(1, "1");
insert into t values(1, "2");
select *  from t as t1 left join t as t2 on t1.col1 = t2.col1 where t1.col1 != NULL;
select count(*) from t as t1 left join t as t2 on t1.col1 = t2.col1 where t1.col1 != NULL;
select t1.col1, t2.col2 from t as t1 left join t as t2 on t1.col1 = t2.col1 where t1.col1 != NULL;
```

### 2. What did you expect to see? (Required)
mysql 8.0.23
```
mysql> select *  from t as t1 left join t as t2 on t1.col1 = t2.col1 where t1.col1 != NULL;
Empty set (0.04 sec)

mysql> select count(*) from t as t1 left join t as t2 on t1.col1 = t2.col1 where t1.col1 != NULL;
+----------+
| count(*) |
+----------+
|        0 |
+----------+
1 row in set (0.04 sec)

mysql> select t1.col1, t2.col2 from t as t1 left join t as t2 on t1.col1 = t2.col1 where t1.col1 != NULL;
Empty set (0.04 sec)
```
### 3. What did you see instead (Required)
master
```
mysql> select *  from t as t1 left join t as t2 on t1.col1 = t2.col1 where t1.col1 != NULL;
Empty set (0.00 sec)

mysql> select count(*) from t as t1 left join t as t2 on t1.col1 = t2.col1 where t1.col1 != NULL;
+----------+
| count(*) |
+----------+
|        4 |
+----------+
1 row in set (0.00 sec)

mysql> select t1.col1, t2.col2 from t as t1 left join t as t2 on t1.col1 = t2.col1 where t1.col1 != NULL;
+------+------+
| col1 | col2 |
+------+------+
| 2001 | NULL |
| 2001 | NULL |
+------+------+
2 rows in set (0.00 sec)
```

release-4.0 and release-5.0-rc
```
mysql> select *  from t as t1 left join t as t2 on t1.col1 = t2.col1 where t1.col1 != NULL;
+------+------+------+------+
| COL1 | COL2 | COL1 | COL2 |
+------+------+------+------+
| 2001 | 1    | 2001 | 1    |
| 2001 | 1    | 2001 | 2    |
| 2001 | 2    | 2001 | 1    |
| 2001 | 2    | 2001 | 2    |
+------+------+------+------+
4 rows in set (0.00 sec)

mysql> select count(*) from t as t1 left join t as t2 on t1.col1 = t2.col1 where t1.col1 != NULL;
+----------+
| count(*) |
+----------+
|        4 |
+----------+
1 row in set (0.00 sec)

mysql> select t1.col1, t2.col2 from t as t1 left join t as t2 on t1.col1 = t2.col1 where t1.col1 != NULL;
+------+------+
| col1 | col2 |
+------+------+
| 2001 | 1    |
| 2001 | 2    |
| 2001 | 1    |
| 2001 | 2    |
+------+------+
4 rows in set (0.00 sec)
```
### 4. What is your TiDB version? (Required)

<!-- Paste the output of SELECT tidb_version() -->
master dc9ceb4bba96608de2aa5ac906e9ad003fa8a46c
release-5.0-rc f41ca49fab41af6ba168e94e6eeeef517778cee1
release-4.0 8406e7f58b1d5811966a6811d7b519bcfd6020b2