ID: 23035
Title: "INL_JOIN" hint got wrong result while new collation is enabled
Description:
## Bug Report

Please answer these questions before submitting your issue. Thanks!

### 1. Minimal reproduce step (Required)

<!-- a step by step guide for reproducing the bug. -->
1. set `new_collations_enabled_on_first_bootstrap = true`
2. execute the sqls.
```sql
CREATE TABLE IDT_12692 (COL1 LONGTEXT CHARSET UTF8MB4 COLLATE UTF8MB4_GENERAL_CI,COL2 VARCHAR(20),COL3 DATETIME,COL4 BIGINT,COL5 FLOAT,KEY U_COL1(COL1(10))); 
insert into IDT_12692 (COL1,COL2,COL3,COL4,COL5) values("","abcd","6187\-08\-24\ 04:39:10",890592962459297275,-3.0268467164724178e+37); 
insert into IDT_12692 (COL1,COL2,COL3,COL4,COL5) values("pacpac","defc","5457\-01\-08\ 21:08:04",-5053036949762951009,-1.45218411255885e+38);
select t1.*, t2.* from IDT_12692 as t1 inner join IDT_12692 as t2 on t1.col1 = t2.col1;
select/*+ INL_JOIN(t1, t2) */ t1.*, t2.* from IDT_12692 as t1 inner join IDT_12692 as t2 on t1.col1 = t2.col1;
desc select/*+ INL_JOIN(t1, t2) */ t1.*, t2.* from IDT_12692 as t1 inner join IDT_12692 as t2 on t1.col1 = t2.col1;
```
### 2. What did you expect to see? (Required)
```sql
mysql > select/*+ INL_JOIN(t1, t2) */ t1.*, t2.* from IDT_12692 as t1 inner join IDT_12692 as t2 on t1.col1 = t2.col1;
+--------+------+---------------------+----------------------+--------------+--------+------+---------------------+----------------------+--------------+
| COL1   | COL2 | COL3                | COL4                 | COL5         | COL1   | COL2 | COL3                | COL4                 | COL5         |
+--------+------+---------------------+----------------------+--------------+--------+------+---------------------+----------------------+--------------+
|        | abcd | 6187-08-24 04:39:10 | 890592962459297275   | -3.02685e+37 |        | abcd | 6187-08-24 04:39:10 | 890592962459297275   | -3.02685e+37 |
| pacpac | defc | 5457-01-08 21:08:04 | -5053036949762951009 | -1.45218e+38 | pacpac | defc | 5457-01-08 21:08:04 | -5053036949762951009 | -1.45218e+38 |
+--------+------+---------------------+----------------------+--------------+--------+------+---------------------+----------------------+--------------+

```
### 3. What did you see instead (Required)
```sql

mysql > select/*+ INL_JOIN(t1, t2) */ t1.*, t2.* from IDT_12692 as t1 inner join IDT_12692 as t2 on t1.col1 = t2.col1;
                          ->
+------+------+---------------------+--------------------+--------------+------+------+---------------------+--------------------+--------------+
| COL1 | COL2 | COL3                | COL4               | COL5         | COL1 | COL2 | COL3                | COL4               | COL5         |
+------+------+---------------------+--------------------+--------------+------+------+---------------------+--------------------+--------------+
|      | abcd | 6187-08-24 04:39:10 | 890592962459297275 | -3.02685e+37 |      | abcd | 6187-08-24 04:39:10 | 890592962459297275 | -3.02685e+37 |
+------+------+---------------------+--------------------+--------------+------+------+---------------------+--------------------+--------------+

1 row in set

mysql > desc select/*+ INL_JOIN(t1, t2) */ t1.*, t2.* from IDT_12692 as t1 inner join IDT_12692 as t2 on t1.col1 = t2.col1;
+-----------------------------+---------+-----------+------------------------------+---------------------------------------------------------------------------------------------------------------------------------------------------------+
| id                          | estRows | task      | access object                | operator info                                                                                                                                           |
+-----------------------------+---------+-----------+------------------------------+---------------------------------------------------------------------------------------------------------------------------------------------------------+
| IndexJoin_11                | 2.50    | root      |                              | inner join, inner:IndexLookUp_10, outer key:test.idt_12692.col1, inner key:test.idt_12692.col1, equal cond:eq(test.idt_12692.col1, test.idt_12692.col1) |
| ├─TableReader_35(Build)     | 2.00    | root      |                              | data:Selection_34                                                                                                                                       |
| │ └─Selection_34            | 2.00    | cop[tikv] |                              | not(isnull(test.idt_12692.col1))                                                                                                                        |
| │   └─TableFullScan_33      | 2.00    | cop[tikv] | table:t1                     | keep order:false, stats:pseudo                                                                                                                          |
| └─IndexLookUp_10(Probe)     | 1.25    | root      |                              |                                                                                                                                                         |
|   ├─IndexRangeScan_7(Build) | 1.25    | cop[tikv] | table:t2, index:U_COL1(COL1) | range: decided by [eq(test.idt_12692.col1, test.idt_12692.col1)], keep order:false, stats:pseudo                                                        |
|   └─Selection_9(Probe)      | 1.25    | cop[tikv] |                              | not(isnull(test.idt_12692.col1))                                                                                                                        |
|     └─TableRowIDScan_8      | 1.25    | cop[tikv] | table:t2                     | keep order:false, stats:pseudo                                                                                                                          |
+-----------------------------+---------+-----------+------------------------------+---------------------------------------------------------------------------------------------------------------------------------------------------------+

8 rows in set
Time: 0.054s
```
### 4. What is your TiDB version? (Required)
master 550ca8ea
<!-- Paste the output of SELECT tidb_version() -->

