ID: 23198
Title: Behavior of IN expression is different from MySQL
Description:
## Bug Report

Please answer these questions before submitting your issue. Thanks!

### 1. Minimal reproduce step (Required)

```SQL
create table t (a int);
insert into t values(-1);
select * from t where a in(18446744073709551615, 1);
```

### 2. What did you expect to see? (Required)
In MySQL 5.7 and MySQL 8.0:
```SQL
select a from t where a in (18446744073709551615, 1);
Empty set (0.00 sec)
```

### 3. What did you see instead (Required)
In TiDB:
```SQL
select a from t where a in(18446744073709551615, 1);
+-----+
| a   |
|-----|
| -1  |
+-----+
1 row in set
Time: 0.009s
```

### 4. What is your TiDB version? (Required)

```SQL
select tidb_version();
+-------------------------------------------------------------------+
| tidb_version()                                                    |
|-------------------------------------------------------------------|
| Release Version: v4.0.0-beta.2-2292-g4218f2836-dirty              |
| Edition: Community                                                |
| Git Commit Hash: 4218f2836bb38ec79fd080fa88d09d3fe3766c3a         |
| Git Branch: master                                                |
| UTC Build Time: 2021-03-07 11:44:44                               |
| GoVersion: go1.13                                                 |
| Race Enabled: false                                               |
| TiKV Min Version: v3.0.0-60965b006877ca7234adaced7890d7b029ed1306 |
| Check Table Before Drop: false                                    |
+-------------------------------------------------------------------+
1 row in set
Time: 0.009s
```

