ID: 23273
Title: TiDB does not throw `Expression of SELECT list is not in GROUP BY clause and contains nonaggregated column` in only_full_group_by mode for complex sql
Description:
## Bug Report

Please answer these questions before submitting your issue. Thanks!

### 1. Minimal reproduce step (Required)

<!-- a step by step guide for reproducing the bug. -->
```
mysql> show create table dd;
+-------+------------------------------------------------------------------------------------------------------------------------------------------------------------------------------------------------------------------------------------------------------------------------------------------------------------------------------------------------------------------------------------------------------------------------------------------------------------------------------------------------------------------------------------------------------------------+
| Table | Create Table                                                                                                                                                                                                                                                                                                                                                                                                                                                                                                                                                     |
+-------+------------------------------------------------------------------------------------------------------------------------------------------------------------------------------------------------------------------------------------------------------------------------------------------------------------------------------------------------------------------------------------------------------------------------------------------------------------------------------------------------------------------------------------------------------------------+
| DD    | CREATE TABLE `DD` (
  `col_varchar_10` varchar(10) DEFAULT NULL,
  `col_datetime_not_null` datetime NOT NULL,
  `col_int_not_null` int(11) NOT NULL,
  `col_int` int(11) DEFAULT NULL,
  `col_datetime` datetime DEFAULT NULL,
  `col_decimal` decimal(10,0) DEFAULT NULL,
  `col_varchar_10_not_null` varchar(10) NOT NULL,
  `col_decimal_not_null` decimal(10,0) NOT NULL,
  `pk` int(11) NOT NULL AUTO_INCREMENT,
  PRIMARY KEY (`pk`) /*T![clustered_index] CLUSTERED */
) ENGINE=InnoDB DEFAULT CHARSET=utf8mb4 COLLATE=utf8mb4_bin AUTO_INCREMENT=2000001 |
+-------+------------------------------------------------------------------------------------------------------------------------------------------------------------------------------------------------------------------------------------------------------------------------------------------------------------------------------------------------------------------------------------------------------------------------------------------------------------------------------------------------------------------------------------------------------------------+
1 row in set (0.00 sec)

mysql> show create table bb;
+-------+------------------------------------------------------------------------------------------------------------------------------------------------------------------------------------------------------------------------------------------------------------------------------------------------------------------------------------------------------------------------------------------------------------------------------------------------------------------------------------------------------------------------------------------------------------------+
| Table | Create Table                                                                                                                                                                                                                                                                                                                                                                                                                                                                                                                                                     |
+-------+------------------------------------------------------------------------------------------------------------------------------------------------------------------------------------------------------------------------------------------------------------------------------------------------------------------------------------------------------------------------------------------------------------------------------------------------------------------------------------------------------------------------------------------------------------------+
| BB    | CREATE TABLE `BB` (
  `col_int` int(11) DEFAULT NULL,
  `col_varchar_10` varchar(10) DEFAULT NULL,
  `pk` int(11) NOT NULL AUTO_INCREMENT,
  `col_int_not_null` int(11) NOT NULL,
  `col_decimal` decimal(10,0) DEFAULT NULL,
  `col_datetime` datetime DEFAULT NULL,
  `col_decimal_not_null` decimal(10,0) NOT NULL,
  `col_datetime_not_null` datetime NOT NULL,
  `col_varchar_10_not_null` varchar(10) NOT NULL,
  PRIMARY KEY (`pk`) /*T![clustered_index] CLUSTERED */
) ENGINE=InnoDB DEFAULT CHARSET=utf8mb4 COLLATE=utf8mb4_bin AUTO_INCREMENT=2000001 |
+-------+------------------------------------------------------------------------------------------------------------------------------------------------------------------------------------------------------------------------------------------------------------------------------------------------------------------------------------------------------------------------------------------------------------------------------------------------------------------------------------------------------------------------------------------------------------------+
1 row in set (0.00 sec)
mysql> select @@sql_mode;
+-------------------------------------------------------------------------------------------------------------------------------------------+
| @@sql_mode                                                                                                                                |
+-------------------------------------------------------------------------------------------------------------------------------------------+
| ONLY_FULL_GROUP_BY,STRICT_TRANS_TABLES,NO_ZERO_IN_DATE,NO_ZERO_DATE,ERROR_FOR_DIVISION_BY_ZERO,NO_AUTO_CREATE_USER,NO_ENGINE_SUBSTITUTION |
+-------------------------------------------------------------------------------------------------------------------------------------------+
1 row in set (0.00 sec)
mysql> SELECT OUTR . col1 AS X FROM  (  SELECT INNR . `pk` + 1 as col1, INNR . `col_decimal` as col2 FROM DD AS INNR ) AS OUTR2  RIGHT JOIN  (  SELECT INNR . col1 as col1, MIN( INNR . col2 ) as col2 FROM   (SELECT INNR . `col_int` + 1 as col1, INNR . `col_int_not_null`
as col2 FROM BB AS INNR) AS INNR   GROUP BY col1 ) AS OUTR  ON OUTR2.col1 = OUTR.col1  GROUP BY OUTR . col2, OUTR2 . col2 order by x;
```
### 2. What did you expect to see? (Required)
TiDB throw error like `Expression #1 of SELECT list is not in GROUP BY clause and contains nonaggregated column`
### 3. What did you see instead (Required)
Query success without any error or warning info.
### 4. What is your TiDB version? (Required)

<!-- Paste the output of SELECT tidb_version() -->
```
mysql> select tidb_version();
+---------------------------------------------------------------------------------------------------------------------------------------------------------------------------------------------------------------------------------------------------------------------------------------------------------------------------------+
| tidb_version()                                                                                                                                                                                                                                                                                                                  |
+---------------------------------------------------------------------------------------------------------------------------------------------------------------------------------------------------------------------------------------------------------------------------------------------------------------------------------+
| Release Version: v4.0.0-beta.2-2332-gd1297376f-dirty
Edition: Community
Git Commit Hash: d1297376f1c9ab4835f3cfceec681ce4200aa428
Git Branch: master
UTC Build Time: 2021-03-10 12:30:39
GoVersion: go1.13
Race Enabled: false
TiKV Min Version: v3.0.0-60965b006877ca7234adaced7890d7b029ed1306
Check Table Before Drop: false |
+---------------------------------------------------------------------------------------------------------------------------------------------------------------------------------------------------------------------------------------------------------------------------------------------------------------------------------+
1 row in set (0.00 sec)
```
