ID: 23286
Title: concat time data type lost the time fsp
Description:
## Bug Report

Please answer these questions before submitting your issue. Thanks!

### 1. Minimal reproduce step (Required)
```sql
create table t(a char, b time(1), c datetime(2), d timestamp(3));
insert into t values ('a', '08:30:01.3', '2021-03-01 20:04:11.22', '2021-03-01 20:04:11.333');
select * from t;
select concat(a, b), concat(a, c), concat(a, d), concat(b, c), concat(c, d) from t;
```
<!-- a step by step guide for reproducing the bug. -->

### 2. What did you expect to see? (Required)
```sql
mysql> create table t(a char, b time(1), c datetime(2), d timestamp(3));
Query OK, 0 rows affected (0.08 sec)

mysql> insert into t values ('a', '08:30:01.3', '2021-03-01 20:04:11.22', '2021-03-01 20:04:11.333');
Query OK, 1 row affected (0.05 sec)

mysql> select * from t;
select concat(a, b), concat(a, c), concat(a, d), concat(b, c), concat(c, d) from t;
+------+------------+------------------------+-------------------------+
| a    | b          | c                      | d                       |
+------+------------+------------------------+-------------------------+
| a    | 08:30:01.3 | 2021-03-01 20:04:11.22 | 2021-03-01 20:04:11.333 |
+------+------------+------------------------+-------------------------+
1 row in set (0.05 sec)

mysql> select concat(a, b), concat(a, c), concat(a, d), concat(b, c), concat(c, d) from t;
+--------------+-------------------------+--------------------------+----------------------------------+-----------------------------------------------+
| concat(a, b) | concat(a, c)            | concat(a, d)             | concat(b, c)                     | concat(c, d)                                  |
+--------------+-------------------------+--------------------------+----------------------------------+-----------------------------------------------+
| a08:30:01.3  | a2021-03-01 20:04:11.22 | a2021-03-01 20:04:11.333 | 08:30:01.32021-03-01 20:04:11.22 | 2021-03-01 20:04:11.222021-03-01 20:04:11.333 |
+--------------+-------------------------+--------------------------+----------------------------------+-----------------------------------------------+
1 row in set (0.05 sec)

```
### 3. What did you see instead (Required)
```sql
mysql> create table t(a char, b time(1), c datetime(2), d timestamp(3));
Query OK, 0 rows affected (0.18 sec)
mysql>  insert into t values ('a', '08:30:01.3', '2021-03-01 20:04:11.22', '2021-03-01 20:04:11.333');
Query OK, 1 row affected (0.08 sec)

mysql> select * from t;
+------+------------+------------------------+-------------------------+
| a    | b          | c                      | d                       |
+------+------------+------------------------+-------------------------+
| a    | 08:30:01.3 | 2021-03-01 20:04:11.22 | 2021-03-01 20:04:11.333 |
+------+------------+------------------------+-------------------------+
1 row in set (0.05 sec)

mysql> select concat(a, b), concat(a, c), concat(a, d), concat(b, c), concat(c, d) from t;
+--------------+-------------------------+--------------------------+--------------------------------+-----------------------------------------------+
| concat(a, b) | concat(a, c)            | concat(a, d)             | concat(b, c)                   | concat(c, d)                                  |
+--------------+-------------------------+--------------------------+--------------------------------+-----------------------------------------------+
| a08:30:01    | a2021-03-01 20:04:11.22 | a2021-03-01 20:04:11.333 | 08:30:012021-03-01 20:04:11.22 | 2021-03-01 20:04:11.222021-03-01 20:04:11.333 |
+--------------+-------------------------+--------------------------+--------------------------------+-----------------------------------------------+

```
### 4. What is your TiDB version? (Required)

<!-- Paste the output of SELECT tidb_version() -->
master: b42a6f449a4
release-4.0: 122ee4d8fc9cf1
5.0-rc: fd4437dd
