ID: 23291
Title: The column name is inconsistent with mysql when character set utf8 
Description:
## Bug Report

Please answer these questions before submitting your issue. Thanks!

### 1. Minimal reproduce step (Required)
```mysql
mysql> create table t1(`COL1` varchar(255) CHARACTER SET utf8 COLLATE utf8_general_ci NOT NULL, PRIMARY KEY (`COL1`) USING BTREE);
Query OK, 0 rows affected (0.18 sec)

mysql> insert into t1 values("a");
Query OK, 1 row affected (0.01 sec)
```
<!-- a step by step guide for reproducing the bug. -->

### 2. What did you expect to see? (Required)
```mysql
mysql> select col1 from t1 where col1 = "a";
+------+
| col1 |
+------+
| a    |
+------+
1 row in set (0.02 sec)
```
### 3. What did you see instead (Required)
```mysql
mysql> select col1 from t1 where col1 = "a";
+------+
| COL1 |
+------+
| a    |
+------+
1 row in set (0.04 sec)
```
### 4. What is your TiDB version? (Required)
```mysql
Release Version: v4.0.0-beta.2-2209-gfebac515b
Edition: Community
Git Commit Hash: febac515b1369643216e1efc971a262615dc4794
Git Branch: master
UTC Build Time: 2021-03-01 03:47:27
GoVersion: go1.13
Race Enabled: false
TiKV Min Version: v3.0.0-60965b006877ca7234adaced7890d7b029ed1306
Check Table Before Drop: false
```
<!-- Paste the output of SELECT tidb_version() -->

