ID: 23290
Title: the result of prepare execute is incorrect 
Description:
## Bug Report

Please answer these questions before submitting your issue. Thanks!

### 1. Minimal reproduce step (Required)
```sql
CREATE TABLE t (  `COL102` mediumint(25) DEFAULT NULL,  `COL103` mediumint(25) DEFAULT NULL,  `COL1` mediumint(25) GENERATED ALWAYS AS (`COL102` / 10) STORED NOT NULL,  `COL2` varchar(20) DEFAULT NULL,  `COL4` datetime DEFAULT NULL,  `COL3` bigint(20) DEFAULT NULL,  `COL5` float DEFAULT NULL,  PRIMARY KEY (`COL1`) ) ENGINE=InnoDB DEFAULT CHARSET=utf8mb4 COLLATE=utf8mb4_bin;

insert into t (COL102,COL103,COL2,COL4,COL3,COL5) values(11,19,"abcd","9289\-01\-03\ 22:36:43",-7766341800212896104,2.335516840459477e+38); 
insert into t (COL102,COL103,COL2,COL4,COL3,COL5) values(22,12,"abcd","0335\-11\-19\ 22:51:03",-4154892179550291056,-3.23035740051128e+38); 
insert into t (COL102,COL103,COL2,COL4,COL3,COL5) values(33,9,"abcd","5703\-06\-21\ 10:01:55",-8469066621231379353,1.478085071191862e+38);    
prepare stmt from 'select col1, col2 from t where col1 between ? and ?;';
set @a=1, @b=1;
execute stmt using@a,@b;
set @a=1, @b=10;
execute stmt using@a,@b;

```
<!-- a step by step guide for reproducing the bug. -->

### 2. What did you expect to see? (Required)
```sql
mysql > set @a=1, @b=1;
Query OK, 0 rows affected
Time: 0.044s
mysql > execute stmt using@a,@b;
+------+------+
| col1 | col2 |
+------+------+
| 1    | abcd |
+------+------+

1 row in set
Time: 0.054s
mysql > set @a=1, @b=10;
Query OK, 0 rows affected
Time: 0.053s
mysql > execute stmt using@a,@b;
+------+------+
| col1 | col2 |
+------+------+
| 1    | abcd |
| 2    | abcd |
| 3    | abcd |
+------+------+
```
### 3. What did you see instead (Required)
```sql
mysql > prepare stmt from 'select col1, col2 from t where col1 between ? and ?;';
Query OK, 0 rows affected
Time: 0.001s
mysql > set @a=1, @b=1;
Query OK, 0 rows affected
Time: 0.001s
mysql > execute stmt using@a,@b;
+------+------+
| col1 | col2 |
+------+------+
| 1    | abcd |
+------+------+

1 row in set
Time: 0.008s
mysql > set @a=1, @b=10;
Query OK, 0 rows affected
Time: 0.001s
mysql root@127.0.0.1:test> execute stmt using@a,@b;
+--------+--------+
| COL102 | COL103 |
+--------+--------+
| 1      | abcd   |
+--------+--------+

```
### 4. What is your TiDB version? (Required)

<!-- Paste the output of SELECT tidb_version() -->
release-4.0:  122ee4d8fc9cf
master:  b42a6f449a4
5.0-rc: fd4437dde44
