ID: 23411
Title: The result of 'varbinary + 1' is incorrect
Description:
## Bug Report

Please answer these questions before submitting your issue. Thanks!

### 1. Minimal reproduce step (Required)
```mysql
mysql> create table t1(col1 varbinary(20));
Query OK, 0 rows affected (0.38 sec)

mysql> insert into t1 values(".1pingcap");
Query OK, 1 row affected (0.05 sec)

```
<!-- a step by step guide for reproducing the bug. -->

### 2. What did you expect to see? (Required)
```mysql
mysql> select col1, col1 + 1 from t1;
+-----------+----------+
| col1      | col1 + 1 |
+-----------+----------+
| .1pingcap |      1.1 |
+-----------+----------+
1 row in set (0.07 sec)

```
### 3. What did you see instead (Required)
```mysql
mysql> select col1, col1 + 1 from t1;
+-----------+----------+
| col1      | col1 + 1 |
+-----------+----------+
| .1pingcap |        1 |
+-----------+----------+
1 row in set (0.06 sec)

```
### 4. What is your TiDB version? (Required)
```mysql
Release Version: v4.0.0-beta.2-2393-g3cfb984
Edition: Community
Git Commit Hash: 3cfb984211901c3416ec539658ac86d2cb64e81f
Git Branch: master
UTC Build Time: 2021-03-18 02:41:26
GoVersion: go1.13.5
Race Enabled: false
TiKV Min Version: v3.0.0-60965b006877ca7234adaced7890d7b029ed1306
Check Table Before Drop: false
```
<!-- Paste the output of SELECT tidb_version() -->

