ID: 23495
Title: cast as decimal return the wrong result
Description:
## Bug Report

Please answer these questions before submitting your issue. Thanks!

### 1. Minimal reproduce step (Required)
```sql
create table t(a decimal(15,2));
insert into t values (1111111111111.01);
select cast(a as decimal) from t;
create table t1(a decimal);
insert into t1 values (99999999999);
```
<!-- a step by step guide for reproducing the bug. -->

### 2. What did you expect to see? (Required)
the default number of digits for decimal should be 10.
```sql
mysql > select cast(a as decimal) from t;
+--------------------+
| cast(a as decimal) |
+--------------------+
| 9999999999         |
+--------------------+
1 row in set
Time: 0.052s

```
### 3. What did you see instead (Required)
the default number of digits for decimal should be 10, but `cast` return 11
```sql
mysql > drop table t;
Query OK, 0 rows affected
Time: 0.558s
mysql > create table t(a decimal(15,2));
Query OK, 0 rows affected
Time: 0.285s
MySQL > insert into t values (1111111111111.01);
Query OK, 1 row affected
Time: 0.102s
mysql > select * from t;
+------------------+
| a                |
+------------------+
| 1111111111111.01 |
+------------------+
1 row in set
Time: 0.067s
mysql > select cast(a as decimal) from t;
+--------------------+
| cast(a as decimal) |
+--------------------+
| 99999999999        |
+--------------------+
1 row in set
Time: 0.081s
mysql > create table t1(a decimal);
Query OK, 0 rows affected
Time: 0.223s
mysql > insert into t1 values (99999999999);
(1264, "Out of range value for column 'a' at row 1")
```
### 4. What is your TiDB version? (Required)
master: 1cebae21a7
release-5.0: 03f11d24c716baa
release-4.0: 11a9254bec522c1

<!-- Paste the output of SELECT tidb_version() -->

