ID: 23511
Title: The result of selecting with hexadecimal is wrong when bit as the primary key
Description:
## Bug Report

Please answer these questions before submitting your issue. Thanks!

### 1. Minimal reproduce step (Required)
```mysql
CREATE TABLE `t1`  (
  `COL1` bit(11) NOT NULL,
	 PRIMARY KEY (`COL1`) USING BTREE
)

CREATE TABLE `t2`  (
  `COL1` bit(11) NOT NULL
)

insert into t1 values(b'00000111001');
insert into t2 values(b'00000111001');
```
<!-- a step by step guide for reproducing the bug. -->

### 2. What did you expect to see? (Required)
```mysql
mysql> select * from t1 where col1 = 0x39;
+-------------+
| COL1        |
+-------------+
| 00000111001 |
+-------------+
1 row in set (0.06 sec)

mysql> select * from t1 where col1 = 0x0039;
+-------------+
| COL1        |
+-------------+
| 00000111001 |
+-------------+
1 row in set (0.06 sec)

mysql> select * from t2 where col1 = 0x39;
+-------------+
| COL1        |
+-------------+
| 00000111001 |
+-------------+
1 row in set (0.05 sec)

mysql> select * from t2 where col1 = 0x0039;
+-------------+
| COL1        |
+-------------+
| 00000111001 |
+-------------+
1 row in set (0.06 sec)

```
### 3. What did you see instead (Required)
```mysql
mysql> select * from t1 where col1 = 0x39;
Empty set

mysql> select * from t1 where col1 = 0x0039;
+-------------+
| COL1        |
+-------------+
| 00000111001 |
+-------------+
1 row in set (0.08 sec)

mysql> select * from t2 where col1 = 0x39;
+-------------+
| COL1        |
+-------------+
| 00000111001 |
+-------------+
1 row in set (0.09 sec)

mysql> select * from t2 where col1 = 0x0039;
+-------------+
| COL1        |
+-------------+
| 00000111001 |
+-------------+
1 row in set (0.10 sec)

```
### 4. What is your TiDB version? (Required)
```mysql
Release Version: v4.0.0-beta.2-2390-gfd706ab76
Edition: Community
Git Commit Hash: fd706ab76bd09ac859aa0a4de7fe9e07da3c5508
Git Branch: master
UTC Build Time: 2021-03-17 11:37:12
GoVersion: go1.13
Race Enabled: false
TiKV Min Version: v3.0.0-60965b006877ca7234adaced7890d7b029ed1306
Check Table Before Drop: false
```
<!-- Paste the output of SELECT tidb_version() -->

