ID: 23624
Title: varchar and char conversion causes data and index inconsistent
Description:
## Bug Report

Please answer these questions before submitting your issue. Thanks!

### 1. Minimal reproduce step (Required)

<!-- a step by step guide for reproducing the bug. -->

``` sql
drop table if exists t;
create table t(b varchar(10));
insert into t values ("aaa   ");

alter table t change column b b char(10);
alter table t add index idx(b);
alter table t change column b b varchar(10);

select b from t use index(idx);
select b from t ignore index(idx);
```

### 2. What did you expect to see? (Required)
data and index consistent
admin check table reports the inconsistence.
### 3. What did you see instead (Required)
``` sql
mysql> select b from t use index(idx);
+-----+
| b   |
+-----+
| aaa |
+-----+
1 row in set (0.00 sec)

mysql> select b from t ignore index(idx)
+--------+
| b      |
+--------+
| aaa    |
+--------+
1 row in set (0.00 sec)

mysql> admin check table t;
Query OK, 0 rows affected (0.04 sec)
```
### 4. What is your TiDB version? (Required)
master
<!-- Paste the output of SELECT tidb_version() -->

