ID: 23672
Title: Use hexadecimal to select and get wrong results when opening new collation
Description:
## Bug Report

Please answer these questions before submitting your issue. Thanks!

### 1. Minimal reproduce step (Required)
```mysql
CREATE TABLE `t1` (
  `COL1` varchar(255) CHARACTER SET utf8mb4 COLLATE utf8mb4_general_ci NOT NULL,
  PRIMARY KEY (`COL1`(5)) /*T![clustered_index] CLUSTERED */
) ENGINE=InnoDB DEFAULT CHARSET=utf8mb4 COLLATE=utf8mb4_bin;

INSERT INTO `t1` VALUES ('Ȇ');
```
<!-- a step by step guide for reproducing the bug. -->

### 2. What did you expect to see? (Required)
```mysql
mysql> select * from t1 where col1 not in (0xc484, 0xe5a4bc, 0xc3b3);
+------+
| COL1 |
+------+
| Ȇ    |
+------+
1 row in set (0.05 sec)
 
```
### 3. What did you see instead (Required)
```mysql
mysql> select * from t1 where col1 not in (0xc484, 0xe5a4bc, 0xc3b3);
+------+
| COL1 |
+------+
| Ȇ    |
| Ȇ    |
+------+
2 rows in set (0.01 sec)
 
```
### 4. What is your TiDB version? (Required)
```mysql
v4.0.0-beta
v5.0.0-nightly
```
<!-- Paste the output of SELECT tidb_version() -->

