ID: 23784
Title: Error in accuracy when adding CURRENT_TIMESTAMP column
Description:
## Bug Report

Please answer these questions before submitting your issue. Thanks!

### 1. Minimal reproduce step (Required)
```sql
create table test(id int,update_time datetime(6) NOT NULL DEFAULT CURRENT_TIMESTAMP(6) ON UPDATE CURRENT_TIMESTAMP(6));
insert into test(id) values (1);
select * from  test;
alter table test add column update_time1 datetime(6) NOT NULL DEFAULT CURRENT_TIMESTAMP(6) ON UPDATE CURRENT_TIMESTAMP(6) ;
select * from  test;
```

### 2. What did you expect to see? (Required)
```sql
mysql> select * from  test;
+------+----------------------------+----------------------------+
| id        | update_time                           | update_time1                         |
+------+----------------------------+----------------------------+
|    1 | 2021-03-31 19:13:15.441962 | 2021-03-31 19:13:28.381179 |
+------+----------------------------+----------------------------+
1 row in set (0.01 sec)
```

### 3. What did you see instead (Required)

```sql
mysql> select * from  test;
+------+----------------------------+----------------------------+
| id   | update_time                | update_time1               |
+------+----------------------------+----------------------------+
|    1 | 2021-03-31 19:13:15.441962 | 2021-03-31 19:13:28.000000 |
+------+----------------------------+----------------------------+
1 row in set (0.01 sec)
```
### 4. What is your TiDB version? (Required)
v3.0 v3.1 v4.0...


Please assign this issue to me, I want to submit PR and fix it, thanks.

