ID: 23832
Title: bit column union Numeric literals select got the wrong results 
Description:
## Bug Report

Please answer these questions before submitting your issue. Thanks!

### 1. Minimal reproduce step (Required)
```sql
drop table if exists t;
create table t(a bit(20), b float, c double, d int);
insert into t values(10, 10, 10, 10), (1, -1, 2, -2), (2, -2, 1, 1), (2, 1.1, 2.1, 10.1);
select a from t union select 10;
```
<!-- a step by step guide for reproducing the bug. -->

### 2. What did you expect to see? (Required)
```sql
mysql> drop table if exists t;
Query OK, 0 rows affected (0.04 sec)

mysql> create table t(a bit(20), b float, c double, d int);
Query OK, 0 rows affected (0.07 sec)

mysql> insert into t values(10, 10, 10, 10), (1, -1, 2, -2), (2, -2, 1, 1), (2, 1.1, 2.1, 10.1);
Query OK, 4 rows affected (0.04 sec)
Records: 4  Duplicates: 0  Warnings: 0

mysql> select a from t union select 10;
+------+
| a    |
+------+
|   10 |
|    1 |
|    2 |
+------+
3 rows in set (0.23 sec)
```
### 3. What did you see instead (Required)
```sql
mysql> select a from t union select 10;
+----------+
| a        |
+----------+
| 0x00000A |
| 0x3130   |
| 0x000001 |
| 0x000002 |
+----------+
4 rows in set (0.00 sec)
```
### 4. What is your TiDB version? (Required)
master: 096281ec2f9a0b9a1e
release-4.0: 11a9254bec522
release-5.0: e2740f54b6b2
<!-- Paste the output of SELECT tidb_version() -->

