ID: 23869
Title: Cast year as datetime should return null
Description:
## Bug Report

Please answer these questions before submitting your issue. Thanks!

### 1. Minimal reproduce step (Required)

```
drop table if exists t;
create table t (a year);
insert into t values (2021);
select cast(a as datetime) from t;
```

<!-- a step by step guide for reproducing the bug. -->

### 2. What did you expect to see? (Required)

```
MySQL [test]> select cast(a as datetime) from t;
+---------------------+
| cast(a as datetime) |
+---------------------+
| NULL                |
+---------------------+
1 row in set, 1 warning (0.000 sec)
MySQL [test]> show warnings;
+---------+------+----------------------------------+
| Level   | Code | Message                          |
+---------+------+----------------------------------+
| Warning | 1292 | Incorrect datetime value: '2021' |
+---------+------+----------------------------------+
1 row in set (0.000 sec)
```


### 3. What did you see instead (Required)

```
MySQL [test]> select cast(a as datetime) from t;
+---------------------+
| cast(a as datetime) |
+---------------------+
| 2021-00-00 00:00:00 |
+---------------------+
1 row in set (0.001 sec)
```

### 4. What is your TiDB version? (Required)

<!-- Paste the output of SELECT tidb_version() -->

master

this bug is caused by https://github.com/pingcap/tidb/pull/20233 , TiDB acts correctly before this PR, namely in e9b11b72a37ae747b259e6b963405ad70c645818
