ID: 23904
Title: executor: wrong results for a outer join
Description:
## Bug Report

Please answer these questions before submitting your issue. Thanks!

### 1. Minimal reproduce step (Required)
mysql -h172.16.5.85 -P52324 -uroot -D subquery_agg10000

```
SELECT ( 8,
         2 ) IN 
    (SELECT 8 ,
         0
    UNION
    DISTINCT SELECT 8,
         3 ) AS field1
FROM `L` AS table1
LEFT JOIN `R` AS table2
INNER JOIN `W` AS table3
    ON (table3 . `col_decimal` = table2 . `col_decimal_40_key` )
    ON (table3 . `col_char_64_not_null` = table2 . `col_varchar_key` )
WHERE table2 . `col_char_64` < ANY 
    (SELECT SUBQUERY2_t2 . `col_varchar_64_not_null` AS SUBQUERY2_field1
    FROM `DD` AS SUBQUERY2_t1
    LEFT JOIN ( `V` AS SUBQUERY2_t2
    INNER JOIN `AA` AS SUBQUERY2_t3
        ON (SUBQUERY2_t3 . `col_varchar_key` = SUBQUERY2_t2 . `col_char_64` ))
        ON (SUBQUERY2_t3 . `col_int_key` = SUBQUERY2_t2 . `col_decimal_40_key` )
    WHERE SUBQUERY2_t2 . `col_bigint` = table2 . `col_tinyint_not_null` )
        OR table1 . `col_varchar_key` IN ('q')
        AND ( table2 . `col_char_64_not_null` = 'f'
        AND table1 . `col_int_key` < table2 . `col_decimal` )
```
<!-- a step by step guide for reproducing the bug. -->

### 2. What did you expect to see? (Required)
```
|      0 |
|      0 |
|      0 |
|      0 |
|      0 |
|      0 |
|      0 |
|      0 |
|      0 |
|      0 |
|      0 |
|      0 |
|      0 |
|      0 |
|      0 |
|      0 |
|      0 |
|      0 |
|      0 |
|      0 |
|      0 |
|      0 |
|      0 |
|      0 |
|      0 |
|      0 |
|      0 |
|      0 |
|      0 |
|      0 |
|      0 |
|      0 |
|      0 |
|      0 |
|      0 |
|      0 |
|      0 |
|      0 |
|      0 |
|      0 |
|      0 |
|      0 |
|      0 |
|      0 |
|      0 |
|      0 |
+--------+
70 rows in set (0.20 sec)
```
### 3. What did you see instead (Required)
```
|      0 |
|      0 |
|   NULL |
|      0 |
|      0 |
|      0 |
|      0 |
|      0 |
|      0 |
|      0 |
|      0 |
|      0 |
|      0 |
|      0 |
|      0 |
|      0 |
|      0 |
|      0 |
|      0 |
|      0 |
|   NULL |
|      0 |
|   NULL |
|      0 |
|      0 |
|      0 |
|      0 |
|      0 |
|      0 |
|      0 |
|      0 |
|      0 |
|      0 |
|      0 |
|      0 |
|      0 |
|      0 |
|      0 |
|      0 |
|      0 |
|      0 |
|   NULL |
+--------+
70 rows in set (0.09 sec)
```
### 4. What is your TiDB version? (Required)
master of nightly
<!-- Paste the output of SELECT tidb_version() -->

