ID: 23916
Title: inconsistent query result from a bit type column
Description:
## Bug Report

Please answer these questions before submitting your issue. Thanks!

### 1. Minimal reproduce step (Required)

```sql
CREATE TABLE `tbl_4` (
  `col_20` int(10) unsigned NOT NULL,
  `col_21` tinyint(3) unsigned DEFAULT '154',
  `col_22` bit(1) NOT NULL DEFAULT b'0',
  `col_23` timestamp NULL DEFAULT NULL,
  `col_24` smallint(6) NOT NULL,
  PRIMARY KEY (`col_22`,`col_20`,`col_24`) /*T![clustered_index] NONCLUSTERED */,
  KEY `idx_7` (`col_21`),
  KEY `idx_8` (`col_24`,`col_20`,`col_22`)
) ENGINE=InnoDB DEFAULT CHARSET=utf8mb4 COLLATE=utf8mb4_bin;

INSERT INTO `tbl_4` VALUES (599133880,175,x'00','2008-05-04 00:00:00',4588),
(3842173571,12,x'00','1970-01-20 00:00:00',-9269);

( select * from tbl_4 where col_22 = 0 and col_20 = 599133880 and col_24 = 4588) union ( select * from tbl_4 where  (col_22, col_20, col_24) = (0, 3842173571, -9269)  for update);

select * from tbl_4 where col_22 = 0 and col_20 = 599133880 and col_24 = 4588;

select * from tbl_4 where  (col_22, col_20, col_24) = (0, 3842173571, -9269)  for update;
```

### 2. What did you expect to see? (Required)

consistent query result (col_22 is x'00')

### 3. What did you see instead (Required)
```
> ( select * from tbl_4 where col_22 = 0 and col_20 = 599133880 and col_24 = 4588) union ( select * from tbl_4 where  (col_22, col_20, col_24) = (0, 3842173571, -9269)  for update);
+------------+--------+--------+---------------------+--------+
| col_20     | col_21 | col_22 | col_23              | col_24 |
+------------+--------+--------+---------------------+--------+
|  599133880 |    175 |        | 2008-05-04 00:00:00 |   4588 |
| 3842173571 |     12 | 0      | 1970-01-20 00:00:00 |  -9269 |
+------------+--------+--------+---------------------+--------+
2 rows in set (0.002 sec)

> select * from tbl_4 where col_22 = 0 and col_20 = 599133880 and col_24 = 4588;
+-----------+--------+--------+---------------------+--------+
| col_20    | col_21 | col_22 | col_23              | col_24 |
+-----------+--------+--------+---------------------+--------+
| 599133880 |    175 |        | 2008-05-04 00:00:00 |   4588 |
+-----------+--------+--------+---------------------+--------+
1 row in set (0.001 sec)

> select * from tbl_4 where  (col_22, col_20, col_24) = (0, 3842173571, -9269)  for update;
+------------+--------+--------+---------------------+--------+
| col_20     | col_21 | col_22 | col_23              | col_24 |
+------------+--------+--------+---------------------+--------+
| 3842173571 |     12 |        | 1970-01-20 00:00:00 |  -9269 |
+------------+--------+--------+---------------------+--------+
1 row in set (0.004 sec)
```

### 4. What is your TiDB version? (Required)

```
Release Version: v4.0.0-beta.2-2439-gbdac0885c
Edition: Community
Git Commit Hash: bdac0885cd11bdf571aad9353bfc24e13554b91c
Git Branch: HEAD
UTC Build Time: 2021-04-08 02:38:09
GoVersion: go1.16.3
Race Enabled: false
TiKV Min Version: v3.0.0-60965b006877ca7234adaced7890d7b029ed1306
Check Table Before Drop: false
```

