ID: 2409
Title: The result of `select round(1e3, 2)` is wrong
Description:
1. What did you do?
If possible, provide a recipe for reproducing the error.
select round(1e3, 2);

2. What did you expect to see?
+---------------+
| round(1e3, 2) |
+---------------+
|       1000.00 |
+---------------+
1 row in set (0.01 sec)


3. What did you see instead?
+---------------+
| round(1e3, 2) |
+---------------+
|          1000 |
+---------------+
1 row in set (0.00 sec)
