ID: 24205
Title: The subquery returned an incorrect result
Description:
## Bug Report

Please answer these questions before submitting your issue. Thanks!

### 1. Minimal reproduce step (Required)
```mysql
CREATE TABLE t1  (
  COL1 bigint(16) UNSIGNED NULL DEFAULT NULL
) ENGINE = InnoDB CHARACTER SET = utf8mb4 COLLATE = utf8mb4_bin ROW_FORMAT = Compact PARTITION BY HASH (`COL1` DIV 67)
PARTITIONS 5
(PARTITION `p0` MAX_ROWS = 0 MIN_ROWS = 0 ,
PARTITION `p1` MAX_ROWS = 0 MIN_ROWS = 0 ,
PARTITION `p2` MAX_ROWS = 0 MIN_ROWS = 0 ,
PARTITION `p3` MAX_ROWS = 0 MIN_ROWS = 0 ,
PARTITION `p4` MAX_ROWS = 0 MIN_ROWS = 0 );

INSERT INTO t1 VALUES (11333449897206147134);
INSERT INTO t1 VALUES (2420174916247255494);
INSERT INTO t1 VALUES (3899490809029152765);
```
<!-- a step by step guide for reproducing the bug. -->

### 2. What did you expect to see? (Required)
```mysql
mysql> select * from t1 where col1 < any (select col1 from t1) and col1 in (select col1 from t1);
+---------------------+
| COL1                |
+---------------------+
| 2420174916247255494 |
| 3899490809029152765 |
+---------------------+
2 rows in set (0.07 sec)

```
### 3. What did you see instead (Required)
```mysql
mysql> select * from t1 where col1 < any (select col1 from t1) and col1 in (select col1 from t1);
+---------------------+
| COL1                |
+---------------------+
| 2420174916247255494 |
+---------------------+
1 row in set (0.04 sec)

```
### 4. What is your TiDB version? (Required)
```mysql
Release Version: v5.0.1
Edition: Community
Git Commit Hash: 4141f837ad4655a567119db743b7b752a95f5aa2
Git Branch: heads/refs/tags/v5.0.1
UTC Build Time: 2021-04-17 04:28:49
GoVersion: go1.13
Race Enabled: false
TiKV Min Version: v3.0.0-60965b006877ca7234adaced7890d7b029ed1306
Check Table Before Drop: false
```
<!-- Paste the output of SELECT tidb_version() -->

