ID: 24323
Title: unexpected union result
Description:
## Bug Report

Please answer these questions before submitting your issue. Thanks!

### 1. Minimal reproduce step (Required)
``` sql
CREATE TABLE t1 (a VARCHAR(10), FULLTEXT KEY a (a));
INSERT INTO t1 VALUES (1),(2);
CREATE TABLE t2 (b INT);
INSERT INTO t2 VALUES (1),(2);

SELECT * FROM t1 UNION SELECT * FROM t1
  ORDER BY (SELECT a FROM t2 WHERE b = 12);
```

### 2. What did you expect to see? (Required)
``` sql
mysql> SELECT * FROM t1 UNION SELECT * FROM t1
    ->   ORDER BY (SELECT a FROM t2 WHERE b = 12);
+------+
| a    |
+------+
| 1    |
| 2    |
+------+
2 rows in set (0.00 sec)
```

### 3. What did you see instead (Required)
The result is unstable.
``` sql
tidb> SELECT * FROM t1 UNION SELECT * FROM t1   ORDER BY (SELECT a FROM t2 WHERE b = 12);
+------+
| a    |
+------+
| 2    |
| 1    |
+------+
2 rows in set (0.00 sec)
```

``` sql
tidb> SELECT * FROM t1 UNION SELECT * FROM t1   ORDER BY (SELECT a FROM t2 WHERE b = 12);
+------+
| a    |
+------+
| 1    |
| 2    |
+------+
2 rows in set (0.00 sec)
```

### 4. What is your TiDB version? (Required)

7e1533392030514440d27ba98001c374cdf8808f in master
