ID: 24502
Title: The left join result is incorrect
Description:
## Bug Report

Please answer these questions before submitting your issue. Thanks!

### 1. Minimal reproduce step (Required)
```mysql
create table t0(col1 varchar(255));
create table t1(col1 int(11));
insert into t0 values("\\9jM\\M");
insert into t1 values(0);
insert into t1 values(null);
insert into t1 values(null);
```
<!-- a step by step guide for reproducing the bug. -->

### 2. What did you expect to see? (Required)
```mysql
mysql> select t0.col1, t1.col1 from t0 left join t1 on t0.col1 not like t0.col1;
+--------+------+
| col1   | col1 |
+--------+------+
| \9jM\M | NULL |
| \9jM\M | NULL |
| \9jM\M |    0 |
+--------+------+
3 rows in set (0.06 sec)

```
### 3. What did you see instead (Required)
```mysql
mysql> select t0.col1, t1.col1 from t0 left join t1 on t0.col1 not like t0.col1;
+--------+------+
| col1   | col1 |
+--------+------+
| \9jM\M | NULL |
+--------+------+
1 row in set (0.10 sec)

```
### 4. What is your TiDB version? (Required)
```mysql
Release Version: v4.0.0-beta.2-2780-gc5ca2ea7f
Edition: Community
Git Commit Hash: c5ca2ea7f91786f682c448aebfd07513af20c40e
Git Branch: master
UTC Build Time: 2021-04-29 16:36:57
GoVersion: go1.13
Race Enabled: false
TiKV Min Version: v3.0.0-60965b006877ca7234adaced7890d7b029ed1306
Check Table Before Drop: false
```
<!-- Paste the output of SELECT tidb_version() -->

