ID: 24751
Title: planner: the planner generates a wrong TableDual and returns wrong results 
Description:
## Bug Report

Please answer these questions before submitting your issue. Thanks!

### 1. Minimal reproduce step (Required)

```
CREATE TABLE t1 (
	id int NOT NULL,
	tran_id int NOT NULL,
	PRIMARY KEY (id)
);

CREATE TABLE t2 (
	id int NOT NULL,
	order_id varchar(32) NOT NULL,
	PRIMARY KEY (id)
);

insert into t1 values (1, 1);
insert into t2 values (1, 'xxxx');

SELECT *
FROM t1
WHERE t1.tran_id = (
    SELECT t2.id
    FROM t2
    WHERE t2.ORDER_ID = 'xxxx'
  )
  AND t1.id = (
    SELECT MAX(t0.id)
    FROM t1 t0
    WHERE t0.tran_id = t1.tran_id
  );

```

### 2. What did you expect to see? (Required)
```
+----+---------+
| id | tran_id |
+----+---------+
|  1 |       1 |
+----+---------+
1 row in set (0.00 sec)
```

### 3. What did you see instead (Required)
```
Empty set (0.00 sec)
```

### 4. What is your TiDB version? (Required)

<!-- Paste the output of SELECT tidb_version() -->
```
mysql> select version();
+--------------------+
| version()          |
+--------------------+
| 5.7.25-TiDB-v5.0.0 |
+--------------------+
1 row in set (0.00 sec)
```
