ID: 24893
Title: executor: select result with truncated values is not compatible with MySQL
Description:
## Bug Report

Please answer these questions before submitting your issue. Thanks!

### 1. Minimal reproduce step (Required)
```
create table t1 (i1 integer, c1 char);
insert into t1 values (2, 'a'), (1, 'b'), (3, 'c'), (0, null);
create table t2 (i2 integer, c2 char, f2 float);
insert into t2 values (0, 'c', null), (1, null, 0.1), (3, 'b', 0.01), (2, 'q', 0.12), (null, 'a', -0.1), (null, null, null);
SELECT _tmp_1.i1 FROM t1 AS _tmp_1 JOIN (SELECT avg(1) AS _tmp_4 FROM t2 AS _tmp_3) AS _tmp_2 WHERE _tmp_1.i1=((_tmp_2._tmp_4+(_tmp_2._tmp_4>(SELECT count(_tmp_2._tmp_4) FROM t2 AS _tmp_5)))+(_tmp_1.c1+_tmp_2._tmp_4));
```
<!-- a step by step guide for reproducing the bug. -->

### 2. What did you expect to see? (Required)
in MySQL:
```
+------+
| i1   |
+------+
|    2 |
+------+
1 row in set, 3 warnings (0.00 sec)
```
### 3. What did you see instead (Required)
in TiDB:
```
+------+
| i1   |
+------+
|    3 |
+------+
1 row in set, 3 warnings (0.00 sec)
```
Interestingly, the result become to `2` while the same query is executed again.
### 4. What is your TiDB version? (Required)
```
+------------------------------------------------------------------------------------------------------------------------------------------------------------------------------------------------------------------------------------------------------------------------------------------------------------------------------+
| tidb_version()
                                                                                                                                                     |
+------------------------------------------------------------------------------------------------------------------------------------------------------------------------------------------------------------------------------------------------------------------------------------------------------------------------------+
| Release Version: v5.1.0-alpha-13-gd5e0ed0aa-dirty
Edition: Community
Git Commit Hash: d5e0ed0aaed72d2f2dfe24e9deec31cb6cb5fdf0
Git Branch: master
UTC Build Time: 2021-05-24 14:39:20
GoVersion: go1.13
Race Enabled: false
TiKV Min Version: v3.0.0-60965b006877ca7234adaced7890d7b029ed1306
Check Table Before Drop: false |
+------------------------------------------------------------------------------------------------------------------------------------------------------------------------------------------------------------------------------------------------------------------------------------------------------------------------------+
1 row in set (0.00 sec)
```
<!-- Paste the output of SELECT tidb_version() -->

