ID: 24947
Title: Inconsistent with MySQL behavior when conversion `date` type with null data to `timestamp` with `not null` 
Description:
## Bug Report

Please answer these questions before submitting your issue. Thanks!

TiDB need to set `set global tidb_enable_change_column_type = 1`;

### 1. Minimal reproduce step (Required)

<!-- a step by step guide for reproducing the bug. -->
```
drop table tbl_6;
create table tbl_6 ( col_1 date default '2005-10-13' );
insert into tbl_6 set col_1 = null;
select * from tbl_6;
alter table tbl_6 change column col_1 col_2 timestamp not null;
select * from tbl_6;
```

### 2. What did you expect to see? (Required)
```
mysql> select * from tbl_6;
+-------+
| col_1 |
+-------+
| NULL  |
+-------+
1 row in set (0.00 sec)

mysql> alter table tbl_6 change column col_1 col_2 timestamp not null;
Query OK, 1 row affected (0.13 sec)
Records: 1  Duplicates: 0  Warnings: 0

mysql> select * from tbl_6;
+---------------------+
| col_2               |
+---------------------+
| 2021-05-28 03:48:30 |
+---------------------+
1 row in set (0.00 sec)
```

### 3. What did you see instead (Required)
```
tidb> select * from tbl_6;
+-------+
| col_1 |
+-------+
| NULL  |
+-------+
1 row in set (0.00 sec)

tidb> alter table tbl_6 change column col_1 col_2 timestamp not null;
ERROR 1265 (01000): Data truncated for column 'col_2' at row 1
tidb> select * from tbl_6;
+-------+
| col_1 |
+-------+
| NULL  |
+-------+
1 row in set (0.00 sec)
```

### 4. What is your TiDB version? (Required)

<!-- Paste the output of SELECT tidb_version() -->
```
Release Version: v4.0.0-beta.2-2957-g4000975ad
Edition: Community
Git Commit Hash: 4000975ad1785fbc4c0e5175407e8486c0cef763
Git Branch: master
```
