ID: 24955
Title: The `prepare` statement does not execute the same result as MySQL
Description:
## Bug Report

Please answer these questions before submitting your issue. Thanks!

### 1. Minimal reproduce step (Required)

<!-- a step by step guide for reproducing the bug. -->
```
CREATE TABLE `tbl_16` (
  `col_9` smallint(6) DEFAULT '-27302',
  `col_6` decimal(13,9) NOT NULL,
  `col_7` bit(1) NOT NULL DEFAULT b'0',
  `col_112` bigint(20) DEFAULT NULL,
  `col_8` decimal(26,26) NOT NULL DEFAULT '0.9',
  PRIMARY KEY (`col_6`,`col_8`,`col_7`) /*T![clustered_index] CLUSTERED */
);
insert  into tbl_16 (col_6,col_112,col_9) values ( 3708.116,-3481109009164368967,-26746 ) , ( 33.6764,-9222445218343769584,-2463 ) on duplicate key update col_9 = -17991, col_6 = 76.8177, col_7 = 1, col_8 = 0.48, col_112 = -4426108954166037970;
prepare prepare_5 from " select   first_value( col_7 ) over w from tbl_16 window w as (partition by col_7 order by col_9,col_6,col_7,col_112,col_8 ) order by col_9,col_6,col_7,col_112,col_8 , cume_dist() over w limit 877 for update ";
execute prepare_5;
```

### 2. What did you expect to see? (Required)
```
+-----------------------------+
| first_value( col_7 ) over w |
+-----------------------------+
|                             |
|                             |
+-----------------------------+
2 rows in set (0.00 sec)
```

### 3. What did you see instead (Required)
```
+-----------------------------+
| first_value( col_7 ) over w |
+-----------------------------+
|                           0 |
|                           0 |
+-----------------------------+
2 rows in set (0.01 sec)
```

### 4. What is your TiDB version? (Required)

<!-- Paste the output of SELECT tidb_version() -->
```
Release Version: v4.0.0-beta.2-2957-g4000975ad
Edition: Community
Git Commit Hash: 4000975ad1785fbc4c0e5175407e8486c0cef763
Git Branch: master
```
