ID: 24969
Title: Select stmt with `union` that returns the result with `DOUBLE` is inconsistent with MySQL
Description:
## Bug Report

Please answer these questions before submitting your issue. Thanks!

### 1. Minimal reproduce step (Required)

<!-- a step by step guide for reproducing the bug. -->
```
drop table tbl_16, tbl_25;
create table tbl_16 ( col_124 decimal(1,1) not null , col_125 decimal(38,22) default 73175 , col_126 double , col_127 double not null , col_128 double , col_129 decimal(54,20) not null , col_130 decimal(25,15) default 52.193 not null , col_131 decimal);
replace into tbl_16 (col_124,col_126,col_127,col_128,col_129,col_131,col_130) values ( 0.3,4126.864354635885,1158.2294613912238,3182.465483903795,92546.7632,0,93947.512 ) , ( 0,5035.146514532988,772.8675559577869,3978.5818883527813,94494.13,652,0.8 );

create table tbl_25 ( col_173 double , col_174 decimal(40,6) default 1658.116 , col_179 double not null , col_180 decimal);

( select   col_174,col_180,col_173 from tbl_25 where tbl_25.col_173 in ( 6916.701790663465 , 8087.845924790919 , 2717.35656335315 , 868.1683958776397 , 1147.1378193357375 ) )
    union ( select   col_131,col_129,col_124 from tbl_16 where tbl_16.col_130 in ( 9 , 146075 ) or tbl_16.col_126 <= 5152.4735222659265 );

```

### 2. What did you expect to see? (Required)
```
+------------+----------------------------+---------+
| col_174    | col_180                    | col_173 |
+------------+----------------------------+---------+
|   0.000000 | 92546.76320000000000000000 |     0.3 |
| 652.000000 | 94494.13000000000000000000 |       0 |
+------------+----------------------------+---------+
2 rows in set (0.00 sec)
```

### 3. What did you see instead (Required)
```
+------------+----------------------------+---------+
| col_174    | col_180                    | col_173 |
+------------+----------------------------+---------+
|   0.000000 | 92546.76320000000000000000 |     0.3 |
| 652.000000 | 94494.13000000000000000000 |     0.0 |
+------------+----------------------------+---------+
2 rows in set (0.00 sec)
```

### 4. What is your TiDB version? (Required)

<!-- Paste the output of SELECT tidb_version() -->
```
Release Version: v4.0.0-beta.2-2957-g4000975ad
Edition: Community
Git Commit Hash: 4000975ad1785fbc4c0e5175407e8486c0cef763
Git Branch: master
```

