ID: 24970
Title: executor: table self join occurs inconsistency against MySQL
Description:
## Bug Report

Please answer these questions before submitting your issue. Thanks!

### 1. Minimal reproduce step (Required)
```
CREATE TABLE `tbl_10` (
  `col_58` decimal(15,6) NOT NULL,
  `col_166` decimal(19,12) NOT NULL,
  PRIMARY KEY (`col_58`) /*T![clustered_index] CLUSTERED */
) ENGINE=InnoDB DEFAULT CHARSET=utf8 COLLATE=utf8_unicode_ci
```

data
```
+----------+----------------+
| col_58   | col_166        |
+----------+----------------+
| 0.600000 | 0.000000000000 |
+----------+----------------+
1 row in set (0.00 sec)
```

sql
```
select   tbl_0.* , tbl_10.* from tbl_0 join tbl_10 
```

<!-- a step by step guide for reproducing the bug. -->

### 2. What did you expect to see? (Required)
MySQL
```
+--------+--------------------+--------------------+--------------+--------------+----------+----------+----------------+
| col_0  | col_1              | col_2              | col_3        | col_4        | col_30   | col_58   | col_166        |
+--------+--------------------+--------------------+--------------+--------------+----------+----------+----------------+
|    876 | 0x1E30DBAC4321F883 |  1091.953172928755 | 0x02B5C6     |      0.02740 | 953.4789 | 0.600000 | 0.000000000000 |
|   5975 | 0x1F979831ADCB5234 |  5282.109061478763 | 0x009FAC     |      0.08000 | 953.4789 | 0.600000 | 0.000000000000 |
|      1 | 0x1028DAFE676B2171 |  1443.284486326005 | 0x02CF86     |      0.21300 | 953.4789 | 0.600000 | 0.000000000000 |
|   9333 | 0x1D072483D5008101 | 1309.6778567399836 | 0x018E7C     |      3.65100 | 953.4789 | 0.600000 | 0.000000000000 |
|      0 | 0x0F409AA9AA2AFA00 |  9855.792015578156 | 0x033AFC     |      5.17700 | 953.4789 | 0.600000 | 0.000000000000 |
|   4163 | 0x179AD694B5725A27 |  5605.669801434723 | 0x00D513     |      9.27000 | 953.4789 | 0.600000 | 0.000000000000 |
|      6 | 0x09E131AE095822D6 |  617.0934118492037 | NULL         |    293.20000 | 953.4789 | 0.600000 | 0.000000000000 |
|    768 | 0x1D793431AFC4661B |  1947.226166608015 | 0x016A59     |    383.31940 | 953.4789 | 0.600000 | 0.000000000000 |
| 900635 | 0x1E1156746EC6CE26 |  8030.930503881614 | 0x01D6F3     |   3796.09000 | 953.4789 | 0.600000 | 0.000000000000 |
|      6 | 0x02BA0942C07ECF3C |  9166.950469870724 | 0x03E1D4     |  11600.64400 | 953.4789 | 0.600000 | 0.000000000000 |
|     87 | 0x18D0F425EBB5CE1D |  1099.119093661692 | 0x01B972     |  81751.80500 | 953.4789 | 0.600000 | 0.000000000000 |
|  24952 | 0x0327EE58542D5F16 |   979.356972046491 | NULL         | 608484.27000 | 953.4789 | 0.600000 | 0.000000000000 |
+--------+--------------------+--------------------+--------------+--------------+----------+----------+----------------+
12 rows in set (0.00 sec)

```

### 3. What did you see instead (Required)
TiDB
```
+--------+--------------------+--------------------+--------------+--------------+--------+----------+----------------+
| col_0  | col_1              | col_2              | col_3        | col_4        | col_30 | col_58   | col_166        |
+--------+--------------------+--------------------+--------------+--------------+--------+----------+----------------+
|    876 | 0x1E30DBAC4321F883 |  1091.953172928755 | 0x02B5C6     |      0.02740 |   NULL | 0.600000 | 0.000000000000 |
|   5975 | 0x1F979831ADCB5234 |  5282.109061478763 | 0x009FAC     |      0.08000 |   NULL | 0.600000 | 0.000000000000 |
|      1 | 0x1028DAFE676B2171 |  1443.284486326005 | 0x02CF86     |      0.21300 |   NULL | 0.600000 | 0.000000000000 |
|   9333 | 0x1D072483D5008101 | 1309.6778567399836 | 0x018E7C     |      3.65100 |   NULL | 0.600000 | 0.000000000000 |
|      0 | 0x0F409AA9AA2AFA00 |  9855.792015578156 | 0x033AFC     |      5.17700 |   NULL | 0.600000 | 0.000000000000 |
|   4163 | 0x179AD694B5725A27 |  5605.669801434723 | 0x00D513     |      9.27000 |   NULL | 0.600000 | 0.000000000000 |
|      6 | 0x09E131AE095822D6 |  617.0934118492037 | NULL         |    293.20000 |   NULL | 0.600000 | 0.000000000000 |
|    768 | 0x1D793431AFC4661B |  1947.226166608015 | 0x016A59     |    383.31940 |   NULL | 0.600000 | 0.000000000000 |
| 900635 | 0x1E1156746EC6CE26 |  8030.930503881614 | 0x01D6F3     |   3796.09000 |   NULL | 0.600000 | 0.000000000000 |
|      6 | 0x02BA0942C07ECF3C |  9166.950469870724 | 0x03E1D4     |  11600.64400 |   NULL | 0.600000 | 0.000000000000 |
|     87 | 0x18D0F425EBB5CE1D |  1099.119093661692 | 0x01B972     |  81751.80500 |   NULL | 0.600000 | 0.000000000000 |
|  24952 | 0x0327EE58542D5F16 |   979.356972046491 | NULL         | 608484.27000 |   NULL | 0.600000 | 0.000000000000 |
+--------+--------------------+--------------------+--------------+--------------+--------+----------+----------------+
12 rows in set (0.01 sec)

```
### 4. What is your TiDB version? (Required)

<!-- Paste the output of SELECT tidb_version() -->
master

