ID: 24972
Title: executor: select result with window function report the inconsistency with MySQL
Description:
## Bug Report

Please answer these questions before submitting your issue. Thanks!

### 1. Minimal reproduce step (Required)

<!-- a step by step guide for reproducing the bug. -->
```
CREATE TABLE `tbl_0` (
  `col_0` bit(8) DEFAULT NULL,
  `col_2` bit(1) NOT NULL,
  `col_39` double DEFAULT '9344.804442253544',
  `col_4` bit(1) NOT NULL DEFAULT b'0',
  `col_59` bit(1) DEFAULT NULL,
  PRIMARY KEY (`col_4`,`col_2`) /*T![clustered_index] NONCLUSTERED */,
  UNIQUE KEY `idx_1` (`col_2`,`col_4`),
  UNIQUE KEY `idx_2` (`col_4`,`col_0`,`col_59`,`col_39`,`col_2`),
  KEY `idx_3` (`col_2`,`col_0`,`col_39`),
  KEY `idx_4` (`col_4`,`col_2`,`col_59`),
  KEY `idx_5` (`col_2`,`col_4`),
  UNIQUE KEY `idx_6` (`col_2`,`col_59`,`col_4`,`col_0`),
  KEY `idx_7` (`col_39`,`col_2`,`col_4`,`col_0`)
) ENGINE=InnoDB DEFAULT CHARSET=utf8 COLLATE=utf8_bin
```

data
```
+--------------+--------------+-------------------+--------------+----------------+
| col_0        | col_2        | col_39            | col_4        | col_59         |
+--------------+--------------+-------------------+--------------+----------------+
| 0xA4         | 0x00         | 9344.804442253544 | 0x00         | 0x00           |
+--------------+--------------+-------------------+--------------+----------------+
1 row in set (0.00 sec)
```

sql
```
select   first_value( col_2 ) over w from tbl_0 window w as (partition by col_2 order by col_0,col_2,col_39,col_4,col_59 ) order by col_0,col_2,col_39,col_4,col_59 , first_value( col_39 ) over w limit 670 for update
```

### 2. What did you expect to see? (Required)
mysql
```
+-----------------------------+
| first_value( col_2 ) over w |
+-----------------------------+
|                           0 |
+-----------------------------+
1 row in set (0.00 sec)

```
### 3. What did you see instead (Required)
TiDB
```
+----------------------------------------------------------+
| first_value( col_2 ) over w                              |
+----------------------------------------------------------+
| 0x00                                                     |
+----------------------------------------------------------+
1 row in set (0.01 sec)
```

### 4. What is your TiDB version? (Required)

<!-- Paste the output of SELECT tidb_version() -->
master

