ID: 25007
Title:  Conversion `decimal` to `timestamp` is inconsistent with MySQL
Description:
## Bug Report

Please answer these questions before submitting your issue. Thanks!

### 1. Minimal reproduce step (Required)

<!-- a step by step guide for reproducing the bug. -->
```
set global tidb_enable_change_column_type = 1;

drop table tbl_19;
create table tbl_19 ( col_73 decimal(45,8) default 13.654 not null);
insert  into tbl_19 set col_73 = 0.4352;

alter table tbl_19 change column col_73 col_159 timestamp;
select * from tbl_19;
```

### 2. What did you expect to see? (Required)
```
mysql> alter table tbl_19 change column col_73 col_159 timestamp;
ERROR 1292 (22007): Incorrect datetime value: '0.43520000' for column 'col_159' at row 1

mysql> select * from tbl_19;
+------------+
| col_73     |
+------------+
| 0.43520000 |
+------------+
1 row in set (0.00 sec)
```

### 3. What did you see instead (Required)
```
tidb> alter table tbl_19 change column col_73 col_159 timestamp;
Query OK, 0 rows affected (2.53 sec)

tidb> select * from tbl_19;
+---------------------+
| col_159             |
+---------------------+
| 0000-00-00 00:00:00 |
+---------------------+
1 row in set (0.00 sec)
```

### 4. What is your TiDB version? (Required)

<!-- Paste the output of SELECT tidb_version() -->
```
Release Version: v5.1.0-alpha-73-gcd10f944b
Edition: Community
Git Commit Hash: cd10f944b2e583625861b3bdba2f4fe145c578b8
Git Branch: master
```
