ID: 25032
Title: cast: convert float value to json have different precision with MySQL
Description:
## Bug Report

Please answer these questions before submitting your issue. Thanks!

### 1. Minimal reproduce step (Required)

<!-- a step by step guide for reproducing the bug. -->
create table t(a json);
insert into t values("323232323.3232323232");
select * from t;

### 2. What did you expect to see? (Required)
MySQL
```
mysql> select * from t;
+-------------------+
| a                 |
+-------------------+
| 323232323.3232323 |
+-------------------+
1 row in set (0.00 sec)
```

### 3. What did you see instead (Required)
TiDB
```
mysql> select * from t;
+--------------------+
| a                  |
+--------------------+
| 323232323.32323235 |
+--------------------+
1 row in set (0.00 sec)
```

### 4. What is your TiDB version? (Required)

<!-- Paste the output of SELECT tidb_version() -->
master

