ID: 25067
Title: Select result with `not(year)` report the inconsistency with MySQL
Description:
## Bug Report

Please answer these questions before submitting your issue. Thanks!

### 1. Minimal reproduce step (Required)

<!-- a step by step guide for reproducing the bug. -->
```
drop table tbl_2;
create table tbl_2 ( col_10 date not null , col_11 time , col_12 datetime default '2014-02-14' not null , col_13 year default '1993' , col_14 datetime default '2004-06-23' not null , primary key idx_7 ( col_10,col_11 ) , unique key idx_8 ( col_10 ) , key idx_9 ( col_10,col_11,col_12,col_13,col_14 ) , key idx_10 ( col_10,col_11,col_12,col_13,col_14 ) ) collate utf8mb4_bin;
insert into tbl_2 values ( '1976-10-08','11:09:55.00','2006-06-07','2016','2020-11-12' );
insert into tbl_2 values ( '1974-10-27','10:14:05.00','2029-09-25','1989','1979-04-21' );
replace into tbl_2 set col_10 = '2002-04-03', col_11 = '03:08:26.00';

select   col_12 from tbl_2 where not( tbl_2.col_14 between '1989' and '2015' );
show warnings;
```

### 2. What did you expect to see? (Required)
```
mysql> select   col_12 from tbl_2 where not( tbl_2.col_14 between '1989' and '2015' );
+---------------------+
| col_12              |
+---------------------+
| 2029-09-25 00:00:00 |
| 2006-06-07 00:00:00 |
| 2014-02-14 00:00:00 |
+---------------------+
3 rows in set, 8 warnings (0.00 sec)

mysql> show warnings;
+---------+------+---------------------------------------------------------------+
| Level   | Code | Message                                                       |
+---------+------+---------------------------------------------------------------+
| Warning | 1292 | Incorrect datetime value: '1989' for column 'col_14' at row 1 |
| Warning | 1292 | Incorrect datetime value: '1989' for column 'col_14' at row 1 |
| Warning | 1292 | Incorrect datetime value: '1989' for column 'col_14' at row 1 |
| Warning | 1292 | Incorrect datetime value: '2015' for column 'col_14' at row 1 |
| Warning | 1292 | Incorrect datetime value: '1989' for column 'col_14' at row 2 |
| Warning | 1292 | Incorrect datetime value: '2015' for column 'col_14' at row 2 |
| Warning | 1292 | Incorrect datetime value: '1989' for column 'col_14' at row 3 |
| Warning | 1292 | Incorrect datetime value: '2015' for column 'col_14' at row 3 |
+---------+------+---------------------------------------------------------------+
8 rows in set (0.00 sec)
```

### 3. What did you see instead (Required)
```
tidb> select   col_12 from tbl_2 where not( tbl_2.col_14 between '1989' and '2015' );
Empty set, 2 warnings (0.01 sec)

tidb>  show warnings;
+---------+------+------------------------------+
| Level   | Code | Message                      |
+---------+------+------------------------------+
| Warning | 1292 | Incorrect time value: '1989' |
| Warning | 1292 | Incorrect time value: '2015' |
+---------+------+------------------------------+
2 rows in set (0.00 sec)
```

### 4. What is your TiDB version? (Required)

<!-- Paste the output of SELECT tidb_version() -->
0158f71cda6ccbbd382c6e8759904234baca259c

