ID: 25099
Title: Enum index can't handle zero-value/empty-string correctly
Description:
## Bug Report

Please answer these questions before submitting your issue. Thanks!

### 1. Minimal reproduce step (Required)

drop table t;
create table t(e enum("a","b","c"), index idx(e));
insert ignore into t values(0),(1),(2),(3);
select * from t where e = '';
select * from t where e != 'a';

drop table t;
create table t(e enum(""),  index idx(e));
insert ignore into t values(0),(1);
select * from t where e = '';

<!-- a step by step guide for reproducing the bug. -->

### 2. What did you expect to see? (Required)

```
MySQL [test]> select * from t where e = '';
+------+
| e    |
+------+
|      |
+------+
1 row in set (0.000 sec)

MySQL [test]> select * from t where e != 'a';
+------+
| e    |
+------+
|      |
| b    |
| c    |
+------+
3 rows in set (0.000 sec)

MySQL [test]> select * from t where e = '';   // Mysql8.0 also has this bug. It should print 2 lines.
+------+
| e    |
+------+
|      |
|      |
+------+
1 row in set (0.000 sec)
```
### 3. What did you see instead (Required)

```
[tidb]> select * from t where e = '';
Empty set (0.000 sec)

[tidb]> select * from t where e != 'a';
+------+
| e    |
+------+
| b    |
| c    |
+------+
2 rows in set (0.000 sec)

[tidb]> select * from t where e = '';
+------+
| e    |
+------+
|      |
+------+
1 row in set (0.000 sec)

```


### 4. What is your TiDB version? (Required)

Only master
<!-- Paste the output of SELECT tidb_version() -->

