ID: 25176
Title: strange behavior when begin transaction when 'tidb_snapshot' is set
Description:
## Bug Report

Please answer these questions before submitting your issue. Thanks!

### 1. Minimal reproduce step (Required)

s1, and s2 are two tidb connections.

| s1 | s2 | 
| ------ | ------ | 
| create table test.ttt (id int primary key, a int); |  | 
|  insert into test.ttt values(1, 1); | |
| | begin; |
| update test.ttt set a=2 where id=1; | |
| | do sleep(1);set @@tidb_snapshot=TIMESTAMP(NOW()); |
| | select a from test.ttt where id=1; |
| | select a from test.ttt where id=1 for update;   |
| | select a from test.ttt where id=1;   |

### 2. What did you expect to see? (Required)
```
mysql> select a from test.ttt where id=1;
+------+
| a    |
+------+
|    1 |
+------+
1 row in set (0.00 sec)
```

```
mysql> select a from test.ttt where id=1 for update;
+------+
| a    |
+------+
|    2 |
+------+
1 row in set (0.00 sec)
```

```
mysql> select a from test.ttt where id=1;
+------+
| a    |
+------+
|    1 |
+------+
1 row in set (0.00 sec)
```


### 3. What did you see instead (Required)
```
mysql> select a from test.ttt where id=1;
+------+
| a    |
+------+
|    1 |
+------+
1 row in set (0.00 sec)
```

```
mysql> select a from test.ttt where id=1 for update;
+------+
| a    |
+------+
|    2 |
+------+
1 row in set (0.00 sec)
```

```
mysql> select a from test.ttt where id=1;
+------+
| a    |
+------+
|    2 |
+------+
1 row in set (0.00 sec)
```

### 4. What is your TiDB version? (Required)

<!-- Paste the output of SELECT tidb_version() -->
master
