ID: 25258
Title: Unexpected result when limit used in CTE
Description:
## Bug Report

Please answer these questions before submitting your issue. Thanks!

### 1. Minimal reproduce step (Required)

    drop table if exists t;
    create table t(a int, b int);
    insert into t values (1, 1),(2, 2),(3, 3),(1, 1),(2, 2),(3, 3);
    with recursive cte(a) as (select a from t union all select a + 1 from cte limit 10) select * from cte;
<!-- a step by step guide for reproducing the bug. -->

### 2. What did you expect to see? (Required)

    mysql>     with recursive cte(a) as (select a from t union all select a + 1 from cte limit 10) select * from cte;
    +------+
    | a    |
    +------+
    |    1 |
    |    2 |
    |    3 |
    |    1 |
    |    2 |
    |    3 |
    |    2 |
    |    3 |
    |    4 |
    |    2 |
    +------+
    10 rows in set (0.00 sec)
### 3. What did you see instead (Required)

    mysql>     with recursive cte(a) as (select a from t union all select a + 1 from cte limit 10) select * from cte;
    +------+
    | a    |
    +------+
    |    1 |
    |    2 |
    |    3 |
    |    1 |
    |    2 |
    |    3 |
    |    2 |
    |    3 |
    |    4 |
    |    2 |
    |    3 |
    +------+
    11 rows in set (0.01 sec)

### 4. What is your TiDB version? (Required)

master
<!-- Paste the output of SELECT tidb_version() -->

