ID: 25579
Title: extra double quotes for result of json_search
Description:
## Bug Report

Please answer these questions before submitting your issue. Thanks!

### 1. Minimal reproduce step (Required)

    select json_search('{"one potato": "food"}', "all", "food");
<!-- a step by step guide for reproducing the bug. -->

### 2. What did you expect to see? (Required)

    mysql> select json_search('{"one potato": "food"}', "all", "food");
    +------------------------------------------------------+
    | json_search('{"one potato": "food"}', "all", "food") |
    +------------------------------------------------------+
    | "$.\"one potato\""                                   |
    +------------------------------------------------------+
    1 row in set (0.00 sec)
### 3. What did you see instead (Required)

    mysql> select json_search('{"one potato": "food"}', "all", "food");
    +------------------------------------------------------+
    | json_search('{"one potato": "food"}', "all", "food") |
    +------------------------------------------------------+
    | "$.one potato"                                       |
    +------------------------------------------------------+
    1 row in set (0.00 sec)
### 4. What is your TiDB version? (Required)
master
<!-- Paste the output of SELECT tidb_version() -->

