ID: 25829
Title: Count of warning information is double when use in function 
Description:
## Bug Report

Please answer these questions before submitting your issue. Thanks!

### 1. Minimal reproduce step (Required)

run master branch and execute 
```
select 1 in (0, '1a', 2); 
```

<!-- a step by step guide for reproducing the bug. -->

### 2. What did you expect to see? (Required)

```
mysql> select 1 in (0, '1a', 2);
+-------------------+
| 1 in (0, '1a', 2) |
+-------------------+
|                 1 |
+-------------------+
1 row in set, 1 warning (0.00 sec)

mysql> show warnings;
+---------+------+----------------------------------------+
| Level   | Code | Message                                |
+---------+------+----------------------------------------+
| Warning | 1292 | Truncated incorrect DOUBLE value: '1a' |
+---------+------+----------------------------------------+
1 row in set (0.00 sec)
```

### 3. What did you see instead (Required)

```
mysql> select 1 in (0, '1a', 2);
+-------------------+
| 1 in (0, '1a', 2) |
+-------------------+
|                 1 |
+-------------------+
1 row in set, 2 warnings (2.88 sec)

mysql> show warnings;
+---------+------+----------------------------------------+
| Level   | Code | Message                                |
+---------+------+----------------------------------------+
| Warning | 1292 | Truncated incorrect DOUBLE value: '1a' |
| Warning | 1292 | Truncated incorrect DOUBLE value: '1a' |
+---------+------+----------------------------------------+
2 rows in set (2.22 sec)
```

### 4. What is your TiDB version? (Required)

master branch 

<!-- Paste the output of SELECT tidb_version() -->

