ID: 25999
Title: execute insert statement successfully with invaild timestamp 
Description:
## Bug Report

Please answer these questions before submitting your issue. Thanks!

### 1. Minimal reproduce step (Required)

<!-- a step by step guide for reproducing the bug. -->
MySQL [test]> show create table t2;
+-------+----------------------------------------------------------------------------------------------------------------------------------------------------+
| Table | Create Table                                                                                                                                       |
+-------+----------------------------------------------------------------------------------------------------------------------------------------------------+
| t2    | CREATE TABLE `t2` (
  `id` int(11) DEFAULT NULL,
  `time1` timestamp NULL DEFAULT NULL
) ENGINE=InnoDB DEFAULT CHARSET=utf8mb4 COLLATE=utf8mb4_bin |
+-------+----------------------------------------------------------------------------------------------------------------------------------------------------+
1 row in set (0.00 sec)

MySQL [test]> INSERT INTO t2 (id, time1) VALUES (10, TIMESTAMP '1018-12-23 00:00:00');
Query OK, 1 row affected (0.02 sec)

MySQL [test]> select * from t2;
ERROR 1292 (22007): Incorrect datetime value: '1018-12-23 00:00:00'

MySQL [test]> truncate t2;
Query OK, 0 rows affected (0.53 sec)

MySQL [test]> INSERT INTO t2 (id, time1) VALUES (10, '1018-12-23 00:00:00');
ERROR 1292 (22007): Incorrect timestamp value: '1018-12-23 00:00:00' for column 'time1' at row 1


### 2. What did you expect to see? (Required)

MySQL [test]> INSERT INTO t2 (id, time1) VALUES (10, TIMESTAMP '1018-12-23 00:00:00');
ERROR 1292 (22007): Incorrect timestamp value: '1018-12-23 00:00:00' for column 'time1' at row 1

### 3. What did you see instead (Required)
MySQL [test]> INSERT INTO t2 (id, time1) VALUES (10, TIMESTAMP '1018-12-23 00:00:00');
Query OK, 1 row affected (0.02 sec)

MySQL [test]> select * from t2;
ERROR 1292 (22007): Incorrect datetime value: '1018-12-23 00:00:00'

### 4. What is your TiDB version? (Required)

<!-- Paste the output of SELECT tidb_version() -->

MySQL [test]> select tidb_version();
+--------------------------------------------------------------------------------------------------------------------------------------------------------------------------------------------------------------------------------------------------------------------------------------------------------------------+
| tidb_version()                                                                                                                                                                                                                                                                                                     |
+--------------------------------------------------------------------------------------------------------------------------------------------------------------------------------------------------------------------------------------------------------------------------------------------------------------------+
| Release Version: v5.0.1
Edition: Community
Git Commit Hash: 1145e347d3469d8e89f88dce86f6926ca44b3cd8
Git Branch: heads/refs/tags/v5.0.1
UTC Build Time: 2021-04-23 05:51:17
GoVersion: go1.13
Race Enabled: false
TiKV Min Version: v3.0.0-60965b006877ca7234adaced7890d7b029ed1306
Check Table Before Drop: false |
+--------------------------------------------------------------------------------------------------------------------------------------------------------------------------------------------------------------------------------------------------------------------------------------------------------------------+
1 row in set (0.00 sec)

MySQL [test]> select @@sql_mode;
+-------------------------------------------------------------------------------------------------------------------------------------------+
| @@sql_mode                                                                                                                                |
+-------------------------------------------------------------------------------------------------------------------------------------------+
| ONLY_FULL_GROUP_BY,STRICT_TRANS_TABLES,NO_ZERO_IN_DATE,NO_ZERO_DATE,ERROR_FOR_DIVISION_BY_ZERO,NO_AUTO_CREATE_USER,NO_ENGINE_SUBSTITUTION |
+-------------------------------------------------------------------------------------------------------------------------------------------+
1 row in set (0.00 sec)