ID: 26348
Title: different result between mysql and tidb
Description:
## Bug Report

Please answer these questions before submitting your issue. Thanks!

### 1. Minimal reproduce step (Required)

``` sql
CREATE TABLE `t` (
`last_zccural_date` varchar(8) DEFAULT NULL,
`last_run_date` varchar(8) DEFAULT NULL,
`accr_amt` decimal(20,2) DEFAULT NULL,
`real_rate` decimal(15,8) DEFAULT NULL
);
insert into t values(20210606, 20210606, 50000.00, 5.04600000);
select last_zccural_date * accr_amt *(real_rate/36000) from t;
```

### 2. What did you expect to see? (Required)
``` sql
mysql> select last_zccural_date * accr_amt *(real_rate/36000) from t;
+-------------------------------------------------+
| last_zccural_date * accr_amt *(real_rate/36000) |
+-------------------------------------------------+
|                              141642663.71666598 |
+-------------------------------------------------+
1 row in set (0.00 sec)
```

### 3. What did you see instead (Required)
``` sql
tidb> select last_zccural_date * accr_amt *(real_rate/36000) from t;
+-------------------------------------------------+
| last_zccural_date * accr_amt *(real_rate/36000) |
+-------------------------------------------------+
|                               141642664.0535101 |
+-------------------------------------------------+
1 row in set (0.00 sec)
```

### 4. What is your TiDB version? (Required)

014005ab68b5c9a28795d13c1ca685cf46a3be7e
