ID: 26407
Title: Query result is not compatible with MySQL while using `in` clause for timestamp
Description:
## Bug Report

Please answer these questions before submitting your issue. Thanks!

### 1. Minimal reproduce step (Required)
```sql
create table t(a timestamp);
replace t values('250729');
SELECT a, a NOT IN('','') from t;
```
<!-- a step by step guide for reproducing the bug. -->

### 2. What did you expect to see? (Required)
in MySQL:
```
+---------------------+--------------+
| a                   | a NOT IN('') |
+---------------------+--------------+
| 2025-07-29 00:00:00 |            1 |
+---------------------+--------------+
1 row in set, 1 warning (0.00 sec)
```
### 3. What did you see instead (Required)
```
+---------------------+--------------+
| a                   | a NOT IN('') |
+---------------------+--------------+
| 2025-07-29 00:00:00 |         NULL |
+---------------------+--------------+
1 row in set, 1 warning (0.00 sec)
```
### 4. What is your TiDB version? (Required)
```
+---------------------------------------------------------------------------------------------------------------------------------------------------------------------------------------------------------------------------------------------------------------------------------------------------------------------------+
| tidb_version()

                                                                            |
+---------------------------------------------------------------------------------------------------------------------------------------------------------------------------------------------------------------------------------------------------------------------------------------------------------------------------+
| Release Version: v5.2.0-alpha-316-g014005ab6
Edition: Community
Git Commit Hash: 014005ab68b5c9a28795d13c1ca685cf46a3be7e
Git Branch: master
UTC Build Time: 2021-07-17 09:44:18
GoVersion: go1.16.4
Race Enabled: false
TiKV Min Version: v3.0.0-60965b006877ca7234adaced7890d7b029ed1306
Check Table Before Drop: false |
+---------------------------------------------------------------------------------------------------------------------------------------------------------------------------------------------------------------------------------------------------------------------------------------------------------------------------+
1 row in set (0.00 sec)
```
<!-- Paste the output of SELECT tidb_version() -->

