ID: 26439
Title: wrong result when using prefix index
Description:
## Bug Report

Please answer these questions before submitting your issue. Thanks!

### 1. Minimal reproduce step (Required)

<!-- a step by step guide for reproducing the bug. -->
```
use test;
drop table if exists UK_MU14822;
CREATE TABLE `UK_MU14822` (
  `COL1` binary(20) DEFAULT NULL,
  `COL2` bigint DEFAULT NULL,
  `COL3` datetime DEFAULT NULL,
  `COL4` int DEFAULT NULL,
  UNIQUE KEY `U_M_COL2` (`COL2`),
  UNIQUE KEY `U_M_COL3` (`COL3`),
  UNIQUE KEY `U_M_COL` (`COL1`(10))
) ENGINE=InnoDB DEFAULT CHARSET=utf8mb4 COLLATE=utf8mb4_bin;

insert into UK_MU14822(col1) values(0x0000000000000000000000000000000000000001);
SELECT COL1 FROM UK_MU14822 where col1 = 0x0000000000000000000000000000000000000001;
alter table UK_MU14822 drop index U_M_COL;
SELECT COL1 FROM UK_MU14822 where col1 = 0x0000000000000000000000000000000000000001;
```

### 2. What did you expect to see? (Required)
```
mysql> SELECT COL1 FROM UK_MU14822 where col1 = 0x0000000000000000000000000000000000000001;
+--------------------------------------------+
| COL1                                       |
+--------------------------------------------+
| 0x0000000000000000000000000000000000000001 |
+--------------------------------------------+
1 row in set (0.00 sec)

mysql> alter table UK_MU14822 drop index U_M_COL;
Query OK, 0 rows affected (0.02 sec)

mysql> SELECT COL1 FROM UK_MU14822 where col1 = 0x0000000000000000000000000000000000000001;
+--------------------------------------------+
| COL1                                       |
+--------------------------------------------+
| 0x0000000000000000000000000000000000000001 |
+--------------------------------------------+
1 row in set (0.00 sec)
```
### 3. What did you see instead (Required)
```
mysql> SELECT COL1 FROM UK_MU14822 where col1 = 0x0000000000000000000000000000000000000001;
Empty set (0.00 sec)

mysql> alter table UK_MU14822 drop index U_M_COL;
Query OK, 0 rows affected (0.02 sec)

mysql> SELECT COL1 FROM UK_MU14822 where col1 = 0x0000000000000000000000000000000000000001;
+--------------------------------------------+
| COL1                                       |
+--------------------------------------------+
| 0x0000000000000000000000000000000000000001 |
+--------------------------------------------+
1 row in set (0.00 sec)
```
### 4. What is your TiDB version? (Required)

<!-- Paste the output of SELECT tidb_version() -->
```
Release Version: v4.0.13-32-ge4a757382
Edition: Community
Git Commit Hash: e4a757382f976ecbdc6a5a5658c2b670032f1e71
Git Branch: release-4.0
UTC Build Time: 2021-07-21 08:49:26
GoVersion: go1.16.5
Race Enabled: false
TiKV Min Version: v3.0.0-60965b006877ca7234adaced7890d7b029ed1306
Check Table Before Drop: false
```
