ID: 26461
Title: query result error when using apply operator
Description:
## Bug Report

Please answer these questions before submitting your issue. Thanks!

### 1. Minimal reproduce step (Required)

<!-- a step by step guide for reproducing the bug. -->
```
use test;
drop table if exists t;
create table t(a bit(1));
insert into t values(0x00),(0x01);
select a from t;
select (select a) from t;
```

### 2. What did you expect to see? (Required)
```
mysql> select a from t;
+------------+
| a          |
+------------+
| 0x00       |
| 0x01       |
+------------+
2 rows in set (0.00 sec)

mysql> select (select a) from t;
+------------------------+
| (select a)             |
+------------------------+
| 0x00                   |
| 0x01                   |
+------------------------+
2 rows in set (0.00 sec)
```
### 3. What did you see instead (Required)
```
mysql> select a from t;
+------------+
| a          |
+------------+
| 0x00       |
| 0x01       |
+------------+
2 rows in set (0.00 sec)

mysql> select (select a) from t;
+------------------------+
| (select a)             |
+------------------------+
| 0x30                   |
| 0x31                   |
+------------------------+
2 rows in set (0.00 sec)
```
### 4. What is your TiDB version? (Required)

<!-- Paste the output of SELECT tidb_version() -->
```
Release Version: v4.0.13-32-ge4a757382
Edition: Community
Git Commit Hash: e4a757382f976ecbdc6a5a5658c2b670032f1e71
Git Branch: release-4.0
UTC Build Time: 2021-07-22 06:18:54
GoVersion: go1.16.5
Race Enabled: false
TiKV Min Version: v3.0.0-60965b006877ca7234adaced7890d7b029ed1306
Check Table Before Drop: false
```

release-5.0, release-5.1 and master branch can work correctly
