ID: 26638
Title: Operator should be Batch_Point_Get_1, not TableDual
Description:
## Bug Report

Please answer these questions before submitting your issue. Thanks!

### 1. Minimal reproduce step (Required)

<!-- a step by step guide for reproducing the bug. -->
```
use test;
drop table if exists t;
create table t(a float, unique index uidx(a));
insert into t values(9.46347e37);

prepare stmt from 'select * from t where a in (?, ?, ?);';
set @a=-1.56018e38, @b=-1.96716e38, @c=9.46347e37;
execute stmt using @a,@b,@c;

explain select * from t where a in (-1.56018e38, -1.96716e38, 9.46347e37);
select * from t where a in (-1.56018e38, -1.96716e38, 9.46347e37);
```
### 2. What did you expect to see? (Required)
```

mysql> execute stmt using @a,@b,@c;
+------------+
| a          |
+------------+
| 9.46347e37 |
+------------+
1 row in set (0.00 sec)

mysql> explain select * from t where a in (-1.56018e38, -1.96716e38, 9.46347e37);
+-------------+---------+------+---------------+---------------+
| id          | estRows | task | access object | operator info |
+-------------+---------+------+---------------+---------------+
| Batch_Point_Get_1 ...
+-------------+---------+------+---------------+---------------+
1 row in set (0.00 sec)

mysql> select * from t where a in (-1.56018e38, -1.96716e38, 9.46347e37);
+------------+
| a          |
+------------+
| 9.46347e37 |
+------------+
1 row in set (0.00 sec)
```
### 3. What did you see instead (Required)
release-4.0、release-5.0、release-5.1 and master
```
mysql> execute stmt using @a,@b,@c;
+------------+
| a          |
+------------+
| 9.46347e37 |
+------------+
1 row in set (0.00 sec)

mysql> explain select * from t where a in (-1.56018e38, -1.96716e38, 9.46347e37);
+-------------+---------+------+---------------+---------------+
| id          | estRows | task | access object | operator info |
+-------------+---------+------+---------------+---------------+
| TableDual_5 | 0.00    | root |               | rows:0        |
+-------------+---------+------+---------------+---------------+
1 row in set (0.00 sec)

mysql> select * from t where a in (-1.56018e38, -1.96716e38, 9.46347e37);
Empty set (0.00 sec)
```

### 4. What is your TiDB version? (Required)

<!-- Paste the output of SELECT tidb_version() -->
```
Release Version: v5.1.0-65-g168aab511
Edition: Community
Git Commit Hash: 168aab511f2ed5c21f776e4b0cd9a6161b8bf3f7
Git Branch: release-5.1
UTC Build Time: 2021-07-27 06:39:54
GoVersion: go1.16.5
Race Enabled: false
TiKV Min Version: v3.0.0-60965b006877ca7234adaced7890d7b029ed1306
Check Table Before Drop: false
```