ID: 26642
Title: Timezone ignore for SHOW TABLE STATUS and ADMIN SHOW DDL JOBS
Description:
## Bug Report

The output of `SHOW TABLE STATUS` and `ADMIN SHOW DDL JOBS` include a timestamp that does not have a timezone attached to it:
```
  START_TIME: 2021-07-27 06:38:34
```
```
    Create_time: 2021-07-27 06:38:34
```

I would expect this to be in the session timezone set by [`time_zone`](https://docs.pingcap.com/tidb/stable/configure-time-zone)

### 1. Minimal reproduce step (Required)

<!-- a step by step guide for reproducing the bug. -->
```
mysql> select @@session.time_zone, @@global.time_zone, @@global.system_time_zone, now(); admin show ddl jobs where state='running'\G show table status like 'hourly_2021071219'\G set session time_zone='Europe/Amsterdam'; select @@session.time_zone, @@global.time_zone, @@global.system_time_zone, now(); admin show ddl jobs where state='running'\G show table status like 'hourly_2021071219'\G
+---------------------+--------------------+---------------------------+---------------------+
| @@session.time_zone | @@global.time_zone | @@global.system_time_zone | now()               |
+---------------------+--------------------+---------------------------+---------------------+
| SYSTEM              | SYSTEM             | UTC                       | 2021-07-27 08:21:21 |
+---------------------+--------------------+---------------------------+---------------------+
1 row in set (0.17 sec)

*************************** 1. row ***************************
      JOB_ID: 61
     DB_NAME: test
  TABLE_NAME: hourly_2021071219
    JOB_TYPE: add index
SCHEMA_STATE: write reorganization
   SCHEMA_ID: 51
    TABLE_ID: 59
   ROW_COUNT: 173589019
  START_TIME: 2021-07-27 06:38:34
    END_TIME: NULL
       STATE: running
1 row in set (0.19 sec)

*************************** 1. row ***************************
           Name: hourly_2021071219
         Engine: InnoDB
        Version: 10
     Row_format: Compact
           Rows: 803473009
 Avg_row_length: 48
    Data_length: 38773110492
Max_data_length: 0
   Index_length: 18053425296
      Data_free: 0
 Auto_increment: NULL
    Create_time: 2021-07-27 06:38:34
    Update_time: NULL
     Check_time: NULL
      Collation: utf8mb4_bin
       Checksum: 
 Create_options: 
        Comment: 
1 row in set (0.17 sec)

Query OK, 0 rows affected (0.17 sec)

+---------------------+--------------------+---------------------------+---------------------+
| @@session.time_zone | @@global.time_zone | @@global.system_time_zone | now()               |
+---------------------+--------------------+---------------------------+---------------------+
| Europe/Amsterdam    | SYSTEM             | UTC                       | 2021-07-27 10:21:21 |
+---------------------+--------------------+---------------------------+---------------------+
1 row in set (0.17 sec)

*************************** 1. row ***************************
      JOB_ID: 61
     DB_NAME: test
  TABLE_NAME: hourly_2021071219
    JOB_TYPE: add index
SCHEMA_STATE: write reorganization
   SCHEMA_ID: 51
    TABLE_ID: 59
   ROW_COUNT: 173589019
  START_TIME: 2021-07-27 06:38:34
    END_TIME: NULL
       STATE: running
1 row in set (0.18 sec)

*************************** 1. row ***************************
           Name: hourly_2021071219
         Engine: InnoDB
        Version: 10
     Row_format: Compact
           Rows: 803473009
 Avg_row_length: 48
    Data_length: 38773110492
Max_data_length: 0
   Index_length: 18053425296
      Data_free: 0
 Auto_increment: NULL
    Create_time: 2021-07-27 06:38:34
    Update_time: NULL
     Check_time: NULL
      Collation: utf8mb4_bin
       Checksum: 
 Create_options: 
        Comment: 
1 row in set (0.17 sec)
```

### 2. What did you expect to see? (Required)

Differences in the time depending on the `time_zone` session variable.

### 3. What did you see instead (Required)

The time being the same for different `time_zone` settings.

### 4. What is your TiDB version? (Required)

<!-- Paste the output of SELECT tidb_version() -->
```
mysql> select tidb_version()\G
*************************** 1. row ***************************
tidb_version(): Release Version: v5.0.2
Edition: Community
Git Commit Hash: dc40a093a0058b95fc859f60d4b84337dbdff9f6
Git Branch: heads/refs/tags/v5.0.2
UTC Build Time: 2021-06-07 08:42:39
GoVersion: go1.13
Race Enabled: false
TiKV Min Version: v3.0.0-60965b006877ca7234adaced7890d7b029ed1306
Check Table Before Drop: false
1 row in set (0.16 sec)
```

Possible steps to improve the situation:

1. Convert the timestamps from these commands to the session time zone
2. Don't convert, but include a offset or timezone in the timestamp (e.g. `2021-07-27 06:38:34+00:00` or `2021-07-27T06:38:34Z` ). MySQL 8.0.19 and newer [support offsets in timestamp literals](https://dev.mysql.com/doc/refman/8.0/en/date-and-time-literals.html)
3. Update the docs