ID: 26958
Title: Same agg func in one sql will gets different result
Description:
## Bug Report

Please answer these questions before submitting your issue. Thanks!

### 1. Minimal reproduce step (Required)

```
use test;
drop table if exists t1;
create table t1 (c_int int not null);
insert into t1 values (1), (2), (3),(1),(2),(3);
drop table if exists t2;
create table t2 (c_int int not null);
insert into t2 values (1), (2), (3),(1),(2),(3);

select 
(select count(distinct c_int) from t2 where c_int >= t1.c_int) c1, 
(select count(distinct c_int) from t2 where c_int >= t1.c_int) c2
from t1 group by c_int;
```

<!-- a step by step guide for reproducing the bug. -->

### 2. What did you expect to see? (Required)

```
+------+------+
| c1   | c2   |
+------+------+
|    3 |    3 |
|    2 |    2 |
|    1 |    1 |
+------+------+
3 rows in set (0.001 sec)
```

### 3. What did you see instead (Required)

```
+----+----+
| c1 | c2 |
+----+----+
|  4 |  2 |
|  6 |  3 |
|  2 |  1 |
+----+----+
3 rows in set (0.004 sec)
```


### 4. What is your TiDB version? (Required)
v4.0, v5.0, v5.1, master
<!-- Paste the output of SELECT tidb_version() -->

