ID: 27236
Title: `extract` result incompatible with mysql 
Description:
## Bug Report

Please answer these questions before submitting your issue. Thanks!

### 1. Minimal reproduce step (Required)
```sql
select extract(hour_second from "-838:59:59.00");
```
<!-- a step by step guide for reproducing the bug. -->

### 2. What did you expect to see? (Required)
```sql
mysql> select  extract(hour_second from "-838:59:59.00");
+-------------------------------------------+
| extract(hour_second from "-838:59:59.00") |
+-------------------------------------------+
|                                  -8385959 |
+-------------------------------------------+
1 row in set (0.22 sec)
```
### 3. What did you see instead (Required)
```sql
MySQL > select  extract(hour_second from "-838:59:59.00");
+-------------------------------------------+
| extract(hour_second from "-838:59:59.00") |
+-------------------------------------------+
| 8385959                                   |
+-------------------------------------------+
1 row in set
Time: 0.051s
```
### 4. What is your TiDB version? (Required)
v5.0.3, v4.0.14,
master: da8bb5ea8c00bcbbb10afd0ae41a42fa
release-5.2.0: 4c68defe055a7040280
<!-- Paste the output of SELECT tidb_version() -->

