ID: 27232
Title: query result incorrect while date_sub result overflow the `datetime` filed
Description:
## Bug Report

Please answer these questions before submitting your issue. Thanks!

### 1. Minimal reproduce step (Required)
```sql
create table t (a timestamp);
insert into t values ("1970-07-23 10:04:59");
select * from t where date_sub(a, interval 10 month) = date_sub("1970-07-23 10:04:59", interval 10 month);
```
<!-- a step by step guide for reproducing the bug. -->

### 2. What did you expect to see? (Required)
```sql
MySQL > select * from t where date_sub(a, interval 10 month) = date_sub("1970-07-23 10:04:59", interval 10 month);
+---------------------+
| a                   |
+---------------------+
| 1970-07-23 10:04:59 |
+---------------------+

MySQL > explain analyze  select * from t where date_sub(a, interval 10 month) = date_sub("1970-07-23 10:04:59", interval 10 month);
+-----------------------------------------------------------------------------------------------------------------------------------------------------------------------------------------------------------------------------------------------------+
| EXPLAIN                                                                                                                                                                                                                                             |
+-----------------------------------------------------------------------------------------------------------------------------------------------------------------------------------------------------------------------------------------------------+
| -> Filter: ((t.a - interval 10 month) = <cache>(('1970-07-23 10:04:59' - interval 10 month)))  (cost=0.35 rows=1) (actual time=0.057..0.063 rows=1 loops=1)\n    -> Table scan on t  (cost=0.35 rows=1) (actual time=0.048..0.053 rows=1 loops=1)\n |
+-----------------------------------------------------------------------------------------------------------------------------------------------------------------------------------------------------------------------------------------------------+

```
### 3. What did you see instead (Required)
```sql
MySQL >  select * from t where date_sub(a, interval 10 month) = date_sub("1970-07-23 10:04:59", interval 10 month);
+---+
| a |
+---+

0 rows in set
Time: 0.154s
MySQL > show warnings;
+---------+------+--------------------------------------------+
| Level   | Code | Message                                    |
+---------+------+--------------------------------------------+
| Warning | 1441 | Datetime function: datetime field overflow |
+---------+------+--------------------------------------------+
1 row in set
Time: 0.061s

MySQL > explain select * from t where date_sub(a, interval 10 month) = date_sub("1970-07-23 10:04:59", interval 10 month);
                          ->
+---------------------+---------+-----------+---------------+----------------------------------------------------------+
| id                  | estRows | task      | access object | operator info                                            |
+---------------------+---------+-----------+---------------+----------------------------------------------------------+
| Selection_7         | 1.00    | root      |               | eq(date_sub(test.t.a, 10, "MONTH"), 1969-09-23 10:04:59) |
| └─TableReader_6     | 1.00    | root      |               | data:TableFullScan_5                                     |
|   └─TableFullScan_5 | 1.00    | cop[tikv] | table:t       | keep order:false, stats:pseudo                           |
+---------------------+---------+-----------+---------------+----------------------------------------------------------+

MySQL > select date_sub("1970-07-23 10:04:59", interval 10 month);
+----------------------------------------------------+
| date_sub("1970-07-23 10:04:59", interval 10 month) |
+----------------------------------------------------+
| 1969-09-23 10:04:59                                |
+----------------------------------------------------+

1 row in set
Time: 0.051s
MySQL > show warnings;
+-------+------+---------+
| Level | Code | Message |
+-------+------+---------+
```
### 4. What is your TiDB version? (Required)

v4.0.14, v5.0.3, 
master：  da8bb5ea8c00bcbbb10afd0ae41a42fa77
release-5.2.0
```sql
MySQL > select tidb_version()\G
***************************[ 1. row ]***************************
tidb_version() | Release Version: v5.2.0
Edition: Community
Git Commit Hash: 4c68defe055a70402802f7b8122c09432bdb02fd
Git Branch: heads/refs/tags/v5.2.0
UTC Build Time: 2021-08-13 06:12:54
GoVersion: go1.16.4
Race Enabled: false
TiKV Min Version: v3.0.0-60965b006877ca7234adaced7890d7b029ed1306
Check Table Before Drop: false
```
<!-- Paste the output of SELECT tidb_version() -->

