ID: 27350
Title: resutl incorrect while using lower() expression index 
Description:
## Bug Report

Please answer these questions before submitting your issue. Thanks!

### 1. Minimal reproduce step (Required)
```sql
create table t02 (a varchar(20));
insert into t02 values ('a'), ('b'), ('c');
select * from t02 where lower(a) < 'c';
create index eidx on t02 ((lower(a)));
 select * from t02 use index(eidx) where lower(a) < 'c';
```
<!-- a step by step guide for reproducing the bug. -->

### 2. What did you expect to see? (Required)
```sql
MySQL root@172.16.5.103:hchwang> select * from t02 where lower(a) < 'c';
+---+
| a |
+---+
| a |
| b |
+---+

MySQL root@172.16.5.103:hchwang> select * from t02 use index(eidx) where lower(a) < 'c';
+---+
| a |
+---+
| a |
| b |
+---+

```
### 3. What did you see instead (Required)
```sql
MySQL root@127.0.0.1:test> create table t02 (a varchar(20));
Query OK, 0 rows affected
Time: 0.120s
MySQL root@127.0.0.1:test> insert into t02 values ('a'), ('b'), ('c');
Query OK, 3 rows affected
Time: 0.005s
MySQL root@127.0.0.1:test> create index eidx on t02 ((lower(a)));
Query OK, 0 rows affected
Time: 2.909s
MySQL root@127.0.0.1:test> select * from t02 where lower(a) < 'c';
+---+
| a |
+---+
| a |
| b |
+---+
2 rows in set
Time: 0.015s
MySQL root@127.0.0.1:test>  select * from t02 use index(eidx) where lower(a) < 'c';
+---+
| a |
+---+

MySQL root@127.0.0.1:test> explain select * from t02 where lower(a) < 'c';
+-----------------------+----------+-----------+---------------+--------------------------------+
| id                    | estRows  | task      | access object | operator info                  |
+-----------------------+----------+-----------+---------------+--------------------------------+
| Projection_4          | 3323.33  | root      |               | test.t02.a                     |
| └─Selection_7         | 10000.00 | root      |               | lt(lower(test.t02.a), "c")     |
|   └─TableReader_6     | 10000.00 | root      |               | data:TableFullScan_5           |
|     └─TableFullScan_5 | 10000.00 | cop[tikv] | table:t02     | keep order:false, stats:pseudo |
+-----------------------+----------+-----------+---------------+--------------------------------+

4 rows in set
Time: 0.009s
MySQL root@127.0.0.1:test> explain select * from t02 use index(eidx) where lower(a) < 'c';
+-----------------------------+---------+-----------+-----------------------------------+--------------------------------------------------+
| id                          | estRows | task      | access object                     | operator info                                    |
+-----------------------------+---------+-----------+-----------------------------------+--------------------------------------------------+
| Projection_4                | 3323.33 | root      |                                   | test.t02.a                                       |
| └─IndexLookUp_7             | 3323.33 | root      |                                   |                                                  |
|   ├─IndexRangeScan_5(Build) | 3323.33 | cop[tikv] | table:t02, index:eidx(lower(`a`)) | range:[-inf,"c"), keep order:false, stats:pseudo |
|   └─TableRowIDScan_6(Probe) | 3323.33 | cop[tikv] | table:t02                         | keep order:false, stats:pseudo                   |
+-----------------------------+---------+-----------+-----------------------------------+--------------------------------------------------+

4 rows in set
Time: 0.009s


```
### 4. What is your TiDB version? (Required)

<!-- Paste the output of SELECT tidb_version() -->
```sql
tidb_version() | Release Version: v5.2.0
Edition: Community
Git Commit Hash: 88f60fe1140de999c2e64ca56edffb7db7393f1e
Git Branch: heads/refs/tags/v5.2.0
UTC Build Time: 2021-08-13 15:31:11
GoVersion: go1.16.5
Race Enabled: false
TiKV Min Version: v3.0.0-60965b006877ca7234adaced7890d7b029ed1306
Check Table Before Drop: false
```
