ID: 27547
Title: null-safe equal got wrong result while expression result is NULL
Description:
## Bug Report

Please answer these questions before submitting your issue. Thanks!

### 1. Minimal reproduce step (Required)
```sql
set @@time_zone='UTC';
create table t005 (a timestamp);
insert into t005 values ('2038-01-19 03:14:07'),(NULL);
select * from t005 where  timestampadd(hour, 1, a) <=> timestampadd(hour, 1, NULL);
explain select * from t005 where  timestampadd(hour, 1, a) <=> timestampadd(hour, 1, NULL);
```
<!-- a step by step guide for reproducing the bug. -->

### 2. What did you expect to see? (Required)
```sql
MySQL root@172.16.5.103:test> create table t005 (a timestamp);
Query OK, 0 rows affected
Time: 0.056s
MySQL root@172.16.5.103:test> insert into t005 values ('2038-01-19 03:14:07');
Query OK, 1 row affected
Time: 0.056s
MySQL root@172.16.5.103:test> select * from t005 where  timestampadd(hour, 1, a) <=> timestampadd(hour, 1, NULL);
+---------------------+
| a                   |
+---------------------+
| NULL                |
+---------------------+

0 rows in set
Time: 0.056s
MySQL root@172.16.5.103:test> explain analyze select * from t005 where  timestampadd(hour, 1, a) <=> timestampadd(hour, 1, NULL);
+----------------------------------------------------------------------------------------------------------------------------------------------------------------------------------------------------------------------------------------+
| EXPLAIN                                                                                                                                                                                                                                |
+----------------------------------------------------------------------------------------------------------------------------------------------------------------------------------------------------------------------------------------+
| -> Filter: ((t005.a + interval 1 hour) <=> <cache>((NULL + interval 1 hour)))  (cost=0.35 rows=1) (actual time=0.056..0.056 rows=0 loops=1)\n    -> Table scan on t005  (cost=0.35 rows=1) (actual time=0.041..0.046 rows=1 loops=1)\n |
+----------------------------------------------------------------------------------------------------------------------------------------------------------------------------------------------------------------------------------------+

1 row in set
Time: 0.049s

```
### 3. What did you see instead (Required)
```sql
MySQL root@172.16.6.1:test> create table t005 (a timestamp);
Query OK, 0 rows affected
Time: 0.653s
MySQL root@172.16.6.1:test> insert into t005 values ('2038-01-19 03:14:07');
Query OK, 1 row affected
Time: 0.049s
MySQL root@172.16.6.1:test>  select * from t005 where  timestampadd(hour, 1, a) <=> timestampadd(hour, 1, NULL);
+---------------------+
| a                   |
+---------------------+
| 2038-01-19 03:14:07 |
| NULL                |
+---------------------+


1 row in set
Time: 0.053s
MySQL root@172.16.6.1:test> explain select * from t005 where  timestampadd(hour, 1, a) <=> timestampadd(hour, 1, NULL);
+---------------------+----------+-----------+---------------+----------------------------------------------------+
| id                  | estRows  | task      | access object | operator info                                      |
+---------------------+----------+-----------+---------------+----------------------------------------------------+
| Selection_5         | 8000.00  | root      |               | nulleq(timestampadd("HOUR", 1, test.t005.a), NULL) |
| └─TableReader_7     | 10000.00 | root      |               | data:TableFullScan_6                               |
|   └─TableFullScan_6 | 10000.00 | cop[tikv] | table:t005    | keep order:false, stats:pseudo                     |
+---------------------+----------+-----------+---------------+----------------------------------------------------+

3 rows in set
Time: 0.048s
```
### 4. What is your TiDB version? (Required)

<!-- Paste the output of SELECT tidb_version() -->
```sql
tidb_version() | Release Version: v5.2.0
Edition: Community
Git Commit Hash: b2af0b80c85b7ad9d5d98aa5d0e9f28fda3b2ef6
Git Branch: heads/refs/tags/v5.2.0
UTC Build Time: 2021-08-23 14:27:49
GoVersion: go1.16.4
Race Enabled: false
TiKV Min Version: v3.0.0-60965b006877ca7234adaced7890d7b029ed1306
Check Table Before Drop: false
```
