ID: 27827
Title: expression: Some constant folding rule are closed in the latest TiDB.
Description:
## Bug Report

### 1. Minimal reproduce step (Required)

```sql
CREATE TABLE t(a int);
explain SELECT 1 FROM t WHERE 1/2 BETWEEN 1 AND 3;
```

### 2. What did you expect to see? (Required)

constant folded.
```sql
mysql> explain SELECT 1 FROM t WHERE 1/3 BETWEEN 1 AND 3;
+-------------------+---------+------+---------------+---------------+
| id                | estRows | task | access object | operator info |
+-------------------+---------+------+---------------+---------------+
| Projection_5      | 0.00    | root |               | 1->Column#3   |
| └─TableDual_6     | 0.00    | root |               | rows:0        |
+-------------------+---------+------+---------------+---------------+
2 rows in set (0.00 sec)
```

### 3. What did you see instead (Required)

constant not folded.

```sql
mysql> explain SELECT 1 FROM t WHERE 1/2 BETWEEN 1 AND 3;
+---------------------------+----------+-----------+---------------+--------------------------------+
| id                        | estRows  | task      | access object | operator info                  |
+---------------------------+----------+-----------+---------------+--------------------------------+
| Projection_4              | 8000.00  | root      |               | 1->Column#3                    |
| └─TableReader_7           | 8000.00  | root      |               | data:Selection_6               |
|   └─Selection_6           | 8000.00  | cop[tikv] |               | ge(0.5000, 1), le(0.5000, 3)   |
|     └─TableFullScan_5     | 10000.00 | cop[tikv] | table:t       | keep order:false, stats:pseudo |
+---------------------------+----------+-----------+---------------+--------------------------------+
4 rows in set (0.00 sec)
```

The unexpected non-folded will let TiFlash report an error, like:

```sql
mysql> alter table t set tiflash replica 1;
Query OK, 0 rows affected (0.06 sec)

mysql> SELECT 1 FROM t WHERE 1/2 BETWEEN 1 AND 3;
ERROR 1105 (HY000): Can't compare
```

This will be solved in another TiFlash issue.

### 4. What is your TiDB version? (Required)

can reproduce in
1. 2021-09-06 master
2. 2021-09-06 v5.0.4 pre-release
```sql
mysql> select tidb_version();
+--------------------------------------------------------------------------------------------------------------------------------------------------------------------------------------------------------------------------------------------------------------------------------------------------------------------+
| tidb_version()                                                                                                                                                                                                                                                                                                     |
+--------------------------------------------------------------------------------------------------------------------------------------------------------------------------------------------------------------------------------------------------------------------------------------------------------------------+
| Release Version: v5.0.4
Edition: Community
Git Commit Hash: 55bb592dbe9768c2364f0b07367a925f4e3b005a
Git Branch: heads/refs/tags/v5.0.4
UTC Build Time: 2021-09-03 12:12:28
GoVersion: go1.13
Race Enabled: false
TiKV Min Version: v3.0.0-60965b006877ca7234adaced7890d7b029ed1306
Check Table Before Drop: false |
+--------------------------------------------------------------------------------------------------------------------------------------------------------------------------------------------------------------------------------------------------------------------------------------------------------------------+
1 row in set (0.00 sec)
```

can't reproduce in:
1. v5.2.0
2. v5.1.0
3. v5.0.3
