ID: 28056
Title: `prepared plan cache` not work
Description:
## Bug Report

Please answer these questions before submitting your issue. Thanks!

### 1. Minimal reproduce step (Required)

```
create table t(d date);
insert into t values('1992-9-9'), ('2000-01-31'), ('3020-04-14');
prepare stmt from 'select d < current_timestamp() as cmp from t where d < current_time() or ? < 0 order by cmp';
set @a=-1;
execute stmt using @a;
select @@last_plan_from_cache;
set @a=1;
execute stmt using @a;
select @@last_plan_from_cache;
```

### 2. What did you expect to see? (Required)
```
mysql> create table t(d date);
Query OK, 0 rows affected (0.09 sec)

mysql> insert into t values('1992-9-9'), ('2000-01-31'), ('3020-04-14');
Query OK, 3 rows affected (0.02 sec)
Records: 3  Duplicates: 0  Warnings: 0

mysql> prepare stmt from 'select d < current_timestamp() as cmp from t where d < current_time() or ? < 0 order by cmp';
Query OK, 0 rows affected (0.01 sec)

mysql> set @a=-1;
Query OK, 0 rows affected (0.01 sec)

mysql> execute stmt using @a;
+-----+
| cmp |
+-----+
|   0 |
|   1 |
|   1 |
+-----+
3 rows in set (0.02 sec)

mysql> select @@last_plan_from_cache;
+------------------------+
| @@last_plan_from_cache |
+------------------------+
|                      0 |
+------------------------+
1 row in set (0.01 sec)

mysql> set @a=1;
Query OK, 0 rows affected (0.01 sec)

mysql> execute stmt using @a;
+-----+
| cmp |
+-----+
|   1 |
|   1 |
+-----+
2 rows in set (0.01 sec)

mysql> select @@last_plan_from_cache;
+------------------------+
| @@last_plan_from_cache |
+------------------------+
|                      1 |
+------------------------+
1 row in set (0.01 sec)
```

### 3. What did you see instead (Required)
```
mysql> create table t(d date);
Query OK, 0 rows affected (0.09 sec)

mysql> insert into t values('1992-9-9'), ('2000-01-31'), ('3020-04-14');
Query OK, 3 rows affected (0.02 sec)
Records: 3  Duplicates: 0  Warnings: 0

mysql> prepare stmt from 'select d < current_timestamp() as cmp from t where d < current_time() or ? < 0 order by cmp';
Query OK, 0 rows affected (0.01 sec)

mysql> set @a=-1;
Query OK, 0 rows affected (0.01 sec)

mysql> execute stmt using @a;
+-----+
| cmp |
+-----+
|   0 |
|   1 |
|   1 |
+-----+
3 rows in set (0.02 sec)

mysql> select @@last_plan_from_cache;
+------------------------+
| @@last_plan_from_cache |
+------------------------+
|                      0 |
+------------------------+
1 row in set (0.01 sec)

mysql> set @a=1;
Query OK, 0 rows affected (0.01 sec)

mysql> execute stmt using @a;
+-----+
| cmp |
+-----+
|   1 |
|   1 |
+-----+
2 rows in set (0.01 sec)

mysql> select @@last_plan_from_cache;
+------------------------+
| @@last_plan_from_cache |
+------------------------+
|                      0 |
+------------------------+
1 row in set (0.01 sec)
```

### 4. What is your TiDB version? (Required)

v4.0.14, v5.0.4

