ID: 28254
Title: return wrong result using decimal column 
Description:
## Bug Report

Please answer these questions before submitting your issue. Thanks!

### 1. Minimal reproduce step (Required)

<!-- a step by step guide for reproducing the bug. -->
prepared-plan-cache.enable = true
```
use test;
drop table if exists PK_GCOL_STORED9816;
CREATE TABLE `PK_GCOL_STORED9816` (
  `COL102` decimal(55,0) DEFAULT NULL
) ENGINE=InnoDB DEFAULT CHARSET=utf8mb4 COLLATE=utf8mb4_bin;
insert into PK_GCOL_STORED9816 values(9710290195629059011);
prepare stmt from 'select count(*) from PK_GCOL_STORED9816 where col102 > ?;';
set @a=9860178624005968368;
execute stmt using @a;
set @a=-7235178122860450591;
execute stmt using @a;
select count(*) from PK_GCOL_STORED9816 where col102 > -7235178122860450591;
```

### 2. What did you expect to see? (Required)
release-4.0 & release-5.0
```
mysql> execute stmt using @a;
+----------+
| count(*) |
+----------+
|        1 |
+----------+
1 row in set (0.00 sec)

mysql> select count(*) from PK_GCOL_STORED9816 where col102 > -7235178122860450591;
+----------+
| count(*) |
+----------+
|        1 |
+----------+
1 row in set (0.01 sec)
```
### 3. What did you see instead (Required)
release-5.1 & release-5.2 & master
```
mysql> execute stmt using @a;
+----------+
| count(*) |
+----------+
|        0 |
+----------+
1 row in set (0.00 sec)

mysql> select count(*) from PK_GCOL_STORED9816 where col102 > -7235178122860450591;
+----------+
| count(*) |
+----------+
|        1 |
+----------+
1 row in set (0.01 sec)
```
### 4. What is your TiDB version? (Required)

<!-- Paste the output of SELECT tidb_version() -->
```
Release Version: v5.1.1-58-gdc079337e
Edition: Community
Git Commit Hash: dc079337ef0c9d78eec2d2acb1eb31e12117d29b
Git Branch: release-5.1
UTC Build Time: 2021-09-22 02:01:55
GoVersion: go1.16.5
Race Enabled: false
TiKV Min Version: v3.0.0-60965b006877ca7234adaced7890d7b029ed1306
Check Table Before Drop: false
```
