ID: 28483
Title: ADMIN CHECK TABLE does not report all tikv consistency errors
Description:
## Bug Report

Please answer these questions before submitting your issue. Thanks!

### 1. Minimal reproduce step (Required)

```sql
CREATE TABLE table1 (
auto_inc bigint(20) NOT NULL AUTO_INCREMENT,
one_big bigint(20) DEFAULT NULL,
one_prime_num int(11) NOT NULL,
one_vchar_256 varchar(256) NOT NULL,
one_vchar_small varchar(6) NOT NULL,
two_vchar_256 varchar(256) DEFAULT NULL,
three_vchar_256 varchar(256) DEFAULT NULL,
four_vchar_256 varchar(256) DEFAULT NULL,
five_vchar_256 varchar(256) DEFAULT NULL,
seven_vchar_256 varchar(256) DEFAULT NULL,
eight_vchar_256 varchar(256) DEFAULT NULL,
nine_vchar_256 varchar(256) DEFAULT NULL,
ten_vchar_256 varchar(256) DEFAULT NULL,
eleven_vchar_256 varchar(256) DEFAULT NULL,
one_text text DEFAULT NULL,
one_vchar_med varchar(32) DEFAULT NULL,
one_num_tiny tinyint(1) DEFAULT NULL,
two_vchar_med varchar(32) DEFAULT NULL,
one_double double DEFAULT NULL,
two_double double DEFAULT NULL,
three_double double DEFAULT NULL,
two_big bigint(20) DEFAULT NULL,
four_double double DEFAULT NULL,
two_prime_num int(11) DEFAULT NULL,
three_prime_num int(11) DEFAULT NULL,
four_prime_num int(11) DEFAULT NULL,
five_prime_num int(11) DEFAULT NULL,
two_num_tiny tinyint(1) DEFAULT NULL,
six_vchar_256 varchar(256) DEFAULT 'XXX',
five_double double DEFAULT NULL,
twelve_vchar_256 varchar(256) DEFAULT NULL,
thirteen_vchar_256 varchar(256) DEFAULT NULL,
six_prime_num int(11) DEFAULT NULL,
fourteen_vchar_256 varchar(256) DEFAULT NULL,
secen_prime_num int(11) DEFAULT '0',
three_num_tiny tinyint(1) DEFAULT NULL,
some_string varchar(64) DEFAULT NULL,
fifteen_vchar_256 varchar(256) DEFAULT NULL,
sixteen_vchar_256 varchar(256) DEFAULT NULL,
PRIMARY KEY (auto_inc),
UNIQUE KEY table1_unique_index (one_prime_num,one_vchar_256,one_vchar_small),
KEY two_vchar_med_index (two_vchar_med)
) ENGINE=InnoDB DEFAULT CHARSET=utf8 COLLATE=utf8_bin;
```

```sql
mysql> select /*+ read_from_storage(tikv[two_double]) */ hex(two_double) FROM table1 where id=6450117;                                                                                                                                                        +---------------------+
| hex(two_double) |
+---------------------+
| 8000000000000000    |
+---------------------+
1 row in set (0.00 sec)

mysql> select /*+ read_from_storage(tikv[two_double]) */ binary(two_double) FROM table1 WHERE id=6450117;
+------------------------+
| binary(two_double) |
+------------------------+
| NaN                    |
+------------------------+
1 row in set (0.03 sec)

mysql> select /*+ read_from_storage(tikv[two_double]) */ two_double FROM table1 WHERE id=6450117;
+----------------+
| two_double |
+----------------+
|              0 |
+----------------+
1 row in set (0.00 sec)
```

### 2. What did you expect to see? (Required)
A double or a NULL

### 3. What did you see instead (Required)

The hex and binary of the corrupted field is abnormal. The hex value is -0 and the binary value is NaN. I haven't found a way to reproduce this error with tidb 5.1.0. I guess it's caused by some old issues in tidb 4.0. Have you heard about similar issues in previous version?


### 4. What is your TiDB version? (Required)

v5.1.0

<!-- Paste the output of SELECT tidb_version() -->
```sql
mysql> select @@version;
+--------------------+
| @@version          |
+--------------------+
| 5.7.25-TiDB-v5.1.0 |
+--------------------+
1 row in set (0.00 sec)
```