ID: 28490
Title: enum type is used as the primary key, not in is used as the query condition, and the null value is incorrectly returned
Description:
## Bug Report

Please answer these questions before submitting your issue. Thanks!

### 1. Minimal reproduce step (Required)

```sql
 CREATE TABLE `tbl_27` (
  `col_180` enum('Alice','Bob','Charlie','David') COLLATE utf8mb4_general_ci NOT NULL,
  PRIMARY KEY (`col_180`) /*T![clustered_index] NONCLUSTERED */,
  KEY `idx_66` (`col_180`),
  UNIQUE KEY `idx_67` (`col_180`),
  UNIQUE KEY `idx_68` (`col_180`)
) ENGINE=InnoDB DEFAULT CHARSET=utf8mb4 COLLATE=utf8mb4_general_ci

insert ignore into t set a = 'David' on duplicate key update a = null;    
insert ignore into t set a = 'David' on duplicate key update a = null;    
```
```
mysql> select * from t;
+---+
| a |
+---+
|   |
+---+
1 row in set (0.00 sec)
```
```sql
select col_180 from tbl_27 where tbl_27.col_180 not in ( 'David' );--check
select col_180 from tbl_27 where tbl_27.col_180 not in ( 'David' ) for update;--check
```

### 2. What did you expect to see? (Required)

```
mysql> select col_180 from tbl_27 where tbl_27.col_180 not in ( 'David' );
+---------+
| col_180 |
+---------+
|         |
+---------+
1 row in set (0.01 sec)

mysql> select col_180 from tbl_27 where tbl_27.col_180 not in ( 'David' ) for update;
+---------+
| col_180 |
+---------+
|         |
+---------+
1 row in set (0.00 sec)
```

### 3. What did you see instead (Required)

```
mysql> select col_180 from tbl_27 where tbl_27.col_180 not in ( 'David' );
Empty set (0.01 sec)

mysql> select col_180 from tbl_27 where tbl_27.col_180 not in ( 'David' ) for update;
+---------+
| col_180 |
+---------+
|         |
+---------+
1 row in set (0.00 sec)
```

tbl_27 use clustered index, the null value is incorrectly returned

```sql
CREATE TABLE `tbl_27` (
  `col_180` enum('Alice','Bob','Charlie','David') COLLATE utf8mb4_general_ci NOT NULL,
  PRIMARY KEY (`col_180`) /*T![clustered_index] CLUSTERED */,
  KEY `idx_66` (`col_180`),
  UNIQUE KEY `idx_67` (`col_180`),
  UNIQUE KEY `idx_68` (`col_180`)
) ENGINE=InnoDB DEFAULT CHARSET=utf8mb4 COLLATE=utf8mb4_general_ci
```
```
mysql> insert ignore into tbl_27 set col_180 = 'David' on duplicate key update col_180 = null;   
Query OK, 1 row affected (0.00 sec)

mysql> insert ignore into tbl_27 set col_180 = 'David' on duplicate key update col_180 = null;
Query OK, 2 rows affected, 1 warning (0.00 sec)

mysql> select * from tbl_27;
+---------+
| col_180 |
+---------+
|         |
+---------+
1 row in set (0.00 sec)

mysql> select col_180 from tbl_27 where tbl_27.col_180 not in ( 'David') for update;
Empty set (0.00 sec)

mysql> select col_180 from tbl_27 where tbl_27.col_180 not in ( 'David') ;
Empty set (0.01 sec)
```

### 4. What is your TiDB version? (Required)

```
Release Version: v5.2.0-nightly
Edition: Community
Git Commit Hash: 87ac177f37c9b906b0aed2beec258355e8b7dc1b
Git Branch: heads/refs/tags/v5.2.0-nightly
UTC Build Time: 2021-09-27 01:42:11
GoVersion: go1.16.4
Race Enabled: false
TiKV Min Version: v3.0.0-60965b006877ca7234adaced7890d7b029ed1306
Check Table Before Drop: false
```