ID: 28538
Title: last_insert_id value advances even though insert failed
Description:
## Bug Report

I think this is minor, but it is not typical database behavior (state is not completely cleaned up from a failure). So I am filing a bug anyway.

### 1. Minimal reproduce step (Required)

```sql
DROP TABLE IF EXISTS t1;
CREATE TABLE t1 (id tinyint unsigned not null auto_increment primary key);
INSERT INTO t1 VALUES (255);
SELECT last_insert_id();
INSERT INTO t1 VALUES (NULL);
SELECT last_insert_id();
```
### 2. What did you expect to see? (Required)

```sql
mysql [localhost:8024] {root} (test) > DROP TABLE IF EXISTS t1;
Query OK, 0 rows affected (0.00 sec)

mysql [localhost:8024] {root} (test) > CREATE TABLE t1 (id tinyint unsigned not null auto_increment primary key);
Query OK, 0 rows affected (0.01 sec)

mysql [localhost:8024] {root} (test) > INSERT INTO t1 VALUES (255);
Query OK, 1 row affected (0.00 sec)

mysql [localhost:8024] {root} (test) > SELECT last_insert_id();
+------------------+
| last_insert_id() |
+------------------+
|              255 |
+------------------+
1 row in set (0.00 sec)

mysql [localhost:8024] {root} (test) > INSERT INTO t1 VALUES (NULL);
ERROR 1062 (23000): Duplicate entry '255' for key 't1.PRIMARY'
mysql [localhost:8024] {root} (test) > SELECT last_insert_id();
+------------------+
| last_insert_id() |
+------------------+
|              255 |
+------------------+
1 row in set (0.00 sec)
```

### 3. What did you see instead (Required)

```sql
mysql> DROP TABLE IF EXISTS t1;
Query OK, 0 rows affected (0.01 sec)

mysql> CREATE TABLE t1 (id tinyint unsigned not null auto_increment primary key);
Query OK, 0 rows affected (0.00 sec)

mysql> INSERT INTO t1 VALUES (255);
Query OK, 1 row affected (0.00 sec)

mysql> SELECT last_insert_id();
+------------------+
| last_insert_id() |
+------------------+
|              256 |
+------------------+
1 row in set (0.00 sec)

mysql> INSERT INTO t1 VALUES (NULL);
ERROR 1062 (23000): Duplicate entry '255' for key 'PRIMARY'
mysql> SELECT last_insert_id();
+------------------+
| last_insert_id() |
+------------------+
|              256 |
+------------------+
1 row in set (0.00 sec)
```
### 4. What is your TiDB version? (Required)

```sql
mysql> SELECT tidb_version()\G
*************************** 1. row ***************************
tidb_version(): Release Version: v5.3.0-alpha-256-gb0b559f23
Edition: Community
Git Commit Hash: b0b559f2389de5e27d0d2e12d2bfae049186b54b
Git Branch: master
UTC Build Time: 2021-10-01 14:52:33
GoVersion: go1.16.7
Race Enabled: false
TiKV Min Version: v3.0.0-60965b006877ca7234adaced7890d7b029ed1306
Check Table Before Drop: false
1 row in set (0.00 sec)
```
