ID: 28540
Title: RENAME TABLE to same name as temp table fails
Description:
## Bug Report

Please answer these questions before submitting your issue. Thanks!

### 1. Minimal reproduce step (Required)

```sql
drop table if exists t1, t2;
create temporary table t1 (j int);
insert into t1 values (1);
create table if not exists t2 (a int);
insert into t2 values (2);
rename table t2 to t1; # fails (works in MySQL)
create table if not exists t1 (a int); # yet this works (with a warning that is incorrect, there is no conflict)
select * from t1;
drop temporary table t1;
select * from t1;
drop table t1;
```

### 2. What did you expect to see? (Required)

```sql
mysql [localhost:8024] {root} (test) > drop table if exists t1, t2;
Query OK, 0 rows affected, 2 warnings (0.00 sec)

mysql [localhost:8024] {root} (test) > create temporary table t1 (j int);
Query OK, 0 rows affected (0.00 sec)

mysql [localhost:8024] {root} (test) > insert into t1 values (1);
Query OK, 1 row affected (0.00 sec)

mysql [localhost:8024] {root} (test) > create table if not exists t2 (a int);
Query OK, 0 rows affected (0.01 sec)

mysql [localhost:8024] {root} (test) > insert into t2 values (2);
Query OK, 1 row affected (0.00 sec)

mysql [localhost:8024] {root} (test) > rename table t2 to t1; # fails (works in MySQL)
Query OK, 0 rows affected (0.00 sec)

mysql [localhost:8024] {root} (test) > select * from t1;
+------+
| j    |
+------+
|    1 |
+------+
1 row in set (0.00 sec)

mysql [localhost:8024] {root} (test) > drop temporary table t1;
Query OK, 0 rows affected (0.00 sec)

mysql [localhost:8024] {root} (test) > select * from t1;
+------+
| a    |
+------+
|    2 |
+------+
1 row in set (0.00 sec)

mysql [localhost:8024] {root} (test) > drop table t1;
Query OK, 0 rows affected (0.00 sec)
```
### 3. What did you see instead (Required)

```sql
mysql> drop table if exists t1, t2;
Query OK, 0 rows affected, 1 warning (0.02 sec)

mysql> create temporary table t1 (j int);
Query OK, 0 rows affected (0.00 sec)

mysql> insert into t1 values (1);
Query OK, 1 row affected (0.00 sec)

mysql> create table if not exists t2 (a int);
Query OK, 0 rows affected (0.00 sec)

mysql> insert into t2 values (2);
Query OK, 1 row affected (0.00 sec)

mysql> rename table t2 to t1; # fails (works in MySQL)
Query OK, 0 rows affected (0.00 sec)

mysql> create table if not exists t1 (a int); # yet this works (with a warning that is incorrect, there is no conflict)
Query OK, 0 rows affected, 1 warning (0.00 sec)

mysql> select * from t1;
+------+
| j    |
+------+
|    1 |
+------+
1 row in set (0.00 sec)

mysql> drop temporary table t1;
Query OK, 0 rows affected (0.00 sec)

mysql> select * from t1;
+------+
| a    |
+------+
|    2 |
+------+
1 row in set (0.00 sec)

mysql> drop table t1;
Query OK, 0 rows affected (0.01 sec)
```
### 4. What is your TiDB version? (Required)

```sql
mysql> SELECT tidb_version()\G
*************************** 1. row ***************************
tidb_version(): Release Version: v5.3.0-alpha-256-gb0b559f23
Edition: Community
Git Commit Hash: b0b559f2389de5e27d0d2e12d2bfae049186b54b
Git Branch: master
UTC Build Time: 2021-10-01 14:52:33
GoVersion: go1.16.7
Race Enabled: false
TiKV Min Version: v3.0.0-60965b006877ca7234adaced7890d7b029ed1306
Check Table Before Drop: false
1 row in set (0.00 sec)
```
