ID: 28867
Title: prepare/execute statements return an wrong result when changing IndexJoin's parameters
Description:
## Bug Report

Please answer these questions before submitting your issue. Thanks!

### 1. Minimal reproduce step (Required)

<!-- a step by step guide for reproducing the bug. -->
```
CREATE TABLE t1 (
	c_int int,
	c_str varchar(40) CHARACTER SET utf8 COLLATE utf8_bin,
	PRIMARY KEY (c_int, c_str)
);

insert into t1 values (1, '1');

CREATE TABLE t2 (
	c_str varchar(40) CHARACTER SET utf8 COLLATE utf8_bin,
	PRIMARY KEY (c_str)
);

insert into t2 values ('1');

prepare stmt from 'select /*+ INL_JOIN(t1,t2) */ * from t1 join t2 on t1.c_str <= t2.c_str where t1.c_int in (?,?)';
set @a=10,@b=20;
execute stmt using @a,@b;
set @a=1,@b=2;
execute stmt using @a,@b;

select /*+ INL_JOIN(t1,t2) */ * from t1 join t2 on t1.c_str <= t2.c_str where t1.c_int in (1,2);
```

### 2. What did you expect to see? (Required)
```
set @a=1,@b=2;
mysql> execute stmt using @a,@b;
+-------+-------+-------+
| c_int | c_str | c_str |
+-------+-------+-------+
|     1 | 1     | 1     |
+-------+-------+-------+
1 row in set (0.00 sec)

mysql> select /*+ INL_JOIN(t1,t2) */ * from t1 join t2 on t1.c_str <= t2.c_str where t1.c_int in (1,2);
+-------+-------+-------+
| c_int | c_str | c_str |
+-------+-------+-------+
|     1 | 1     | 1     |
+-------+-------+-------+
1 row in set (0.00 sec)
```

### 3. What did you see instead (Required)
```
mysql> set @a=1,@b=2;
Query OK, 0 rows affected (0.00 sec)

mysql> execute stmt using @a,@b;
Empty set (0.00 sec)

mysql> select /*+ INL_JOIN(t1,t2) */ * from t1 join t2 on t1.c_str <= t2.c_str where t1.c_int in (1,2);
+-------+-------+-------+
| c_int | c_str | c_str |
+-------+-------+-------+
|     1 | 1     | 1     |
+-------+-------+-------+
1 row in set (0.00 sec)
```

### 4. What is your TiDB version? (Required)

<!-- Paste the output of SELECT tidb_version() -->
```
mysql> select version();
+------------------------------------------------+
| version()                                      |
+------------------------------------------------+
| 5.7.25-TiDB-v5.3.0-alpha-1114-g06cfd000c-dirty |
+------------------------------------------------+
1 row in set (0.00 sec)
```

