ID: 28921
Title: isolation set repeatable-read，the same select return different record in a transaction
Description:
## Bug Report

Please answer these questions before submitting your issue. Thanks!

### 1. Minimal reproduce step (Required)

```
set new_collations_enabled_on_first_bootstrap: true

/* INIT */ drop table if exists t;
/* INIT */ create table t ( c_int int, c_str varchar(40) character set latin1 collate latin1_bin, c_datetime datetime, c_timestamp timestamp, c_double double, c_decimal decimal(12, 6), c_enum enum('blue','green','red','yellow','white','orange','purple'), c_set set ('blue','green','red','yellow','white','orange','purple')  , key(c_int) , unique key(c_str(11)) , key(c_decimal)   , key(c_enum) , key(c_set) );
/* INIT */ insert into t values (1, 'strange tereshkova', '2020-03-05 03:51:45', '2020-03-21 01:54:15', 71.474950, 9.756, 'blue', 'yellow'), (2, 'nice galileo', '2020-01-13 21:40:58', '2020-05-20 23:53:56', 53.721128, 5.346, 'yellow', 'blue'), (3, 'upbeat taussig', '2020-01-06 02:21:04', '2020-01-18 21:48:32', 72.644380, 9.363, 'purple', 'purple'), (4, 'exciting wu', '2020-05-07 17:06:36', '2020-04-14 13:52:54', 17.619027, 3.507, 'green', 'yellow'), (5, 'condescending greider', '2020-01-28 00:33:07', '2020-04-07 05:36:03', 27.682259, 9.719, 'blue', 'white');
/* INIT */ insert into t values (6, 'nervous noether', '2020-01-03 21:06:30', '2020-03-13 06:16:25', 41.538078, 8.308, 'purple', 'white'), (7, 'amazing lalande', '2020-05-21 02:10:23', '2020-04-04 12:44:40', 89.818130, 9.725, 'yellow', 'red'), (8, 'happy curran', '2020-04-10 23:58:34', '2020-01-23 16:04:05', 73.649215, 1.160, 'blue', 'white'), (9, 'exciting margulis', '2020-02-16 12:30:20', '2020-03-07 09:59:48', 75.336312, 4.636, 'red', 'white'), (10, 'charming hugle', '2020-05-23 00:32:07', '2020-02-27 22:45:11', 4.267077, 0.077, 'red', 'yellow');
/* T000_000 */ begin;
/* T000_001 */ update t set c_datetime = '2020-05-30 08:23:57' where (c_int, c_str) in ((4, 'great meitner')) order by c_int, c_str, c_decimal, c_double;
/* T000_002 */ update t set c_decimal = 6.133 where (c_int, c_str) = (1, 'suspicious kilby') order by c_int, c_str, c_decimal, c_double limit 3;
/* T000_003 */ delete from t where (c_int, c_str) in ((3, 'nostalgic moore')) order by c_int, c_str, c_decimal, c_double limit 2;
/* T000_004 */ select c_int, c_str, c_double, c_decimal, c_datetime, c_timestamp, c_enum, c_set from t where c_datetime = '2020-04-19 06:49:23' order by c_int, c_str, c_decimal, c_double;
/* T000_005 */ update t set c_str = upper(c_str) where c_int in (4) and (c_int, c_str) in ((7, 'condescending mayer')) order by c_int, c_str, c_decimal, c_double limit 1;
/* T000_006 */ delete from t where (c_int, c_str) in ((10, 'nice cohen'), (3, 'optimistic keldysh'), (10, 'exciting shaw'), (8, 'focused ellis'), (5, 'epic robinson')) order by c_int, c_str, c_decimal, c_double;
/* T000_007 */ insert into t (c_int, c_str, c_timestamp, c_decimal, c_enum, c_set) values (11, 'optimistic williams', '2020-01-24 12:44:16', 8.716, 'blue', 'yellow'), (10, 'musing galileo', '2020-06-20 20:53:54', 1.868, 'blue', 'orange');
/* T000_008 */ update t set c_decimal = c_decimal - 4.730 where c_enum between 'purple' and 'white' or (c_int, c_str) in ((1, 'xenodochial greider')) and c_datetime is not null order by c_int, c_str, c_decimal, c_double limit 2;
/* T000_009 */ delete from t where c_datetime < '2020-02-08 09:39:23' order by c_int, c_str, c_decimal, c_double limit 2;
/* T000_010 */ (select count(*) from t where c_set = 'blue' for update) union (select sum(c_int) from t where c_enum in ('white') for update);
select * from t where (c_int, c_str) = (4, 'frosty bohr') or c_str >= 'optimistic kepler' order by c_int, c_str, c_decimal, c_double; ---check

wait a moment，execute the same select again；

select * from t where (c_int, c_str) = (4, 'frosty bohr') or c_str >= 'optimistic kepler' order by c_int, c_str, c_decimal, c_double; --check


```
### 2. What did you expect to see? (Required)

```
mysql> select * from t where (c_int, c_str) = (4, 'frosty bohr') or c_str >= 'optimistic kepler' order by c_int, c_str, c_decimal, c_double;
+-------+---------------------+---------------------+---------------------+----------+-----------+--------+--------+
| c_int | c_str               | c_datetime          | c_timestamp         | c_double | c_decimal | c_enum | c_set  |
+-------+---------------------+---------------------+---------------------+----------+-----------+--------+--------+
|     1 | strange tereshkova  | 2020-03-05 03:51:45 | 2020-03-21 01:54:15 | 71.47495 |  9.756000 | blue   | yellow |
|    11 | optimistic williams | NULL                | 2020-01-24 12:44:16 |     NULL |  8.716000 | blue   | yellow |
+-------+---------------------+---------------------+---------------------+----------+-----------+--------+--------+
2 rows in set (0.00 sec)

mysql> select * from t where (c_int, c_str) = (4, 'frosty bohr') or c_str >= 'optimistic kepler' order by c_int, c_str, c_decimal, c_double;
+-------+---------------------+---------------------+---------------------+----------+-----------+--------+--------+
| c_int | c_str               | c_datetime          | c_timestamp         | c_double | c_decimal | c_enum | c_set  |
+-------+---------------------+---------------------+---------------------+----------+-----------+--------+--------+
|     1 | strange tereshkova  | 2020-03-05 03:51:45 | 2020-03-21 01:54:15 | 71.47495 |  9.756000 | blue   | yellow |
|    11 | optimistic williams | NULL                | 2020-01-24 12:44:16 |     NULL |  8.716000 | blue   | yellow |
+-------+---------------------+---------------------+---------------------+----------+-----------+--------+--------+
2 rows in set (0.00 sec)
```

### 3. What did you see instead (Required)

```
mysql> select * from t where (c_int, c_str) = (4, 'frosty bohr') or c_str >= 'optimistic kepler' order by c_int, c_str, c_decimal, c_double;
+-------+--------------------+---------------------+---------------------+----------+-----------+--------+--------+
| c_int | c_str              | c_datetime          | c_timestamp         | c_double | c_decimal | c_enum | c_set  |
+-------+--------------------+---------------------+---------------------+----------+-----------+--------+--------+
|     1 | strange tereshkova | 2020-03-05 03:51:45 | 2020-03-21 01:54:15 | 71.47495 |  9.756000 | blue   | yellow |
+-------+--------------------+---------------------+---------------------+----------+-----------+--------+--------+
1 row in set (0.01 sec)

mysql> select * from t where (c_int, c_str) = (4, 'frosty bohr') or c_str >= 'optimistic kepler' order by c_int, c_str, c_decimal, c_double;
+-------+---------------------+---------------------+---------------------+----------+-----------+--------+--------+
| c_int | c_str               | c_datetime          | c_timestamp         | c_double | c_decimal | c_enum | c_set  |
+-------+---------------------+---------------------+---------------------+----------+-----------+--------+--------+
|     1 | strange tereshkova  | 2020-03-05 03:51:45 | 2020-03-21 01:54:15 | 71.47495 |  9.756000 | blue   | yellow |
|    11 | optimistic williams | NULL                | 2020-01-24 12:44:16 |     NULL |  8.716000 | blue   | yellow |
+-------+---------------------+---------------------+---------------------+----------+-----------+--------+--------+
2 rows in set (0.00 sec)
```

### 4. What is your TiDB version? (Required)
```
occur on tidb v5.2，master is normal
v5.2.0-nightly
Edition: Community
Git Commit Hash: 0fc639bf3ef13714cf8cc51fc1b73ecd48d0777b
Git Branch: heads/refs/tags/v5.2.0-nightly
UTC Build Time: 2021-10-18 06:43:49
GoVersion: go1.16.4
Race Enabled: false
TiKV Min Version: v3.0.0-60965b006877ca7234adaced7890d7b029ed1306
Check Table Before Drop: false
```

