ID: 28920
Title: prepared-plan-cache: wrong results using the virtual column
Description:
## Bug Report

Please answer these questions before submitting your issue. Thanks!

### 1. Minimal reproduce step (Required)

<!-- a step by step guide for reproducing the bug. -->
prepared-plan-cache.enable = true
```
use test;
drop table if exists UK_GCOL_VIRTUAL_18928;
CREATE TABLE `UK_GCOL_VIRTUAL_18928` (
  `COL102` bigint(20) DEFAULT NULL,
  `COL103` bigint(20) DEFAULT NULL,
  `COL1` bigint(20) GENERATED ALWAYS AS (`COL102` & 10) VIRTUAL,
  `COL2` varchar(20) DEFAULT NULL,
  `COL4` datetime DEFAULT NULL,
  `COL3` bigint(20) DEFAULT NULL,
  `COL5` float DEFAULT NULL,
  UNIQUE KEY `UK_COL1` (`COL1`)
) ENGINE=InnoDB DEFAULT CHARSET=utf8mb4 COLLATE=utf8mb4_bin;
insert into UK_GCOL_VIRTUAL_18928(col102,col2) values("-5175976006730879891", "屘厒镇览錻碛斵大擔觏譨頙硺箄魨搝珄鋧扭趖");
prepare stmt from 'SELECT * FROM UK_GCOL_VIRTUAL_18928 WHERE col1 < ? AND col2 != ?;';
set @a=10, @b="aa";
execute stmt using @a,@b;

SELECT * FROM UK_GCOL_VIRTUAL_18928 WHERE col1 < 10 AND col2 != "aa";
```
### 2. What did you expect to see? (Required)
```
mysql> execute stmt using @a,@b;
+----------------------+--------+------+--------------------------------------------------------------+------+------+------+
| COL102               | COL103 | COL1 | COL2                                                         | COL4 | COL3 | COL5 |
+----------------------+--------+------+--------------------------------------------------------------+------+------+------+
| -5175976006730879891 |   NULL |    8 | 屘厒镇览錻碛斵大擔觏譨頙硺箄魨搝珄鋧扭趖                     | NULL | NULL | NULL |
+----------------------+--------+------+--------------------------------------------------------------+------+------+------+
1 row in set (0.00 sec)

mysql>
mysql> SELECT * FROM UK_GCOL_VIRTUAL_18928 WHERE col1 < 10 AND col2 != "aa";
+----------------------+--------+------+--------------------------------------------------------------+------+------+------+
| COL102               | COL103 | COL1 | COL2                                                         | COL4 | COL3 | COL5 |
+----------------------+--------+------+--------------------------------------------------------------+------+------+------+
| -5175976006730879891 |   NULL |    8 | 屘厒镇览錻碛斵大擔觏譨頙硺箄魨搝珄鋧扭趖                     | NULL | NULL | NULL |
+----------------------+--------+------+--------------------------------------------------------------+------+------+------+
1 row in set (0.00 sec)
```
### 3. What did you see instead (Required)
```
mysql> execute stmt using @a,@b;
Empty set (0.00 sec)

mysql>
mysql> SELECT * FROM UK_GCOL_VIRTUAL_18928 WHERE col1 < 10 AND col2 != "aa";
+----------------------+--------+------+--------------------------------------------------------------+------+------+------+
| COL102               | COL103 | COL1 | COL2                                                         | COL4 | COL3 | COL5 |
+----------------------+--------+------+--------------------------------------------------------------+------+------+------+
| -5175976006730879891 |   NULL |    8 | 屘厒镇览錻碛斵大擔觏譨頙硺箄魨搝珄鋧扭趖                     | NULL | NULL | NULL |
+----------------------+--------+------+--------------------------------------------------------------+------+------+------+
1 row in set (0.00 sec)
```
### 4. What is your TiDB version? (Required)

<!-- Paste the output of SELECT tidb_version() -->
```
Release Version: v5.3.0-alpha-1127-gfce1a03e4
Edition: Community
Git Commit Hash: fce1a03e40d4aade17793e2da0cd0589d9b25588
Git Branch: master
UTC Build Time: 2021-10-18 10:02:24
GoVersion: go1.16.5
Race Enabled: false
TiKV Min Version: v3.0.0-60965b006877ca7234adaced7890d7b029ed1306
Check Table Before Drop: false
```
