ID: 29149
Title: ERROR 1054 (42S22): Unknown column 't1_outer.b' in 'field list'
Description:
## Bug Report

Please answer these questions before submitting your issue. Thanks!

### 1. Minimal reproduce step (Required)

<!-- a step by step guide for reproducing the bug. -->
```sql
DROP TABLE IF EXISTS t1;
CREATE TABLE t1 (a INT, b INT);
INSERT INTO t1 VALUES (1,1),(2,1),(3,2),(4,2),(5,3),(6,3);
SELECT 1 FROM t1 as t1_outer GROUP BY a  HAVING (SELECT t1_outer.a FROM t1 AS t1_inner GROUP BY b LIMIT 1);
SELECT 1 FROM t1 as t1_outer GROUP BY b HAVING (SELECT t1_outer.b FROM t1 AS t1_inner LIMIT 1);
```

### 2. What did you expect to see? (Required)
```sql
mysql> SELECT 1 FROM t1 as t1_outer GROUP BY a  HAVING (SELECT t1_outer.a FROM t1 AS t1_inner GROUP BY b LIMIT 1);
+---+
| 1 |
+---+
| 1 |
| 1 |
| 1 |
| 1 |
| 1 |
| 1 |
+---+
6 rows in set (0.00 sec)

mysql> SELECT 1 FROM t1 as t1_outer GROUP BY b HAVING (SELECT t1_outer.b FROM t1 AS t1_inner LIMIT 1);
+---+
| 1 |
+---+
| 1 |
| 1 |
| 1 |
+---+
3 rows in set (0.00 sec)
```

### 3. What did you see instead (Required)
```sql
mysql> SELECT 1 FROM t1 as t1_outer GROUP BY a  HAVING (SELECT t1_outer.a FROM t1 AS t1_inner GROUP BY b LIMIT 1);
ERROR 1054 (42S22): Unknown column 't1_outer.a' in 'field list'
mysql> SELECT 1 FROM t1 as t1_outer GROUP BY b HAVING (SELECT t1_outer.b FROM t1 AS t1_inner LIMIT 1);
ERROR 1054 (42S22): Unknown column 't1_outer.b' in 'field list'
```

### 4. What is your TiDB version? (Required)

<!-- Paste the output of SELECT tidb_version() -->
```sql
| Release Version: v5.2.1
Edition: Community
Git Commit Hash: cd8fb24c5f7ebd9d479ed228bb41848bd5e97445
Git Branch: heads/refs/tags/v5.2.1
UTC Build Time: 2021-09-08 02:29:53
GoVersion: go1.16.4
Race Enabled: false
TiKV Min Version: v3.0.0-60965b006877ca7234adaced7890d7b029ed1306
Check Table Before Drop: false |
```

