ID: 29221
Title: Index Merge can not be selected when we set sql_select_limit
Description:
## Bug Report

Please answer these questions before submitting your issue. Thanks!

### 1. Minimal reproduce step (Required)

<!-- a step by step guide for reproducing the bug. -->
Enable plan-cache
```
set tidb_enable_index_merge=on;
drop table if exists t;
create table t(a int, b int, index idx_a(a), index idx_b(b));
set @@session.sql_select_limit=3;
prepare stmt from 'select * from t where a = 1 or b = 1;';
execute stmt;
explain for connection 3;
set @@session.sql_select_limit=18446744073709551615;
prepare stmt from 'select * from t where a = 1 or b = 1;';
execute stmt;
explain for connection 3;
```

### 2. What did you expect to see? (Required)
When we set `sql_select_limit`, we still can use `IndexMerge`.

### 3. What did you see instead (Required)
```
mysql> set @@session.sql_select_limit=3;
Query OK, 0 rows affected (0.00 sec)

mysql> prepare stmt from 'select * from t where a = 1 or b = 1;';
Query OK, 0 rows affected (0.01 sec)

mysql> execute stmt;
Empty set (0.01 sec)

mysql> explain for connection 3;
+------------------------------+---------+-----------+---------------+--------------------------------------+
| id                           | estRows | task      | access object | operator info                        |
+------------------------------+---------+-----------+---------------+--------------------------------------+
| Limit_8                      | 3.00    | root      |               | offset:0, count:3                    |
| └─TableReader_13             | 3.00    | root      |               | data:Limit_12                        |
|   └─Limit_12                 | 3.00    | cop[tikv] |               | offset:0, count:3                    |
|     └─Selection_11           | 3.00    | cop[tikv] |               | or(eq(test.t.a, 1), eq(test.t.b, 1)) |
|       └─TableFullScan_10     | 1500.75 | cop[tikv] | table:t       | keep order:false, stats:pseudo       |
+------------------------------+---------+-----------+---------------+--------------------------------------+
5 rows in set (0.00 sec)

mysql> set @@session.sql_select_limit=18446744073709551615;
Query OK, 0 rows affected (0.00 sec)

mysql> prepare stmt from 'select * from t where a = 1 or b = 1;';
Query OK, 0 rows affected (0.00 sec)

mysql> execute stmt;
Empty set (0.00 sec)

mysql> explain for connection 3;
+----------------------------------+---------+-----------+-------------------------+---------------------------------------------+
| id                               | estRows | task      | access object           | operator info                               |
+----------------------------------+---------+-----------+-------------------------+---------------------------------------------+
| Selection_13                     | 19.99   | root      |                         | or(eq(test.t.a, 1), eq(test.t.b, 1))        |
| └─IndexMerge_12                  | 19.99   | root      |                         |                                             |
|   ├─IndexRangeScan_9(Build)      | 10.00   | cop[tikv] | table:t, index:idx_a(a) | range:[1,1], keep order:false, stats:pseudo |
|   ├─IndexRangeScan_10(Build)     | 10.00   | cop[tikv] | table:t, index:idx_b(b) | range:[1,1], keep order:false, stats:pseudo |
|   └─TableRowIDScan_11(Probe)     | 19.99   | cop[tikv] | table:t                 | keep order:false, stats:pseudo              |
+----------------------------------+---------+-----------+-------------------------+---------------------------------------------+
5 rows in set (0.00 sec)
```

### 4. What is your TiDB version? (Required)

<!-- Paste the output of SELECT tidb_version() -->
Lastest master
