ID: 29236
Title: SELECT @variable:= NULL fails to overwrite value after initial non-null assignment in Tidb 5.0.0
Description:
## Bug Report

Please answer these questions before submitting your issue. Thanks!

### 1. Minimal reproduce step (Required)

```
SELECT @var:='verb';
SELECT @var;
SELECT @var:=NULL;
SELECT @var;
SELECT @var:='you';
SELECT @var;
```

### 2. What did you expect to see? (Required)

```
MariaDB [(none)]> SELECT @var:='verb';
+--------------+
| @var:='verb' |
+--------------+
| verb         |
+--------------+
1 row in set (0.000 sec)

MariaDB [(none)]> SELECT @var;
+------+
| @var |
+------+
| verb |
+------+
1 row in set (0.000 sec)

MariaDB [(none)]> SELECT @var:=NULL;
+------------+
| @var:=NULL |
+------------+
| NULL       |
+------------+
1 row in set (0.000 sec)

MariaDB [(none)]> SELECT @var;
+------+
| @var |
+------+
| NULL |
+------+
1 row in set (0.000 sec)

MariaDB [(none)]> SELECT @var:='you';
+-------------+
| @var:='you' |
+-------------+
| you         |
+-------------+
1 row in set (0.000 sec)

MariaDB [(none)]> SELECT @var;
+------+
| @var |
+------+
| you  |
+------+
1 row in set (0.000 sec)

MariaDB [(none)]> 

```

### 3. What did you see instead (Required)

```
MySQL [mindline_dev]> SELECT @var:='verb';
+--------------+
| @var:='verb' |
+--------------+
| verb         |
+--------------+
1 row in set (0.007 sec)

MySQL [mindline_dev]> SELECT @var;
+------+
| @var |
+------+
| verb |
+------+
1 row in set (0.006 sec)

MySQL [mindline_dev]> SELECT @var:=NULL;
+------------+
| @var:=NULL |
+------------+
| NULL       |
+------------+
1 row in set (0.006 sec)

MySQL [mindline_dev]> SELECT @var;
+------+
| @var |
+------+
| verb |
+------+
1 row in set (0.007 sec)

MySQL [mindline_dev]> SELECT @var:='you';
+-------------+
| @var:='you' |
+-------------+
| you         |
+-------------+
1 row in set (0.007 sec)

MySQL [mindline_dev]> SELECT @var;
+------+
| @var |
+------+
| you  |
+------+
1 row in set (0.009 sec)

MySQL [mindline_dev]> 
```

### 4. What is your TiDB version? (Required)

```
MySQL [mindline_dev]> select tidb_version();
| Release Version: v5.0.0-rc
Edition: Community
Git Commit Hash: fd4437dde445012f5b75e5d4f336433cb076c1ee
Git Branch: heads/refs/tags/v5.0.0-rc
UTC Build Time: 2021-01-11 23:55:22
GoVersion: go1.15.5
Race Enabled: false
TiKV Min Version: v3.0.0-60965b006877ca7234adaced7890d7b029ed1306
Check Table Before Drop: false |
```
