ID: 29296
Title: prepared-plan-cache: wrong results using the unique index column
Description:
## Bug Report

Please answer these questions before submitting your issue. Thanks!

### 1. Minimal reproduce step (Required)

<!-- a step by step guide for reproducing the bug. -->
prepared-plan-cache.enabled = true
```
use test;
drop table if exists UK_MU14722;
CREATE TABLE `UK_MU14722` (
  `COL1` tinytext DEFAULT NULL,
  `COL2` tinyint(16) DEFAULT NULL,
  `COL3` datetime DEFAULT NULL,
  `COL4` int(11) DEFAULT NULL,
  UNIQUE KEY `U_M_COL` (`COL1`(10)),
  UNIQUE KEY `U_M_COL2` (`COL2`),
  UNIQUE KEY `U_M_COL3` (`COL3`)
) ENGINE=InnoDB DEFAULT CHARSET=utf8mb4 COLLATE=utf8mb4_bin;
insert into UK_MU14722 values("輮睅麤敜溺她晁瀪襄頮鹛涓誗钷廔筪惌嶙鎢塴", -121, "3383-02-19 07:58:28" , -639457963),
("偧孇鱓鼂瘠钻篝醗時鷷聽箌磇砀玸眞扦鸇祈灇", 127, "7902-03-05 08:54:04", -1094128660),
("浀玡慃淛漉围甧鴎史嬙砊齄w章炢忲噑硓哈樘", -127, "5813-04-16 03:07:20", -333397107),
("鑝粼啎鸼贖桖弦簼赭蠅鏪鐥蕿捐榥疗耹岜鬓槊", -117, "7753-11-24 10:14:24", 654872077);

prepare stmt from 'SELECT * FROM UK_MU14722 WHERE col2 > ? OR col2 BETWEEN ? AND ? ORDER BY COL2 + ? LIMIT 3';
set @a=30410, @b=3937, @c=22045, @d=-4374;
execute stmt using @a,@b,@c,@d;
set @a=127, @b=127, @c=127, @d=127;
execute stmt using @a,@b,@c,@d;

prepare stmt from 'SELECT * FROM UK_MU14722 WHERE col2 > ? OR col2 BETWEEN ? AND ? ORDER BY COL2 + ? LIMIT 3';
set @a=127, @b=127, @c=127, @d=127;
execute stmt using @a,@b,@c,@d;
```
### 2. What did you expect to see? (Required)
```
mysql> execute stmt using @a,@b,@c,@d;
+--------------------------------------------------------------+------+---------------------+-------------+
| COL1                                                         | COL2 | COL3                | COL4        |
+--------------------------------------------------------------+------+---------------------+-------------+
| 偧孇鱓鼂瘠钻篝醗時鷷聽箌磇砀玸眞扦鸇祈灇                     |  127 | 7902-03-05 08:54:04 | -1094128660 |
+--------------------------------------------------------------+------+---------------------+-------------+
1 row in set (0.00 sec)

mysql>
mysql>
mysql> prepare stmt from 'SELECT * FROM UK_MU14722 WHERE col2 > ? OR col2 BETWEEN ? AND ? ORDER BY COL2 + ? LIMIT 3';
Query OK, 0 rows affected (0.00 sec)

mysql> set @a=127, @b=127, @c=127, @d=127;
Query OK, 0 rows affected (0.00 sec)

mysql> execute stmt using @a,@b,@c,@d;
+--------------------------------------------------------------+------+---------------------+-------------+
| COL1                                                         | COL2 | COL3                | COL4        |
+--------------------------------------------------------------+------+---------------------+-------------+
| 偧孇鱓鼂瘠钻篝醗時鷷聽箌磇砀玸眞扦鸇祈灇                     |  127 | 7902-03-05 08:54:04 | -1094128660 |
+--------------------------------------------------------------+------+---------------------+-------------+
1 row in set (0.00 sec)
```
### 3. What did you see instead (Required)
```
mysql> execute stmt using @a,@b,@c,@d;
+--------------------------------------------------------------+------+---------------------+------------+
| COL1                                                         | COL2 | COL3                | COL4       |
+--------------------------------------------------------------+------+---------------------+------------+
| 浀玡慃淛漉围甧鴎史嬙砊齄w章炢忲噑硓哈樘                      | -127 | 5813-04-16 03:07:20 | -333397107 |
| 輮睅麤敜溺她晁瀪襄頮鹛涓誗钷廔筪惌嶙鎢塴                     | -121 | 3383-02-19 07:58:28 | -639457963 |
| 鑝粼啎鸼贖桖弦簼赭蠅鏪鐥蕿捐榥疗耹岜鬓槊                     | -117 | 7753-11-24 10:14:24 |  654872077 |
+--------------------------------------------------------------+------+---------------------+------------+
3 rows in set (0.00 sec)

mysql>
mysql>
mysql> prepare stmt from 'SELECT * FROM UK_MU14722 WHERE col2 > ? OR col2 BETWEEN ? AND ? ORDER BY COL2 + ? LIMIT 3';
Query OK, 0 rows affected (0.00 sec)

mysql> set @a=127, @b=127, @c=127, @d=127;
Query OK, 0 rows affected (0.00 sec)

mysql> execute stmt using @a,@b,@c,@d;
+--------------------------------------------------------------+------+---------------------+-------------+
| COL1                                                         | COL2 | COL3                | COL4        |
+--------------------------------------------------------------+------+---------------------+-------------+
| 偧孇鱓鼂瘠钻篝醗時鷷聽箌磇砀玸眞扦鸇祈灇                     |  127 | 7902-03-05 08:54:04 | -1094128660 |
+--------------------------------------------------------------+------+---------------------+-------------+
1 row in set (0.00 sec)
```
### 4. What is your TiDB version? (Required)

<!-- Paste the output of SELECT tidb_version() -->
```
Release Version: v5.3.0-alpha-1286-g4879be763
Edition: Community
Git Commit Hash: 4879be763b6a462fb919b7570ce8e916c1275fe4
Git Branch: master
UTC Build Time: 2021-11-01 06:42:07
GoVersion: go1.16.5
Race Enabled: false
TiKV Min Version: v3.0.0-60965b006877ca7234adaced7890d7b029ed1306
Check Table Before Drop: false
```
