ID: 29326
Title: CREATE View resulting "duplicate column name" error
Description:
## Bug Report

Please answer these questions before submitting your issue. Thanks!

### 1. Minimal reproduce step (Required)
```sql
drop view if exists v1;
select 1, 1; # works
create view v1 as select 1, 1; # fails
select * from v1;
```
### 2. What did you expect to see? (Required)
```sql
mysql> drop view if exists v1;
Query OK, 0 rows affected (0.01 sec)

mysql> select 1, 1; # works
+---+---+
| 1 | 1 |
+---+---+
| 1 | 1 |
+---+---+
1 row in set (0.00 sec)

mysql> create view v1 as select 1, 1;
Query OK, 0 rows affected (0.04 sec)

mysql> select * from v1;
+---+------------+
| 1 | Name_exp_1 |
+---+------------+
| 1 |          1 |
+---+------------+
1 row in set (0.00 sec)
```
### 3. What did you see instead (Required)
```sql
mysql> drop view if exists v1;
Query OK, 0 rows affected, 1 warning (0.00 sec)

mysql> select 1, 1; # works
+---+---+
| 1 | 1 |
+---+---+
| 1 | 1 |
+---+---+
1 row in set (0.00 sec)

mysql> create view v1 as select 1, 1;
ERROR 1060 (42S21): Duplicate column name '1'
```
### 4. What is your TiDB version? (Required)

```sql
+-------------------------+--------------------------------------------------------------------------+
| Variable_name           | Value                                                                    |
+-------------------------+--------------------------------------------------------------------------+
| innodb_version          | 5.6.25                                                                   |
| protocol_version        | 10                                                                       |
| tidb_analyze_version    | 2                                                                        |
| tidb_row_format_version | 2                                                                        |
| tls_version             | TLSv1,TLSv1.1,TLSv1.2                                                    |
| version                 | 5.7.25-TiDB-v5.2.1                                                       |
| version_comment         | TiDB Server (Apache License 2.0) Community Edition, MySQL 5.7 compatible |
| version_compile_machine | x86_64                                                                   |
| version_compile_os      | osx10.8                                                                  |
+-------------------------+--------------------------------------------------------------------------+
```
