ID: 29333
Title: some field type incompatible with mysql
Description:
## Bug Report

Please answer these questions before submitting your issue. Thanks!

### 1. Minimal reproduce step (Required)
```sql
CREATE TABLE `test` (
  `bit8null` bit(8) DEFAULT NULL,
  `boolnull` tinyint(1) DEFAULT NULL,
  `bool` tinyint(1) NOT NULL,
  `intnull` int(11) DEFAULT NULL,
  `smallint` smallint(6) NOT NULL,
  `smallintnull` smallint(6) DEFAULT NULL,
  `int3null` int(3) DEFAULT NULL,
  `int7` int(7) NOT NULL,
  `mediumintnull` mediumint(9) DEFAULT NULL,
  `bigint` bigint(20) NOT NULL,
  `bigintnull` bigint(20) DEFAULT NULL,
  `tinyuint` tinyint(3) unsigned NOT NULL,
  `smalluint` smallint(5) unsigned NOT NULL,
  `biguint` bigint(20) unsigned NOT NULL,
  `uint13` int(13) unsigned NOT NULL,
  `float` float NOT NULL,
  `floatnull` float DEFAULT NULL,
  `float74null` float(7,4) DEFAULT NULL,
  `double` double NOT NULL,
  `doublenull` double DEFAULT NULL,
  `decimal1` decimal(10,6) NOT NULL,
  `decimal1null` decimal(10,6) DEFAULT NULL,
  `decimal2` decimal(8,4) NOT NULL,
  `decimal2null` decimal(8,4) DEFAULT NULL,
  `decimal3` decimal(5,0) NOT NULL,
  `decimal3null` decimal(5,0) DEFAULT NULL,
  `char25null` char(25) DEFAULT NULL,
  `varchar42` varchar(42) NOT NULL,
  `binary4null` binary(4) DEFAULT NULL,
  `varbinary42` varbinary(42) NOT NULL,
  `tinyblobnull` tinyblob DEFAULT NULL,
  `tinytextnull` tinytext DEFAULT NULL,
  `blobnull` blob DEFAULT NULL,
  `textnull` text DEFAULT NULL,
  `mediumblob` mediumblob NOT NULL,
  `mediumtext` mediumtext NOT NULL,
  `longblob` longblob NOT NULL,
  `longtext` longtext NOT NULL,
  `datetime` datetime DEFAULT NULL,
  `datetime2` datetime(2) DEFAULT NULL,
  `datetime6` datetime(6) DEFAULT NULL,
  `date` date DEFAULT NULL,
  `year` year(4) NOT NULL
) ENGINE=InnoDB DEFAULT CHARSET=utf8mb4 COLLATE=utf8mb4_bin;
/*!40101 SET NAMES binary*/;
INSERT INTO `test` VALUES
(x'00',NULL,1,0,0,0,0,0,0,0,NULL,0,0,0,0,0,0,0,0,0,0.000000,0.000000,0.0000,0.0000,0,0,'0','0',x'30000000',x'30',x'30','0',x'30','0',x'30','0',x'30','0','2006-01-02 15:04:05','2006-01-02 15:04:05.00','2006-01-02 15:04:05.000000','2006-01-02','2006'),
(NULL,1,0,NULL,-32768,NULL,NULL,-1337,42,65535,1,255,65535,65535,1337,42,NULL,NULL,42,NULL,13.370000,NULL,13.3700,NULL,13,NULL,NULL,'Test',NULL,x'54657374',NULL,NULL,NULL,NULL,x'54657374','Test',x'54657374','Test','2006-01-02 15:04:05','2006-01-02 15:04:05.10','2006-01-02 15:04:05.100000',NULL,'2000'),
(x'42',0,0,42,32767,42,42,42,NULL,-42,42,42,42,42,42,13.37,13.37,13.37,13.37,13.37,1234.123456,1234.123456,1234.1235,1234.1235,-12345,-12345,'Test','42',x'54657374',x'3432',x'54657374','Test',x'54657374','Test',x'3432','42',x'3432','42','2006-01-02 15:04:05','2006-01-02 15:04:05.11','2006-01-02 15:04:05.111111','2006-03-04','1994');

select `tinyblobnull`,`tinytextnull`,`mediumblob`,`mediumtext`,`longblob`,`longtext` from test;
```
<!-- a step by step guide for reproducing the bug. -->

### 2. What did you expect to see? (Required)
```sql

mysql> select `tinyblobnull`,`tinytextnull`,`mediumblob`,`mediumtext`,`longblob`,`longtext` from test;
Field   1:  `tinyblobnull`
Catalog:    `def`
Database:   `gotest`
Table:      `test`
Org_table:  `test`
Type:       TINY_BLOB
Collation:  binary (63)
Length:     255
Max_length: 4
Decimals:   0
Flags:      BINARY

Field   2:  `tinytextnull`
Catalog:    `def`
Database:   `gotest`
Table:      `test`
Org_table:  `test`
Type:       TINY_BLOB
Collation:  utf8mb4_bin (46)
Length:     1020
Max_length: 4
Decimals:   0
Flags:

Field   3:  `mediumblob`
Catalog:    `def`
Database:   `gotest`
Table:      `test`
Org_table:  `test`
Type:       MEDIUM_BLOB
Collation:  binary (63)
Length:     16777215
Max_length: 4
Decimals:   0
Flags:      NOT_NULL BINARY NO_DEFAULT_VALUE

Field   4:  `mediumtext`
Catalog:    `def`
Database:   `gotest`
Table:      `test`
Org_table:  `test`
Type:       MEDIUM_BLOB
Collation:  utf8mb4_bin (46)
Length:     67108860
Max_length: 4
Decimals:   0
Flags:      NOT_NULL NO_DEFAULT_VALUE

Field   5:  `longblob`
Catalog:    `def`
Database:   `gotest`
Table:      `test`
Org_table:  `test`
Type:       LONG_BLOB
Collation:  binary (63)
Length:     4294967295
Max_length: 4
Decimals:   0
Flags:      NOT_NULL BINARY NO_DEFAULT_VALUE

Field   6:  `longtext`
Catalog:    `def`
Database:   `gotest`
Table:      `test`
Org_table:  `test`
Type:       LONG_BLOB
Collation:  utf8mb4_bin (46)
Length:     4294967292
Max_length: 4
Decimals:   0
Flags:      NOT_NULL NO_DEFAULT_VALUE


+--------------+--------------+------------+------------+----------+----------+
| tinyblobnull | tinytextnull | mediumblob | mediumtext | longblob | longtext |
+--------------+--------------+------------+------------+----------+----------+
| 0            | 0            | 0          | 0          | 0        | 0        |
| NULL         | NULL         | Test       | Test       | Test     | Test     |
| Test         | Test         | 42         | 42         | 42       | 42       |
+--------------+--------------+------------+------------+----------+----------+
3 rows in set (0.05 sec)


```
### 3. What did you see instead (Required)
```sql
mysql> select `tinyblobnull`,`tinytextnull`,`mediumblob`,`mediumtext`,`longblob`,`longtext` from test;
Field   1:  `tinyblobnull`
Catalog:    `def`
Database:   `hchwang`
Table:      `test`
Org_table:  `test`
Type:       BLOB
Collation:  binary (63)
Length:     255
Max_length: 4
Decimals:   0
Flags:      BLOB BINARY

Field   2:  `tinytextnull`
Catalog:    `def`
Database:   `hchwang`
Table:      `test`
Org_table:  `test`
Type:       BLOB
Collation:  utf8mb4_general_ci (45)
Length:     1020
Max_length: 4
Decimals:   0
Flags:      BLOB BINARY

Field   3:  `mediumblob`
Catalog:    `def`
Database:   `hchwang`
Table:      `test`
Org_table:  `test`
Type:       BLOB
Collation:  binary (63)
Length:     16777215
Max_length: 4
Decimals:   0
Flags:      NOT_NULL BLOB BINARY NO_DEFAULT_VALUE

Field   4:  `mediumtext`
Catalog:    `def`
Database:   `hchwang`
Table:      `test`
Org_table:  `test`
Type:       BLOB
Collation:  utf8mb4_general_ci (45)
Length:     67108860
Max_length: 4
Decimals:   0
Flags:      NOT_NULL BLOB BINARY NO_DEFAULT_VALUE

Field   5:  `longblob`
Catalog:    `def`
Database:   `hchwang`
Table:      `test`
Org_table:  `test`
Type:       BLOB
Collation:  binary (63)
Length:     4294967295
Max_length: 4
Decimals:   0
Flags:      NOT_NULL BLOB BINARY NO_DEFAULT_VALUE

Field   6:  `longtext`
Catalog:    `def`
Database:   `hchwang`
Table:      `test`
Org_table:  `test`
Type:       BLOB
Collation:  utf8mb4_general_ci (45)
Length:     4294967295
Max_length: 4
Decimals:   0
Flags:      NOT_NULL BLOB BINARY NO_DEFAULT_VALUE


+--------------+--------------+------------+------------+----------+----------+
| tinyblobnull | tinytextnull | mediumblob | mediumtext | longblob | longtext |
+--------------+--------------+------------+------------+----------+----------+
| 0            | 0            | 0          | 0          | 0        | 0        |
| NULL         | NULL         | Test       | Test       | Test     | Test     |
| Test         | Test         | 42         | 42         | 42       | 42       |
+--------------+--------------+------------+------------+----------+----------+
3 rows in set (0.05 sec)

```

### 4. What is your TiDB version? (Required)

<!-- Paste the output of SELECT tidb_version() -->
```sql
 Release Version: v5.3.0-alpha-1248-g20023fe9e
Edition: Community
Git Commit Hash: 20023fe9eaaef9a98990ce59d6409c28767d9788
Git Branch: master
UTC Build Time: 2021-10-28 11:18:05
GoVersion: go1.16.4
Race Enabled: false
TiKV Min Version: v3.0.0-60965b006877ca7234adaced7890d7b029ed1306
Check Table Before Drop: false |
```
