ID: 29367
Title: TiDB does not parse datetime consistently with mysql
Description:
## Bug Report

Please answer these questions before submitting your issue. Thanks!

### 1. Minimal reproduce step (Required)

<!-- a step by step guide for reproducing the bug. -->
```sql
DROP TABLE IF EXISTS t1;
CREATE TABLE t1 (
 col_datetime datetime DEFAULT NULL
);
INSERT INTO t1 VALUES ('2000-01-01\n14:56:50');
INSERT INTO t1 VALUES ('2000-01-01 14:56:50');
INSERT INTO t1 VALUES ('2000-01-01    14:56:50');
INSERT INTO t1 VALUES ('2000-01-01\t14:56:50');
INSERT INTO t1 VALUES ('2000-01-01 \t 14:56:50');
SELECT * FROM t1;
```

### 2. What did you expect to see? (Required)
```sql

mysql> CREATE TABLE t1 (
    ->  col_datetime datetime DEFAULT NULL
    -> );
Query OK, 0 rows affected (0.03 sec)

mysql> INSERT INTO t1 VALUES ('2000-01-01\n14:56:50');
Query OK, 1 row affected (0.01 sec)

mysql> INSERT INTO t1 VALUES ('2000-01-01 14:56:50');
Query OK, 1 row affected (0.00 sec)

mysql> INSERT INTO t1 VALUES ('2000-01-01    14:56:50');
Query OK, 1 row affected (0.00 sec)

mysql> INSERT INTO t1 VALUES ('2000-01-01\t14:56:50');
Query OK, 1 row affected (0.00 sec)

mysql> INSERT INTO t1 VALUES ('2000-01-01 \t 14:56:50');
Query OK, 1 row affected (0.00 sec)

mysql> SELECT * FROM t1;
+---------------------+
| col_datetime        |
+---------------------+
| 2000-01-01 14:56:50 |
| 2000-01-01 14:56:50 |
| 2000-01-01 14:56:50 |
| 2000-01-01 14:56:50 |
| 2000-01-01 14:56:50 |
+---------------------+
5 rows in set (0.00 sec)

```

### 3. What did you see instead (Required)
```sql
mysql> CREATE TABLE t1 (
    ->  col_datetime datetime DEFAULT NULL
    -> );
Query OK, 0 rows affected (0.14 sec)

mysql> INSERT INTO t1 VALUES ('2000-01-01\n14:56:50');
Query OK, 1 row affected, 1 warning (0.01 sec)

mysql> INSERT INTO t1 VALUES ('2000-01-01 14:56:50');
Query OK, 1 row affected (0.01 sec)

mysql> INSERT INTO t1 VALUES ('2000-01-01    14:56:50');
Query OK, 1 row affected (0.00 sec)

mysql> INSERT INTO t1 VALUES ('2000-01-01\t14:56:50');
Query OK, 1 row affected, 1 warning (0.00 sec)

mysql> INSERT INTO t1 VALUES ('2000-01-01 \t 14:56:50');
Query OK, 1 row affected, 1 warning (0.00 sec)

mysql> SELECT * FROM t1;
+---------------------+
| col_datetime        |
+---------------------+
| 0000-00-00 00:00:00 |
| 2000-01-01 14:56:50 |
| 2000-01-01 14:56:50 |
| 0000-00-00 00:00:00 |
| 0000-00-00 00:00:00 |
+---------------------+
5 rows in set (0.00 sec)

```
### 4. What is your TiDB version? (Required)
```sql
| Release Version: v5.2.2
Edition: Community
Git Commit Hash: da1c21fd45a4ea5900ac16d2f4a248143f378d18
Git Branch: heads/refs/tags/v5.2.2
UTC Build Time: 2021-10-20 06:03:45
GoVersion: go1.16.5
Race Enabled: false
TiKV Min Version: v3.0.0-60965b006877ca7234adaced7890d7b029ed1306
Check Table Before Drop: false |
```
<!-- Paste the output of SELECT tidb_version() -->

