ID: 29369
Title: AUTO_INCREMENT issue on INSERT INTO t1 VALUES (0x7FFFFFFFFFFFFFFD, 2) on M1 mac
Description:
## Bug Report

   INSERT INTO t1 VALUES (0x7FFFFFFFFFFFFFFD, 2) gives an error below on my M1 mac:

- Error 1467: Failed to read auto-increment value from storage engine 

   It looks to need verification on other platforms.  

### 1. Minimal reproduce step
```sql
DROP TABLE IF EXISTS t1;
SET sql_mode = '';
CREATE TABLE t1 (c1 DOUBLE NOT NULL AUTO_INCREMENT, c2 INT, PRIMARY KEY (c1))
   ENGINE=InnoDB;
INSERT INTO t1 VALUES (0x7FFFFFFFFFFFFFFD, 2);
SELECT * FROM t1;
INSERT INTO t1 (c2) VALUES (3);
```

### 2. What did you expect to see? 
In MySQL

```sql
mysql> SET sql_mode = '';
Query OK, 0 rows affected (0.00 sec)

mysql> CREATE TABLE t1 (c1 DOUBLE NOT NULL AUTO_INCREMENT, c2 INT, PRIMARY KEY (c1))
    ->    ENGINE=InnoDB;
Query OK, 0 rows affected, 1 warning (0.11 sec)

mysql> INSERT INTO t1 VALUES (0x7FFFFFFFFFFFFFFD, 2);
Query OK, 1 row affected, 3 warnings (0.02 sec)

mysql> SELECT * FROM t1;
+----------------------+------+
| c1                   | c2   |
+----------------------+------+
| 9.223372036854776e18 |    2 |
+----------------------+------+
1 row in set (0.00 sec)

mysql> INSERT INTO t1 (c2) VALUES (3);
Query OK, 1 row affected (0.01 sec)

mysql> SELECT * FROM t1;
+----------------------+------+
| c1                   | c2   |
+----------------------+------+
|                    1 |    3 |
| 9.223372036854776e18 |    2 |
+----------------------+------+
2 rows in set (0.00 sec)
```

### 3. What did you see instead (Required)
In TiDB

```sql
mysql> SET sql_mode = '';
Query OK, 0 rows affected (0.00 sec)

mysql> CREATE TABLE t1 (c1 DOUBLE NOT NULL AUTO_INCREMENT, c2 INT, PRIMARY KEY (c1))
  ->  ENGINE=InnoDB;
Query OK, 0 rows affected (0.10 sec)

mysql> INSERT INTO t1 VALUES (0x7FFFFFFFFFFFFFFD, 2);
ERROR 1467 (HY000): Failed to read auto-increment value from storage engine

mysql> SELECT * FROM t1;
Empty set (0.00 sec)

mysql> INSERT INTO t1 VALUES (0x7FFFFFFFFFFFFFFD, 2), (NULL, 3);
ERROR 1467 (HY000): Failed to read auto-increment value from storage engine

mysql> SELECT * FROM t1;
Empty set (0.00 sec)
```


### 4. What is your TiDB version? 
```sql
+-------------------------+--------------------------------------------------------------------------+
| Variable_name           | Value                                                                    |
+-------------------------+--------------------------------------------------------------------------+
| innodb_version          | 5.6.25                                                                   |
| protocol_version        | 10                                                                       |
| tidb_analyze_version    | 2                                                                        |
| tidb_row_format_version | 2                                                                        |
| tls_version             | TLSv1,TLSv1.1,TLSv1.2                                                    |
| version                 | 5.7.25-TiDB-v5.2.2                                                       |
| version_comment         | TiDB Server (Apache License 2.0) Community Edition, MySQL 5.7 compatible |
| version_compile_machine | x86_64                                                                   |
| version_compile_os      | osx10.8                                                                  |
+-------------------------+--------------------------------------------------------------------------+
```
