ID: 29417
Title: CONCAT negative decimal value is chopping last digit in TiDB
Description:
## Bug Report
### 1. Minimal reproduce step (Required)
```sql
drop table if exists t1;
create table t1 (f1 decimal(5,5));
insert into t1 values (-0.12345);
select concat(f1),f1 from t1;
```
### 2. What did you expect to see? (Required)
```sql
mysql> drop table if exists t1;
Query OK, 0 rows affected, 1 warning (0.01 sec)

mysql> create table t1 (f1 decimal(5,5));
Query OK, 0 rows affected (0.01 sec)

mysql> insert into t1 values (-0.12345);
Query OK, 1 row affected (0.00 sec)

mysql> select concat(f1),f1 from t1;
+------------+----------+
| concat(f1) | f1       |
+------------+----------+
| -0.12345   | -0.12345 |
+------------+----------+
1 row in set (0.00 sec)
```
### 3. What did you see instead (Required)
```sql
mysql> drop table if exists t1;
Query OK, 0 rows affected (0.22 sec)

mysql> create table t1 (f1 decimal(5,5));
Query OK, 0 rows affected (0.09 sec)

mysql> insert into t1 values (-0.12345);
Query OK, 1 row affected (0.02 sec)

mysql> select concat(f1),f1 from t1;
+------------+----------+
| concat(f1) | f1       |
+------------+----------+
| -0.1234    | -0.12345 |
+------------+----------+
1 row in set, 1 warning (0.01 sec)
```
### 4. What is your TiDB version? (Required)
```sql
+-------------------------+--------------------------------------------------------------------------+
| Variable_name           | Value                                                                    |
+-------------------------+--------------------------------------------------------------------------+
| innodb_version          | 5.6.25                                                                   |
| protocol_version        | 10                                                                       |
| tidb_analyze_version    | 2                                                                        |
| tidb_row_format_version | 2                                                                        |
| tls_version             | TLSv1,TLSv1.1,TLSv1.2                                                    |
| version                 | 5.7.25-TiDB-v5.2.1                                                       |
| version_comment         | TiDB Server (Apache License 2.0) Community Edition, MySQL 5.7 compatible |
| version_compile_machine | x86_64                                                                   |
| version_compile_os      | osx10.8                                                                  |
+-------------------------+--------------------------------------------------------------------------+
9 rows in set (0.00 sec)
```
<!-- Paste the output of SELECT tidb_version() -->

