ID: 29427
Title: time_zone=SYSTEM has an influence on timestamp.
Description:
## Bug Report

Please answer these questions before submitting your issue. Thanks!

### 1. Minimal reproduce step (Required)
prepare data:
```
create database sql_mode;
create table time_zone(id int primary key, a timestamp);
set @@session.time_zone = "+8:00";
insert into time_zone(id, a) values (1, '1990-04-15 01:30:12');
set @@session.time_zone = "-7:00";
insert into time_zone(id, a) values (2, '1990-04-15 01:30:12');
```

test:
```
mysql> set @@session.time_zone= "SYSTEM";
Query OK, 0 rows affected (0.00 sec)

mysql> SELECT cast(TIMEDIFF(NOW(6), UTC_TIMESTAMP(6)) as time);
+--------------------------------------------------+
| cast(TIMEDIFF(NOW(6), UTC_TIMESTAMP(6)) as time) |
+--------------------------------------------------+
| 08:00:00                                         |
+--------------------------------------------------+
1 row in set (0.01 sec)

mysql> show variables like "%time_zone%";
+------------------+---------------+
| Variable_name    | Value         |
+------------------+---------------+
| system_time_zone | Asia/Shanghai |
| time_zone        | SYSTEM        |
+------------------+---------------+
2 rows in set (0.01 sec)

mysql> select * from sql_mode.time_zone;
+----+---------------------+
| id | a                   |
+----+---------------------+
|  1 | 1990-04-15 01:30:12 |
|  2 | 1990-04-15 17:30:12 |
+----+---------------------+
2 rows in set (0.01 sec)

mysql> select * from sql_mode.time_zone where id = 1 or id = 2;
+----+---------------------+
| id | a                   |
+----+---------------------+
|  1 | 1990-04-15 02:30:12 |
|  2 | 1990-04-15 17:30:12 |
+----+---------------------+
2 rows in set (0.00 sec)

mysql> set @@session.time_zone= "+8:00";
Query OK, 0 rows affected (0.00 sec)

mysql> SELECT cast(TIMEDIFF(NOW(6), UTC_TIMESTAMP(6)) as time);
+--------------------------------------------------+
| cast(TIMEDIFF(NOW(6), UTC_TIMESTAMP(6)) as time) |
+--------------------------------------------------+
| 08:00:00                                         |
+--------------------------------------------------+
1 row in set (0.00 sec)

mysql> show variables like "%time_zone%";
+------------------+---------------+
| Variable_name    | Value         |
+------------------+---------------+
| system_time_zone | Asia/Shanghai |
| time_zone        | +8:00         |
+------------------+---------------+
2 rows in set (0.01 sec)

mysql> select * from sql_mode.time_zone;
+----+---------------------+
| id | a                   |
+----+---------------------+
|  1 | 1990-04-15 01:30:12 |
|  2 | 1990-04-15 16:30:12 |
+----+---------------------+
2 rows in set (0.00 sec)

mysql> select * from sql_mode.time_zone where id = 1 or id = 2;
+----+---------------------+
| id | a                   |
+----+---------------------+
|  1 | 1990-04-15 01:30:12 |
|  2 | 1990-04-15 16:30:12 |
+----+---------------------+
2 rows in set (0.00 sec)
```

<!-- a step by step guide for reproducing the bug. -->

### 2. What did you expect to see? (Required)

the results of timestamp should be the same.

### 3. What did you see instead (Required)

1. `SELECT` with `WHERE` or not should have the same result when `time_zone =  SYSTEM`.
2. These 2 time_zone has the same timeoffset, but the results of timestamp are different.

### 4. What is your TiDB version? (Required)
v5.1.1, v5.2.0
<!-- Paste the output of SELECT tidb_version() -->

