ID: 29525
Title: Alter table incorrectly modified enum internal value.
Description:
## Bug Report

Please answer these questions before submitting your issue. Thanks!

### 1. Minimal reproduce step (Required)

<!-- a step by step guide for reproducing the bug. -->
```sql
DROP TABLE IF EXISTS t1;
CREATE TABLE t1 (id INT AUTO_INCREMENT PRIMARY KEY,c1 ENUM('a', '', 'b'));
SET sql_mode='';
INSERT INTO t1 (c1) VALUES (0);
SELECT id, c1 + 0, c1 FROM t1; 
ALTER TABLE t1 CHANGE c1 c1 ENUM('a', '') NOT NULL;
SELECT id, c1 + 0, c1 FROM t1; 
INSERT INTO t1 (c1) VALUES (0); -- will not match the on disk value as first insert
SELECT id, c1 + 0, c1 FROM t1; 
```
### 2. What did you expect to see? (Required)
```sql
mysql> DROP TABLE IF EXISTS t1;
Query OK, 0 rows affected (0.02 sec)

mysql> CREATE TABLE t1 (id INT AUTO_INCREMENT PRIMARY KEY,c1 ENUM('a', '', 'b'));
Query OK, 0 rows affected (0.02 sec)

mysql> SET sql_mode='';
Query OK, 0 rows affected (0.00 sec)

mysql> INSERT INTO t1 (c1) VALUES (0);
Query OK, 1 row affected, 1 warning (0.00 sec)

mysql> SELECT id, c1 + 0, c1 FROM t1; 
+----+--------+------+
| id | c1 + 0 | c1   |
+----+--------+------+
|  1 |      0 |      |
+----+--------+------+
1 row in set (0.00 sec)

mysql> ALTER TABLE t1 CHANGE c1 c1 ENUM('a', '') NOT NULL;
Query OK, 1 row affected (0.05 sec)
Records: 1  Duplicates: 0  Warnings: 0

mysql> SELECT id, c1 + 0, c1 FROM t1; 
+----+--------+----+
| id | c1 + 0 | c1 |
+----+--------+----+
|  1 |      0 |    |
+----+--------+----+
1 row in set (0.00 sec)

mysql> INSERT INTO t1 (c1) VALUES (0); -- will not match the on disk value as first insert
Query OK, 1 row affected, 1 warning (0.00 sec)

mysql> SELECT id, c1 + 0, c1 FROM t1; 
+----+--------+----+
| id | c1 + 0 | c1 |
+----+--------+----+
|  1 |      0 |    |
|  2 |      0 |    |
+----+--------+----+
2 rows in set (0.00 sec)

```
### 3. What did you see instead (Required)
```sql
mysql>  DROP TABLE IF EXISTS t1;
Query OK, 0 rows affected (0.30 sec)

mysql> CREATE TABLE t1 (id INT AUTO_INCREMENT PRIMARY KEY, c1 ENUM('a', '', 'b') );
Query OK, 0 rows affected (0.07 sec)

mysql> SET sql_mode='';
Query OK, 0 rows affected (0.00 sec)

mysql> INSERT INTO t1 (c1) VALUES (0);
Query OK, 1 row affected, 1 warning (0.01 sec)

mysql> SELECT id, c1 + 0, c1 FROM t1; 
+----+--------+------+
| id | c1 + 0 | c1   |
+----+--------+------+
|  1 |      0 |      |
+----+--------+------+
1 row in set (0.00 sec)

mysql> ALTER TABLE t1 CHANGE c1 c1 ENUM('a', '') NOT NULL;
Query OK, 0 rows affected (2.85 sec)

mysql> SELECT id, c1 + 0, c1 FROM t1; 
+----+--------+----+
| id | c1 + 0 | c1 |
+----+--------+----+
|  1 |      2 |    |
+----+--------+----+
1 row in set (0.00 sec)

mysql> INSERT INTO t1 (c1) VALUES (0); -- will not match the on disk value as first insert
Query OK, 1 row affected, 1 warning (0.01 sec)

mysql> SELECT id, c1 + 0, c1 FROM t1; 
+----+--------+----+
| id | c1 + 0 | c1 |
+----+--------+----+
|  1 |      2 |    |
|  2 |      0 |    |
+----+--------+----+
2 rows in set (0.00 sec)

```
### 4. What is your TiDB version? (Required)

<!-- Paste the output of SELECT tidb_version() -->
```sql
| Release Version: v5.2.2
Edition: Community
Git Commit Hash: da1c21fd45a4ea5900ac16d2f4a248143f378d18
Git Branch: heads/refs/tags/v5.2.2
UTC Build Time: 2021-10-20 06:03:45
GoVersion: go1.16.5
Race Enabled: false
TiKV Min Version: v3.0.0-60965b006877ca7234adaced7890d7b029ed1306
Check Table Before Drop: false |
```
