ID: 29608
Title: ERROR 1105 (HY000): runtime error: index out of range [10] with length 10
Description:
## Bug Report

Please answer these questions before submitting your issue. Thanks!

### 1. Minimal reproduce step (Required)

<!-- a step by step guide for reproducing the bug. -->
new_collations_enabled_on_first_bootstrap = true
```
use test;
drop table if exists PK_MULTI_COL_3623;
CREATE TABLE `PK_MULTI_COL_3623` (
  `COL1` varbinary(10) NOT NULL,
  `COL2` char(10) COLLATE utf8_general_ci NOT NULL,
  `COL3` tinyint(4) NOT NULL,
  PRIMARY KEY (`COL1`(5),`COL2`,`COL3`) /*T![clustered_index] NONCLUSTERED */,
  UNIQUE KEY `UIDXM` (`COL1`(5),`COL2`),
  UNIQUE KEY `UIDX` (`COL2`),
  KEY `IDX3` (`COL3`),
  KEY `IDXM` (`COL3`,`COL2`)
) ENGINE=InnoDB DEFAULT CHARSET=utf8 COLLATE=utf8_general_ci;

explain select * from PK_MULTI_COL_3623 where col2 != 0x9ABA8F2DA0D0CDF03A;
explain select * from PK_MULTI_COL_3623 where col2 != 0x9ABA8F2DA0D0CDF03A87;
```
### 2. What did you expect to see? (Required)
```
mysql> explain select * from PK_MULTI_COL_3623 where col2 != 0x9ABA8F2DA0D0CDF03A;
+-------------------------+----------+-----------+-------------------------+---------------------------------------------------------+
| id                      | estRows  | task      | access object           | operator info                                           |
+-------------------------+----------+-----------+-------------------------+---------------------------------------------------------+
| TableReader_7           | 6656.67  | root      |                         | data:Selection_6                                        |
| └─Selection_6           | 6656.67  | cop[tikv] |                         | ne(test.pk_multi_col_3623.col2, "0x9aba8f2da0d0cdf03a") |
|   └─TableFullScan_5     | 10000.00 | cop[tikv] | table:PK_MULTI_COL_3623 | keep order:false, stats:pseudo                          |
+-------------------------+----------+-----------+-------------------------+---------------------------------------------------------+
3 rows in set, 1 warning (0.00 sec)

mysql> explain select * from PK_MULTI_COL_3623 where col2 != 0x9ABA8F2DA0D0CDF03A87;

+-------------------------+----------+-----------+-------------------------+---------------------------------------------------------+
| id                      | estRows  | task      | access object           | operator info                                           |
+-------------------------+----------+-----------+-------------------------+---------------------------------------------------------+
| TableReader_7           | 6656.67  | root      |                         | data:Selection_6                                        |
| └─Selection_6           | 6656.67  | cop[tikv] |                         | ne(test.pk_multi_col_3623.col2, "0x9aba8f2da0d0cdf03a87") |
|   └─TableFullScan_5     | 10000.00 | cop[tikv] | table:PK_MULTI_COL_3623 | keep order:false, stats:pseudo                          |
+-------------------------+----------+-----------+-------------------------+---------------------------------------------------------+
3 rows in set, 1 warning (0.00 sec)
```

### 3. What did you see instead (Required)
```
mysql> explain select * from PK_MULTI_COL_3623 where col2 != 0x9ABA8F2DA0D0CDF03A;
+-------------------------+----------+-----------+-------------------------+---------------------------------------------------------+
| id                      | estRows  | task      | access object           | operator info                                           |
+-------------------------+----------+-----------+-------------------------+---------------------------------------------------------+
| TableReader_7           | 6656.67  | root      |                         | data:Selection_6                                        |
| └─Selection_6           | 6656.67  | cop[tikv] |                         | ne(test.pk_multi_col_3623.col2, "0x9aba8f2da0d0cdf03a") |
|   └─TableFullScan_5     | 10000.00 | cop[tikv] | table:PK_MULTI_COL_3623 | keep order:false, stats:pseudo                          |
+-------------------------+----------+-----------+-------------------------+---------------------------------------------------------+
3 rows in set, 1 warning (0.00 sec)

mysql> explain select * from PK_MULTI_COL_3623 where col2 != 0x9ABA8F2DA0D0CDF03A87;
ERROR 1105 (HY000): runtime error: index out of range [10] with length 10
```
### 4. What is your TiDB version? (Required)

<!-- Paste the output of SELECT tidb_version() -->
```
Release Version: v5.4.0-alpha-49-g49d995d57
Edition: Community
Git Commit Hash: 49d995d577f64b79168a145cb5be45151ebb557a
Git Branch: master
UTC Build Time: 2021-11-08 10:12:15
GoVersion: go1.16.4
Race Enabled: false
TiKV Min Version: v3.0.0-60965b006877ca7234adaced7890d7b029ed1306
Check Table Before Drop: false
```
