ID: 29630
Title: incorrect behavior when NO_ZERO_DATE sql_mode unset
Description:
## Bug Report

### 1. Minimal reproduce step (Required)
```sql
set sql_mode='';
select @@sql_mode;
SELECT DATE_FORMAT(STR_TO_DATE(substr("FALL94", 5), '%y'), '%Y') AS LONG_YEAR;
--with sql_mode unset the query should result 1994
```
### 2. What did you expect to see? (Required)
```sql
mysql> set sql_mode='';
Query OK, 0 rows affected (0.01 sec)

mysql> select @@sql_mode;
+------------+
| @@sql_mode |
+------------+
|            |
+------------+
1 row in set (0.00 sec)

mysql> SELECT DATE_FORMAT(STR_TO_DATE(substr("FALL94", 5), '%y'), '%Y') AS LONG_YEAR;
+-----------+
| LONG_YEAR |
+-----------+
| 1994      |
+-----------+
1 row in set (0.00 sec
```
### 3. What did you see instead (Required)
```sql
mysql> set sql_mode='';
Query OK, 0 rows affected (0.00 sec)

mysql> select @@sql_mode;
+------------+
| @@sql_mode |
+------------+
|            |
+------------+
1 row in set (0.00 sec)

mysql> SELECT DATE_FORMAT(STR_TO_DATE(substr("FALL94", 5), '%y'), '%Y') AS LONG_YEAR;
+-----------+
| LONG_YEAR |
+-----------+
| NULL      |
+-----------+
1 row in set, 1 warning (0.00 sec)
-- Warning | 1292 | Incorrect datetime value: '1994-00-00'
```
### 4. What is your TiDB version? (Required)
```sql
+-------------------------+--------------------------------------------------------------------------+
| Variable_name           | Value                                                                    |
+-------------------------+--------------------------------------------------------------------------+
| innodb_version          | 5.6.25                                                                   |
| protocol_version        | 10                                                                       |
| tidb_analyze_version    | 2                                                                        |
| tidb_row_format_version | 2                                                                        |
| tls_version             | TLSv1,TLSv1.1,TLSv1.2                                                    |
| version                 | 5.7.25-TiDB-v5.2.2                                                       |
| version_comment         | TiDB Server (Apache License 2.0) Community Edition, MySQL 5.7 compatible |
| version_compile_machine | x86_64                                                                   |
| version_compile_os      | osx10.8                                                                  |
+-------------------------+--------------------------------------------------------------------------+
```

