ID: 29655
Title: `DROP ROLE` not work as expected in the `SHOW` result.
Description:
## Bug Report

Please answer these questions before submitting your issue. Thanks!

### 1. Minimal reproduce step (Required)
```
CREATE ROLE `engineering`@`US`;
CREATE ROLE `engineering`@`INDIA`;
DROP ROLE engineering@INDIA;
DROP ROLE engineering@US;
SELECT user,host FROM mysql.user;

...

tidb> CREATE ROLE `engineering`@`US`;
Query OK, 0 rows affected (0.01 sec)

tidb> CREATE ROLE `engineering`@`INDIA`;
Query OK, 0 rows affected (0.00 sec)

tidb> DROP ROLE engineering@INDIA;
Query OK, 0 rows affected (0.01 sec)

tidb> DROP ROLE engineering@US;
Query OK, 0 rows affected (0.00 sec)

tidb> select user,host from mysql.user;
```

<!-- a step by step guide for reproducing the bug. -->

### 2. What did you expect to see? (Required)
```
+-------------+-------+
| user        | host  |
+-------------+-------+
| root        | %     |
+-------------+-------+
3 rows in set (0.00 sec)
```

### 3. What did you see instead (Required)
```
+-------------+-------+
| user        | host  |
+-------------+-------+
| root        | %     |
| engineering | india |
| engineering | us    |
+-------------+-------+
3 rows in set (0.00 sec)
```

### 4. What is your TiDB version? (Required)
master&5.3

<!-- Paste the output of SELECT tidb_version() -->

