ID: 29681
Title: "Incorrect timestamp value" warning is not aligned with MySQL
Description:
## Bug Report

Please answer these questions before submitting your issue. Thanks!

### 1. Minimal reproduce step (Required)

```
MySQL [sql_mode]> SET tidb_txn_mode='optimistic',sql_mode='REAL_AS_FLOAT,ONLY_FULL_GROUP_BY,HIGH_NOT_PRECEDENCE,NO_BACKSLASH_ESCAPES,IGNORE_SPACE,ALLOW_INVALID_DATES,NO_DIR_IN_CREATE,NO_UNSIGNED_SUBTRACTION,NO_AUTO_VALUE_ON_ZERO,NO_ENGINE_SUBSTITUTION,PIPES_AS_CONCAT'
    -> ;
Query OK, 0 rows affected (0.001 sec)

MySQL [sql_mode]> start transaction;
Query OK, 0 rows affected (0.001 sec)

MySQL [sql_mode]> INSERT INTO `sql_mode`.`timezone` (`id`,`a`) VALUES (3,'1990-04-15 02:30:12') ON DUPLICATE KEY UPDATE `id`=VALUES(`id`),`a`=VALUES(`a`);
Query OK, 1 row affected, 1 warning (0.002 sec)

MySQL [sql_mode]> show warnings;
+---------+------+--------------------------------------------------+
| Level   | Code | Message                                          |
+---------+------+--------------------------------------------------+
| Warning | 1292 | Incorrect timestamp value: '1990-04-15 02:30:12' |
+---------+------+--------------------------------------------------+
1 row in set (0.001 sec)

MySQL [sql_mode]> commit
    -> ;
Query OK, 0 rows affected (0.002 sec)

MySQL [sql_mode]> select * from timezone;
+----+---------------------+
| id | a                   |
+----+---------------------+
|  3 | 0000-00-00 00:00:00 |
+----+---------------------+
1 row in set (0.002 sec)
```

### 2. What did you expect to see? (Required)

in MySQL

```
MySQL [sql_mode]> set sql_mode='REAL_AS_FLOAT,ONLY_FULL_GROUP_BY,HIGH_NOT_PRECEDENCE,NO_BACKSLASH_ESCAPES,IGNORE_SPACE,ALLOW_INVALID_DATES,NO_DIR_IN_CREATE,NO_UNSIGNED_SUBTRACTION,NO_AUTO_VALUE_ON_ZERO,NO_ENGINE_SUBSTITUTION,PIPES_AS_CONCAT';
Query OK, 0 rows affected (0.001 sec)

MySQL [sql_mode]> start transaction;
Query OK, 0 rows affected (0.001 sec)

MySQL [sql_mode]> INSERT INTO `sql_mode`.`timezone` (`id`,`a`) VALUES (3,'1990-04-15 02:30:12') ON DUPLICATE KEY UPDATE `id`=VALUES(`id`),`a`=VALUES(`a`);
Query OK, 1 row affected (0.002 sec)

MySQL [sql_mode]> commit;
Query OK, 0 rows affected (0.040 sec)

MySQL [sql_mode]> select * from timezone;
+----+---------------------+
| id | a                   |
+----+---------------------+
|  3 | 1990-04-15 02:30:12 |
+----+---------------------+
1 row in set (0.001 sec)
```

### 3. What did you see instead (Required)

pasted in step 1

### 4. What is your TiDB version? (Required)

<!-- Paste the output of SELECT tidb_version() -->
Release Version: v5.2.1
Edition: Community
Git Commit Hash: cd8fb24c5f7ebd9d479ed228bb41848bd5e97445
Git Branch: heads/refs/tags/v5.2.1
UTC Build Time: 2021-09-08 02:32:56
GoVersion: go1.16.4
Race Enabled: false
TiKV Min Version: v3.0.0-60965b006877ca7234adaced7890d7b029ed1306
Check Table Before Drop: false
