ID: 29711
Title: order by + limit + utf8_unicode_ciï¼Œreturn error record
Description:
## Bug Report

Please answer these questions before submitting your issue. Thanks!

### 1. Minimal reproduce step (Required)

```
new_collations_enabled_on_first_bootstrap = true
CREATE TABLE `tbl_39` (
  `col_250` text COLLATE utf8_unicode_ci NOT NULL,
  `col_251` enum('Alice','Bob','Charlie','David') COLLATE utf8_unicode_ci NOT NULL DEFAULT 'Charlie',
  PRIMARY KEY (`col_251`,`col_250`(1)) NONCLUSTERED
);

insert into tbl_39 values("gugNSTjqWSrACj","Bob");    
insert into tbl_39 values("HaaRdwkoeFCH"  ,"Charlie");
insert into tbl_39 values("HbLx"          ,"David"); 
insert into tbl_39 values("kL"            ,"Bob");    
insert into tbl_39 values("mvbA"          ,"Bob");    
insert into tbl_39 values("ogdMlMqsYQ"    ,"Charlie");
insert into tbl_39 values("oUHNKUlSt"     ,"Bob");    
insert into tbl_39 values("PiPcLwhtwIAEa" ,"David");  
insert into tbl_39 values("smCLRW"        ,"David");  
insert into tbl_39 values("WIVqt"         ,"Charlie");
insert into tbl_39 values("xtGixNnzTa"    ,"Bob"); 

select col_250,col_251 from tbl_39 where tbl_39.col_251 between 'Bob' and 'David' order by tbl_39.col_250,tbl_39.col_251 limit 6; ---check
```

### 2. What did you expect to see? (Required)

```
mysql> select col_250,col_251 from tbl_39 where tbl_39.col_251 between 'Bob' and 'David' order by tbl_39.col_250,tbl_39.col_251 limit 6;
+----------------+---------+
| col_250        | col_251 |
+----------------+---------+
| gugNSTjqWSrACj | Bob     |
| HaaRdwkoeFCH   | Charlie |
| HbLx           | David   |
| kL             | Bob     |
| mvbA           | Bob     |
| ogdMlMqsYQ     | Charlie |
+----------------+---------+
6 rows in set (0.00 sec)
```

### 3. What did you see instead (Required)

```
mysql> select col_250,col_251 from tbl_39 where tbl_39.col_251 between 'Bob' and 'David' order by tbl_39.col_250,tbl_39.col_251 limit 6;
+----------------+---------+
| col_250        | col_251 |
+----------------+---------+
| gugNSTjqWSrACj | Bob     |
| HaaRdwkoeFCH   | Charlie |
| HbLx           | David   |
| kL             | Bob     |
| mvbA           | Bob     |
| oUHNKUlSt      | Bob     |
+----------------+---------+
6 rows in set (0.01 sec)

mysql> select col_250,col_251 from tbl_39 where tbl_39.col_251 between 'Bob' and 'David' order by tbl_39.col_250,tbl_39.col_251;
+----------------+---------+
| col_250        | col_251 |
+----------------+---------+
| gugNSTjqWSrACj | Bob     |
| HaaRdwkoeFCH   | Charlie |
| HbLx           | David   |
| kL             | Bob     |
| mvbA           | Bob     |
| ogdMlMqsYQ     | Charlie |
| oUHNKUlSt      | Bob     |
| PiPcLwhtwIAEa  | David   |
| smCLRW         | David   |
| WIVqt          | Charlie |
| xtGixNnzTa     | Bob     |
+----------------+---------+
11 rows in set (0.01 sec)
```

### 4. What is your TiDB version? (Required)

```
Release Version: v5.2.2
Edition: Community
Git Commit Hash: da1c21fd45a4ea5900ac16d2f4a248143f378d18
Git Branch: heads/refs/tags/v5.2.2
UTC Build Time: 2021-10-29 02:43:57
GoVersion: go1.16.4
Race Enabled: false
TiKV Min Version: v3.0.0-60965b006877ca7234adaced7890d7b029ed1306
Check Table Before Drop: false
```

