ID: 29891
Title: Inserting specific numbers into char  : Discrepancy between TiDB and Mysql
Description:
## Bug Report

Please answer these questions before submitting your issue. Thanks!

### 1. Minimal reproduce step (Required)
```sql
drop table if exists t1;
CREATE TABLE t1 (
  a char(20) NOT NULL,
  b char(7) DEFAULT NULL,
  c char(4) DEFAULT NULL
);

INSERT INTO t1(a,b,c) VALUES (9.999999e+0, 9.999999e+0, 9.999e+0);
INSERT INTO t1(a,b,c) VALUES (1.225e-05, 1.225e-05, 1.225e-05);
INSERT INTO t1(a,b) VALUES (1.225e-04, 1.225e-04);
INSERT INTO t1(a,b) VALUES (1.225e-01, 1.225e-01);
INSERT INTO t1(a,b) VALUES (1.225877e-01, 1.225877e-01);
INSERT INTO t1(a,b) VALUES (1.225e+01, 1.225e+01);
INSERT INTO t1(a,b,c) VALUES (1.225e+01, 1.225e+01, 1.225e+01);
INSERT INTO t1(a,b) VALUES (1.225e+05, 1.225e+05);
INSERT INTO t1(a,b) VALUES (1.225e+10, 1.225e+10);
INSERT INTO t1(a,b) VALUES (1.225e+15, 1.225e+15);
INSERT INTO t1(a,b) VALUES (5000000e+0, 5000000e+0);
INSERT INTO t1(a,b) VALUES (1.25e+78, 1.25e+78);
INSERT INTO t1(a,b) VALUES (1.25e-94, 1.25e-94);
INSERT INTO t1(a,b) VALUES (1.25e+203, 1.25e+203);
INSERT INTO t1(a,b) VALUES (1.25e-175, 1.25e-175);
select * from t1;
```
### 2. What did you expect to see? (Required)
```sql
mysql> select * from t1;
+-------------+---------+------+
| a           | b       | c    |
+-------------+---------+------+
| 9.999999    | 10      | 10   |
| 0.00001225  | 1.22e-5 | 1e-5 |
| 0.0001225   | 1.22e-4 | NULL |
| 0.1225      | 0.1225  | NULL |
| 0.1225877   | 0.12259 | NULL |
| 12.25       | 12.25   | NULL |
| 12.25       | 12.25   | 12.2 |
| 122500      | 122500  | NULL |
| 12250000000 | 1.22e10 | NULL |
| 1.225e15    | 1.22e15 | NULL |
| 5000000     | 5000000 | NULL |
| 1.25e78     | 1.25e78 | NULL |
| 1.25e-94    | 1.2e-94 | NULL |
| 1.25e203    | 1.2e203 | NULL |
| 1.25e-175   | 1e-175  | NULL |
+-------------+---------+------+
15 rows in set (0.00 sec)
```
### 3. What did you see instead (Required)
```sql
mysql> select * from t1;
+----------------------+---------+------+
| a                    | b       | c    |
+----------------------+---------+------+
| 9.999999             | 9.99999 | 9.99 |
| 0.00001225           | 0.00001 | 0.00 |
| 0.0001225            | 0.00012 | NULL |
| 0.1225               | 0.1225  | NULL |
| 0.1225877            | 0.12258 | NULL |
| 12.25                | 12.25   | NULL |
| 12.25                | 12.25   | 12.2 |
| 122500               | 122500  | NULL |
| 12250000000          | 1225000 | NULL |
| 1225000000000000     | 1225000 | NULL |
| 5000000              | 5000000 | NULL |
| 12500000000000000000 | 1250000 | NULL |
| 0.000000000000000000 | 0.00000 | NULL |
| 12500000000000000000 | 1250000 | NULL |
| 0.000000000000000000 | 0.00000 | NULL |
+----------------------+---------+------+
15 rows in set (0.00 sec)
```
### 4. What is your TiDB version? (Required)
```sql
| Release Version: v5.4.0-alpha-67-g17edc5758
Edition: Community
Git Commit Hash: 17edc5758fbf865cada7e156318c41d3ee8a7501
Git Branch: master
UTC Build Time: 2021-11-16 02:57:45
GoVersion: go1.17.2
Race Enabled: false
TiKV Min Version: v3.0.0-60965b006877ca7234adaced7890d7b029ed1306
Check Table Before Drop: false |
```

