ID: 30151
Title: `from_unixtime(string)` return inconsistent result
Description:
## Bug Report

Please answer these questions before submitting your issue. Thanks!

### 1. Minimal reproduce step (Required)

```
mysql> drop table test;
Query OK, 0 rows affected (0.51 sec)

mysql> create table test(id int, value varchar(100));
Query OK, 0 rows affected (1.69 sec)

mysql> insert into test values(1,'1.1');
Query OK, 1 row affected (0.00 sec)

mysql> select from_unixtime('1.1'), from_unixtime(value) from test;
+----------------------------+----------------------------+
| from_unixtime('1.1')       | from_unixtime(value)       |
+----------------------------+----------------------------+
| 1970-01-01 08:00:01.100000 | 1970-01-01 08:00:01.000000 |
+----------------------------+----------------------------+
1 row in set, 1 warning (1.30 sec)

mysql> show warnings;
+---------+------+------------------------------------------+
| Level   | Code | Message                                  |
+---------+------+------------------------------------------+
| Warning | 1292 | Truncated incorrect DECIMAL value: '1.1' |
+---------+------+------------------------------------------+
1 row in set (0.00 sec)
```
<!-- a step by step guide for reproducing the bug. -->

### 2. What did you expect to see? (Required)
`from_unixtime('1.1'), from_unixtime(value)` returns same result. 
### 3. What did you see instead (Required)
`from_unixtime('1.1'), from_unixtime(value)` returns different result.
And in MySQL, both of `from_unixtime('1.1')` and `from_unixtime(value)` return `1970-01-01 08:00:01.100000`
### 4. What is your TiDB version? (Required)

<!-- Paste the output of SELECT tidb_version() -->
TiDB master @ dde1e0bf0484475f37b3f04f8a865285afbfcbe1
