ID: 30259
Title: Comparison functions  shows discrepancy
Description:
## Bug Report


### 1. Minimal reproduce step (Required)

```sql
select "a"="A", "a "="A", "A "="a", "a  " <= "A b";
```
```sql
select 'b' between 'a' and 'c', 'B' between 'a' and 'c';
```

### 2. What did you expect to see? 
In MySQL8.0
```sql
mysql> select "a"="A", "a "="A", "A "="a", "a  " <= "A b";
+---------+----------+----------+----------------+
| "a"="A" | "a "="A" | "A "="a" | "a  " <= "A b" |
+---------+----------+----------+----------------+
|       1 |        0 |        0 |              1 |
+---------+----------+----------+----------------+
1 row in set (0.00 sec)

mysql> select 'b' between 'a' and 'c', 'B' between 'a' and 'c';
+-------------------------+-------------------------+
| 'b' between 'a' and 'c' | 'B' between 'a' and 'c' |
+-------------------------+-------------------------+
|                       1 |                       1 |
+-------------------------+-------------------------+

mysql> select version();
+-----------+
| version() |
+-----------+
| 8.0.25    |
+-----------+
1 row in set (0.01 sec)
```
In MySQL5.7
```sql
mysql> select "a"="A", "a "="A", "A "="a", "a  " <= "A b";
+---------+----------+----------+----------------+
| "a"="A" | "a "="A" | "A "="a" | "a  " <= "A b" |
+---------+----------+----------+----------------+
|       1 |        1 |        1 |              1 |
+---------+----------+----------+----------------+
1 row in set (0.01 sec)

mysql> select 'b' between 'a' and 'c', 'B' between 'a' and 'c';
+-------------------------+-------------------------+
| 'b' between 'a' and 'c' | 'B' between 'a' and 'c' |
+-------------------------+-------------------------+
|                       1 |                       1 |
+-------------------------+-------------------------+

mysql> select version();
+-----------+
| version() |
+-----------+
| 5.7.36    |
+-----------+
1 row in set (0.02 sec)
```


### 3. What did you see instead 
```sql
TiDB> select "a"="A", "a "="A", "A "="a", "a  " <= "A b";
+---------+----------+----------+----------------+
| "a"="A" | "a "="A" | "A "="a" | "a  " <= "A b" |
+---------+----------+----------+----------------+
|       0 |        0 |        0 |              0 |
+---------+----------+----------+----------------+
1 row in set (0.00 sec)

TiDB> select 'b' between 'a' and 'c', 'B' between 'a' and 'c';
+-------------------------+-------------------------+
| 'b' between 'a' and 'c' | 'B' between 'a' and 'c' |
+-------------------------+-------------------------+
|                       1 |                       0 |
+-------------------------+-------------------------+

TiDB> select version();
+--------------------+
| version()          |
+--------------------+
| 5.7.25-TiDB-v5.2.2 |
+--------------------+
1 row in set (0.00 sec)
```

### 4. What is your TiDB version? (Required)
```SQL
tidb_version(): Release Version: v5.2.2
Edition: Community
Git Commit Hash: da1c21fd45a4ea5900ac16d2f4a248143f378d18
Git Branch: heads/refs/tags/v5.2.2
UTC Build Time: 2021-10-20 06:03:29
GoVersion: go1.16.4
Race Enabled: false
TiKV Min Version: v3.0.0-60965b006877ca7234adaced7890d7b029ed1306
Check Table Before Drop: false
```


