ID: 30264
Title: GREATEST function with plus operations to time/date type gives wrong result.
Description:
## Bug Report

### 1. Minimal reproduce step 

```sql
SELECT GREATEST(time '20:00:00', 120000) + 0.00;
SELECT GREATEST(date '2005-05-05', 20010101, 20040404, 20030303) + 0;
SELECT GREATEST(date '1995-05-05', 19910101, 20050505, 19930303) + 0.00;
```

### 2. What did you expect to see? 
```sql
mysql> SELECT GREATEST(time '20:00:00', 120000) + 0.00;
+------------------------------------------+
| GREATEST(time '20:00:00', 120000) + 0.00 |
+------------------------------------------+
|                                200000.00 |
+------------------------------------------+
1 row in set (0.00 sec)

mysql> SELECT GREATEST(date '2005-05-05', 20010101, 20040404, 20030303) + 0;
+---------------------------------------------------------------+
| GREATEST(date '2005-05-05', 20010101, 20040404, 20030303) + 0 |
+---------------------------------------------------------------+
|                                                      20050505 |
+---------------------------------------------------------------+
1 row in set (0.00 sec)

mysql> SELECT GREATEST(date '1995-05-05', 19910101, 20050505, 19930303) + 0.00;
+------------------------------------------------------------------+
| GREATEST(date '1995-05-05', 19910101, 20050505, 19930303) + 0.00 |
+------------------------------------------------------------------+
|                                                      20050505.00 |
+------------------------------------------------------------------+
1 row in set (0.00 sec)
```

### 3. What did you see instead 
```sql

TiDB> SELECT GREATEST(time '20:00:00', 120000) + 0.00;
+------------------------------------------+
| GREATEST(time '20:00:00', 120000) + 0.00 |
+------------------------------------------+
|                                       20 |
+------------------------------------------+
1 row in set, 1 warning (0.00 sec)

TiDB> SELECT GREATEST(date '2005-05-05', 20010101, 20040404, 20030303) + 0;
+---------------------------------------------------------------+
| GREATEST(date '2005-05-05', 20010101, 20040404, 20030303) + 0 |
+---------------------------------------------------------------+
|                                                          2005 |
+---------------------------------------------------------------+
1 row in set, 1 warning (0.00 sec)

TiDB> SELECT GREATEST(date '1995-05-05', 19910101, 20050505, 19930303) + 0.00;
+------------------------------------------------------------------+
| GREATEST(date '1995-05-05', 19910101, 20050505, 19930303) + 0.00 |
+------------------------------------------------------------------+
|                                                             2005 |
+------------------------------------------------------------------+
1 row in set, 1 warning (0.00 sec)
```

### 4. What is your TiDB version? (Required)

```sql
tidb_version(): Release Version: v5.2.2
Edition: Community
Git Commit Hash: da1c21fd45a4ea5900ac16d2f4a248143f378d18
Git Branch: heads/refs/tags/v5.2.2
UTC Build Time: 2021-10-20 06:03:29
GoVersion: go1.16.4
Race Enabled: false
TiKV Min Version: v3.0.0-60965b006877ca7234adaced7890d7b029ed1306
Check Table Before Drop: false
```

