ID: 30329
Title: TIDB converting to datetime results are not compatible with mysql ( 8.0 and 5.7)
Description:
## Bug Report

Please answer these questions before submitting your issue. Thanks!

### 1. Minimal reproduce step (Required)
```sql
SET sql_mode = default;
SELECT cast("20030102T131415" as datetime);
```
### 2. What did you expect to see? (Required)
```sql 
mysql> SELECT cast("20030102T131415" as datetime);
+-------------------------------------+
| cast("20030102T131415" as datetime) |
+-------------------------------------+
| 2003-01-02 13:14:15                 |
+-------------------------------------+
1 row in set (0.00 sec)
```
### 3. What did you see instead (Required)
```sql
mysql> SELECT cast("20030102T131415" as datetime);
+-------------------------------------+
| cast("20030102T131415" as datetime) |
+-------------------------------------+
| NULL                                |
+-------------------------------------+
1 row in set, 1 warning (0.00 sec)
```
### 4. What is your TiDB version? (Required)
```sql
| Release Version: v5.4.0-alpha-264-g6efa36df6
Edition: Community
Git Commit Hash: 6efa36df6cff325106f67ecfe3d79816ba37ca6a
Git Branch: master
UTC Build Time: 2021-11-29 16:57:51
GoVersion: go1.17.2
Race Enabled: false
TiKV Min Version: v3.0.0-60965b006877ca7234adaced7890d7b029ed1306
Check Table Before Drop: false |
```
