ID: 30327
Title: Convert time to date : Tidb is not using set timestamp value 
Description:
## Bug Report

Please answer these questions before submitting your issue. Thanks!

### 1. Minimal reproduce step (Required)
```sql
SET TIMESTAMP=978332400; # 2001-01-01
SELECT cast(TIME'23:59:59.4' as date);
--Tidb is not using set TIMESTAMP value instead using default timestamp.
```

### 2. What did you expect to see? (Required)
```sql
mysql> SELECT cast(TIME'23:59:59.4' as date);
+--------------------------------+
| cast(TIME'23:59:59.4' as date) |
+--------------------------------+
| 2001-01-01                     |
+--------------------------------+
1 row in set (0.00 sec)
```
### 3. What did you see instead (Required)
```sql
mysql> SELECT cast(TIME'23:59:59.4' as date);
+--------------------------------+
| cast(TIME'23:59:59.4' as date) |
+--------------------------------+
| 2021-12-01                     |
+--------------------------------+
1 row in set (0.00 sec)
```
### 4. What is your TiDB version? (Required)
```sql
| Release Version: v5.4.0-alpha-264-g6efa36df6
Edition: Community
Git Commit Hash: 6efa36df6cff325106f67ecfe3d79816ba37ca6a
Git Branch: master
UTC Build Time: 2021-11-29 16:57:51
GoVersion: go1.17.2
Race Enabled: false
TiKV Min Version: v3.0.0-60965b006877ca7234adaced7890d7b029ed1306
Check Table Before Drop: false |
```

