ID: 30384
Title: Wrong result for left join with using 
Description:
## Bug Report

Please answer these questions before submitting your issue. Thanks!
` 
### 1. Minimal reproduce step (Required)

<!-- a step by step guide for reproducing the bug. -->
```sql
CREATE TABLE t1 (
  grp int(11) default NULL,
  a bigint(20) unsigned default NULL, 
  c char(10) NOT NULL default ''
) ENGINE=MyISAM;
INSERT INTO t1 VALUES (1,1,'a'),(2,2,'b'),(2,3,'c'),(3,4,'E'),(3,5,'C'),(3,6,'D'),(NULL,NULL,'');
create table t2 (id int, a bigint unsigned not null, c char(10), d int, primary key (a));
insert into t2 values (1,1,"a",1),(3,4,"A",4),(3,5,"B",5),(3,6,"C",6),(4,7,"D",7);
select t1.*,t2.* from t1 left join t2 using (c);
drop table t1,t2;
```
### 2. What did you expect to see? (Required)
```sql
mysql> CREATE TABLE t1 (
    ->   grp int(11) default NULL,
    ->   a bigint(20) unsigned default NULL, 
    ->   c char(10) NOT NULL default ''
    -> ) ENGINE=MyISAM;
Query OK, 0 rows affected (0.03 sec)

mysql> INSERT INTO t1 VALUES (1,1,'a'),(2,2,'b'),(2,3,'c'),(3,4,'E'),(3,5,'C'),(3,6,'D'),(NULL,NULL,'');
Query OK, 7 rows affected (0.02 sec)
Records: 7  Duplicates: 0  Warnings: 0

mysql> create table t2 (id int, a bigint unsigned not null, c char(10), d int, primary key (a));
Query OK, 0 rows affected (0.02 sec)

mysql> insert into t2 values (1,1,"a",1),(3,4,"A",4),(3,5,"B",5),(3,6,"C",6),(4,7,"D",7);
Query OK, 5 rows affected (0.00 sec)
Records: 5  Duplicates: 0  Warnings: 0

mysql> select t1.*,t2.* from t1 left join t2 using (c);
+------+------+---+------+------+------+------+
| grp  | a    | c | id   | a    | c    | d    |
+------+------+---+------+------+------+------+
|    1 |    1 | a |    1 |    1 | a    |    1 |
|    1 |    1 | a |    3 |    4 | A    |    4 |
|    2 |    2 | b |    3 |    5 | B    |    5 |
|    2 |    3 | c |    3 |    6 | C    |    6 |
|    3 |    5 | C |    3 |    6 | C    |    6 |
|    3 |    6 | D |    4 |    7 | D    |    7 |
|    3 |    4 | E | NULL | NULL | NULL | NULL |
| NULL | NULL |   | NULL | NULL | NULL | NULL |
+------+------+---+------+------+------+------+
8 rows in set (0.00 sec)


```
### 3. What did you see instead (Required)
```sql
mysql> CREATE TABLE t1 (
    ->   grp int(11) default NULL,
    ->   a bigint(20) unsigned default NULL, 
    ->   c char(10) NOT NULL default ''
    -> ) ENGINE=MyISAM;
Query OK, 0 rows affected (0.13 sec)

mysql> INSERT INTO t1 VALUES (1,1,'a'),(2,2,'b'),(2,3,'c'),(3,4,'E'),(3,5,'C'),(3,6,'D'),(NULL,NULL,'');
Query OK, 7 rows affected (0.00 sec)
Records: 7  Duplicates: 0  Warnings: 0

mysql> create table t2 (id int, a bigint unsigned not null, c char(10), d int, primary key (a));
Query OK, 0 rows affected (0.06 sec)

mysql> insert into t2 values (1,1,"a",1),(3,4,"A",4),(3,5,"B",5),(3,6,"C",6),(4,7,"D",7);
Query OK, 5 rows affected (0.01 sec)
Records: 5  Duplicates: 0  Warnings: 0

mysql> select t1.*,t2.* from t1 left join t2 using (c);
+---+------+------+------+------+------+------+
| c | grp  | a    | id   | a    | c    | d    |
+---+------+------+------+------+------+------+
| a |    1 |    1 |    1 |    1 | a    |    1 |
| b |    2 |    2 | NULL | NULL | NULL | NULL |
| c |    2 |    3 | NULL | NULL | NULL | NULL |
| E |    3 |    4 | NULL | NULL | NULL | NULL |
| C |    3 |    5 |    3 |    6 | C    |    6 |
| D |    3 |    6 |    4 |    7 | D    |    7 |
|   | NULL | NULL | NULL | NULL | NULL | NULL |
+---+------+------+------+------+------+------+
7 rows in set (0.00 sec)

mysql> drop table t1,t2;
Query OK, 0 rows affected (0.54 sec)

```
### 4. What is your TiDB version? (Required)

<!-- Paste the output of SELECT tidb_version() -->

```sql
| Release Version: v5.3.0
Edition: Community
Git Commit Hash: 4a1b2e9fe5b5afb1068c56de47adb07098d768d6
Git Branch: heads/refs/tags/v5.3.0
UTC Build Time: 2021-11-24 13:31:24
GoVersion: go1.16.5
Race Enabled: false
TiKV Min Version: v3.0.0-60965b006877ca7234adaced7890d7b029ed1306
Check Table Before Drop: false |
```