ID: 30412
Title: TiDB fails to insert data when using transaction
Description:
## Bug Report

Please answer these questions before submitting your issue. Thanks!

### 1. Minimal reproduce step (Required)

**Setup the environment:**

```
tiup playground --db.binpath /path/to/latest/tidb-server &
mysql -h "127.0.0.1" -u root -P 4000 -D testdb < mysql_bk.sql
```

_mysql_bk.sql:_ 
[mysql_bk.sql.txt](https://github.com/pingcap/tidb/files/7655675/mysql_bk.sql.txt)


**Testcase 1**
```
mysql -h "127.0.0.1" -u root -P 4000 -D testdb

mysql> delete from t_xkzvqb;
mysql> insert into t_rxrf9c values
(41, case when EXISTS (
    select distinct
        ref_0.c2 as c2
      from
        t_f32hfd as ref_0
      ) then 1 else 0 end
  , 74.4, 31);

/* check the data of t_rxrf9c */;
mysql> select * from t_rxrf9c; 
```

**Testcase 2**
```
mysql -h "127.0.0.1" -u root -P 4000 -D testdb

mysql> start transaction;
mysql> delete from t_xkzvqb;
mysql> insert into t_rxrf9c values
(41, case when EXISTS (
    select distinct
        ref_0.c2 as c2
      from
        t_f32hfd as ref_0
      ) then 1 else 0 end
  , 74.4, 31); 
/* fail to insert and print an error: Truncated incorrect INTEGER value: 'li53c' */
mysql> commit;

/* check the data of t_rxrf9c */;
mysql> select * from t_rxrf9c; 
```

### 2. What did you expect to see? (Required)

The outputs of SELECT statements in Testcase 1 and Testcase 2 are same. 

### 3. What did you see instead (Required)

**Output of SELECT statement in Testcase 1**
```
+---------+---------+----------+---------+
| c_u3bwg | c_a_p8b | c_09ew1d | c_wylqr |
+---------+---------+----------+---------+
|       6 |      24 |    53.56 |      59 |
|      41 |       0 |     74.4 |      31 |
+---------+---------+----------+---------+
2 rows in set (0.01 sec)
```

**Output of SELECT statement in Testcase 2**
```
+---------+---------+----------+---------+
| c_u3bwg | c_a_p8b | c_09ew1d | c_wylqr |
+---------+---------+----------+---------+
|       6 |      24 |    53.56 |      59 |
+---------+---------+----------+---------+
1 row in set (0.00 sec)
```

Their results are different.

### 4. What is your TiDB version? (Required)

```
Release Version: v5.4.0-alpha-311-g28446605c
Edition: Community
Git Commit Hash: 28446605c2e019e84e934602f4bd136294a61ff3
Git Branch: master
UTC Build Time: 2021-12-03 08:12:32
GoVersion: go1.16
Race Enabled: false
TiKV Min Version: v3.0.0-60965b006877ca7234adaced7890d7b029ed1306
Check Table Before Drop: false
```

