ID: 30451
Title: TiDB Float precision  differers from mysql (5.7 and 8.0)
Description:
## Bug Report

Please answer these questions before submitting your issue. Thanks!

### 1. Minimal reproduce step (Required)
```sql
set sql_mode = default;
drop table if exists t1;
CREATE TABLE t1 (a float(13,1) DEFAULT 0.0 NOT NULL, b float);
insert into t1 values (4294967295,1/3),(234523459,22/7),(133,57/2);
select *  from t1;
```
### 2. What did you expect to see? (Required)
```sql
mysql> select *  from t1;
+--------------+----------+
| a            | b        |
+--------------+----------+
| 4294967296.0 | 0.333333 |
|  234523456.0 |  3.14286 |
|        133.0 |     28.5 |
+--------------+----------+
3 rows in set (0.00 sec)
```
### 3. What did you see instead (Required)
```sql
mysql> select *  from t1;
+------------+--------+
| a          | b      |
+------------+--------+
| 4294967300 | 0.3333 |
|  234523460 | 3.1429 |
|        133 |   28.5 |
+------------+--------+
3 rows in set (0.00 sec)
```
### 4. What is your TiDB version? (Required)
```sql
| Release Version: v5.4.0-alpha-264-g6efa36df6
Edition: Community
Git Commit Hash: 6efa36df6cff325106f67ecfe3d79816ba37ca6a
Git Branch: master
UTC Build Time: 2021-11-29 16:57:51
GoVersion: go1.17.2
Race Enabled: false
TiKV Min Version: v3.0.0-60965b006877ca7234adaced7890d7b029ed1306
Check Table Before Drop: false |
```
<!-- Paste the output of SELECT tidb_version() -->

