ID: 30486
Title: Collation used by `IN` clause is not correct. 
Description:
## Bug Report

Please answer these questions before submitting your issue. Thanks!

### 1. Minimal reproduce step (Required)

<!-- a step by step guide for reproducing the bug. -->
``` sql
create table t(a char(10), b char(10));
insert into t values ("a", "a");
insert into t values ("A", "A");
select * from t where a in ('b' collate utf8mb4_general_ci, 'A', 3);
```

### 2. What did you expect to see? (Required)
```
mysql> select * from t where a in ('b' collate utf8mb4_general_ci, 'A', 3);
+------+------+
| a    | b    |
+------+------+
| a    | a    |
| A    | A    |
+------+------+
2 rows in set (0.00 sec)
```
### 3. What did you see instead (Required)
```
mysql> select * from t where a in ('b' collate utf8mb4_general_ci, 'A', 3);
+------+------+
| a    | b    |
+------+------+
| A    | A    |
+------+------+
1 row in set, 1 warning (0.01 sec)
```
### 4. What is your TiDB version? (Required)
master
<!-- Paste the output of SELECT tidb_version() -->

