ID: 30508
Title: Type Conversion from  DOUBLE  to set output differ
Description:
## Bug Report

Please answer these questions before submitting your issue. Thanks!

### 1. Minimal reproduce step (Required)

<!-- a step by step guide for reproducing the bug. -->
```sql
CREATE TABLE t_double (a double not null);
INSERT INTO t_double (a) VALUES
(-20000000000000000000000000000.0001), (20000000000000000000000000000.0001);
CREATE TABLE t_set (b set('up', 'down'));
INSERT IGNORE INTO t_set (b) SELECT a from t_double;
SELECT b FROM t_set;
```
### 2. What did you expect to see? (Required)
```sql
mysql> CREATE TABLE t_double (a double not null);
Query OK, 0 rows affected (0.01 sec)

mysql> INSERT INTO t_double (a) VALUES
    -> (-20000000000000000000000000000.0001), (20000000000000000000000000000.0001);
Query OK, 2 rows affected (0.00 sec)
Records: 2  Duplicates: 0  Warnings: 0

mysql> CREATE TABLE t_set (b set('up', 'down'));
Query OK, 0 rows affected (0.00 sec)

mysql> INSERT IGNORE INTO t_set (b) SELECT a from t_double;
Query OK, 2 rows affected, 2 warnings (0.01 sec)
Records: 2  Duplicates: 0  Warnings: 2

mysql> show warnings;
+---------+------+----------------------------------------+
| Level   | Code | Message                                |
+---------+------+----------------------------------------+
| Warning | 1265 | Data truncated for column 'b' at row 1 |
| Warning | 1265 | Data truncated for column 'b' at row 2 |
+---------+------+----------------------------------------+
2 rows in set (0.00 sec)

mysql> SELECT b FROM t_set;
+---------+
| b       |
+---------+
|         |
| up,down |
+---------+
2 rows in set (0.00 sec)

```
### 3. What did you see instead (Required)
```sql
mysql> CREATE TABLE t_double (a double not null);
Query OK, 0 rows affected (0.15 sec)

mysql> INSERT INTO t_double (a) VALUES
    -> (-20000000000000000000000000000.0001), (20000000000000000000000000000.0001);
Query OK, 2 rows affected (0.01 sec)
Records: 2  Duplicates: 0  Warnings: 0

mysql> CREATE TABLE t_set (b set('up', 'down'));
Query OK, 0 rows affected (0.11 sec)

mysql> INSERT IGNORE INTO t_set (b) SELECT a from t_double;
Query OK, 2 rows affected, 2 warnings (0.02 sec)
Records: 2  Duplicates: 0  Warnings: 2

mysql> SELECT b FROM t_set;
+------+
| b    |
+------+
|      |
|      |
+------+
2 rows in set (0.01 sec)
```
### 4. What is your TiDB version? (Required)

<!-- Paste the output of SELECT tidb_version() -->
```sql
| Release Version: v5.3.0
Edition: Community
Git Commit Hash: 4a1b2e9fe5b5afb1068c56de47adb07098d768d6
Git Branch: heads/refs/tags/v5.3.0
UTC Build Time: 2021-11-24 13:31:24
GoVersion: go1.16.5
Race Enabled: false
TiKV Min Version: v3.0.0-60965b006877ca7234adaced7890d7b029ed1306
Check Table Before Drop: false |
```
