ID: 30542
Title: Different results between plan on tiflash and plan on tikv
Description:
## Bug Report

Please answer these questions before submitting your issue. Thanks!

### 1. Minimal reproduce step (Required)
```
tiup playground v5.1.1
```
```

CREATE TABLE t (
id bigint(20) NOT NULL AUTO_INCREMENT,
a varchar(20) DEFAULT NULL,
b varchar(50) DEFAULT NULL,
c varchar(50) DEFAULT NULL,
d varchar(50) DEFAULT NULL,
e varchar(200) DEFAULT NULL,
f varchar(200) DEFAULT NULL,
g varchar(100) DEFAULT NULL,
h varchar(50) DEFAULT NULL,
PRIMARY KEY (id),
KEY idx_b (b)
) ENGINE=InnoDB AUTO_INCREMENT=51670272 DEFAULT CHARSET=utf8;

alter table t set tiflash replica 1;

insert into t (a, b, c, g) values ('1', '9ead706a6ee03bd6c548480abc351b8d', '-100,000,000', 'xxxyy'), ('2', '9ead706a6ee03bd6c548480abc351b8d', '-200,000,000', 'zzz');

SELECT b,
       Sum(CASE
             WHEN g LIKE 'xxx%yy%'
                   OR g LIKE 'zzz%' THEN Cast(
             Replace(c, ',', '') AS DECIMAL)
             ELSE 0
           END) AS equity
FROM   t
GROUP  BY b;

SELECT /*+ READ_FROM_STORAGE(TIKV[t]) */ b,
       Sum(CASE
             WHEN g LIKE 'xxx%yy%'
                   OR g LIKE 'zzz%' THEN Cast(
             Replace(c, ',', '') AS DECIMAL)
             ELSE 0
           END) AS equity
FROM   t
GROUP  BY b;
```

### 2. What did you expect to see? (Required)
The two queries have the same results.

### 3. What did you see instead (Required)
```
mysql> SELECT b,
    ->        Sum(CASE
    ->              WHEN g LIKE 'xxx%yy%'
    ->                    OR g LIKE 'zzz%' THEN Cast(
    ->              Replace(c, ',', '') AS DECIMAL)
    ->              ELSE 0
    ->            END) AS equity
    -> FROM   t
    -> GROUP  BY b;
+----------------------------------+-----------+
| b                                | equity    |
+----------------------------------+-----------+
| 9ead706a6ee03bd6c548480abc351b8d | 300000000 |
+----------------------------------+-----------+
1 row in set (0.07 sec)

mysql> SELECT /*+ READ_FROM_STORAGE(TIKV[t]) */ b,
    ->        Sum(CASE
    ->              WHEN g LIKE 'xxx%yy%'
    ->                    OR g LIKE 'zzz%' THEN Cast(
    ->              Replace(c, ',', '') AS DECIMAL)
    ->              ELSE 0
    ->            END) AS equity
    -> FROM   t
    -> GROUP  BY b;
+----------------------------------+------------+
| b                                | equity     |
+----------------------------------+------------+
| 9ead706a6ee03bd6c548480abc351b8d | -300000000 |
+----------------------------------+------------+
1 row in set (0.01 sec)
```

### 4. What is your TiDB version? (Required)
```
mysql> SELECT tidb_version();
+----------------------------------------------------------------------------------------------------------------------------------------------------------------------------------------------------------------------------------------------------------------------------------------------------------------------+
| tidb_version()                                                                                                                                                                                                                                                                                                       |
+----------------------------------------------------------------------------------------------------------------------------------------------------------------------------------------------------------------------------------------------------------------------------------------------------------------------+
| Release Version: v5.1.1
Edition: Community
Git Commit Hash: 797bddd25310ed42f0791c8eccb78be8cce2f502
Git Branch: heads/refs/tags/v5.1.1
UTC Build Time: 2021-07-28 11:07:25
GoVersion: go1.16.5
Race Enabled: false
TiKV Min Version: v3.0.0-60965b006877ca7234adaced7890d7b029ed1306
Check Table Before Drop: false |
+----------------------------------------------------------------------------------------------------------------------------------------------------------------------------------------------------------------------------------------------------------------------------------------------------------------------+
1 row in set (0.01 sec)
```

