ID: 30726
Title: TiDB incorrect date behavior is not compatible with mysql
Description:
## Bug Report

Please answer these questions before submitting your issue. Thanks!

### 1. Minimal reproduce step (Required)
```sql
set sql_mode=DEFAULT;
drop table if exists t1;
create table t1(f1 date);
insert into t1 values ('2005-09-30'),('2005-10-01'),('2005-12-30');
select * from t1 where f1 >= '2005-09-31';
```

### 2. What did you expect to see? (Required)
```sql
--  mysql 8.0
mysql> select * from t1 where f1 >= '2005-09-31';
ERROR 1525 (HY000): Incorrect DATE value: '2005-09-31'

-- mysql 5.7
mysql> select * from t1 where f1 >= '2005-09-31';
+------------+
| f1         |
+------------+
| 2005-10-01 |
| 2005-12-30 |
+------------+
2 rows in set (0.00 sec)
```
### 3. What did you see instead (Required)
```sql
mysql> select * from t1 where f1 >= '2005-09-31';
Empty set, 1 warning (0.00 sec)

mysql> show warnings;
+---------+------+---------------------------------------+
| Level   | Code | Message                               |
+---------+------+---------------------------------------+
| Warning | 1292 | Incorrect datetime value: '2005-9-31' |
+---------+------+---------------------------------------+
1 row in set (0.00 sec)
```
### 4. What is your TiDB version? (Required)
```sql
| Release Version: v5.4.0-alpha-264-g6efa36df6
Edition: Community
Git Commit Hash: 6efa36df6cff325106f67ecfe3d79816ba37ca6a
Git Branch: master
UTC Build Time: 2021-11-29 16:57:51
GoVersion: go1.17.2
Race Enabled: false
TiKV Min Version: v3.0.0-60965b006877ca7234adaced7890d7b029ed1306
Check Table Before Drop: false |
```

