ID: 30730
Title: hexadecimal string representation of the value is different. with quote
Description:
## Bug Report

Please answer these questions before submitting your issue. Thanks!

### 1. Minimal reproduce step (Required)

<!-- a step by step guide for reproducing the bug. -->
```sql
select hex(quote(char(224)));
select hex(quote(concat(char(224),char(227),char(230),char(231),char(232),char(234),char(235))));
select hex(-29223372036854775809) as hex_signed, hex(cast(-29223372036854775809 as unsigned)) as hex_unsigned;
```
### 2. What did you expect to see? (Required)
```sql
mysql> select hex(quote(char(224)));
+-----------------------+
| hex(quote(char(224))) |
+-----------------------+
| 27E027                |
+-----------------------+
1 row in set (0.00 sec)
mysql> select hex(quote(concat(char(224),char(227),char(230),char(231),char(232),char(234),char(235))));
+-------------------------------------------------------------------------------------------+
| hex(quote(concat(char(224),char(227),char(230),char(231),char(232),char(234),char(235)))) |
+-------------------------------------------------------------------------------------------+
| 27E0E3E6E7E8EAEB27                                                                        |
+-------------------------------------------------------------------------------------------+
1 row in set (0.00 sec)

mysql> select hex(-29223372036854775809) as hex_signed, hex(cast(-29223372036854775809 as unsigned)) as hex_unsigned;
+------------------+------------------+
| hex_signed       | hex_unsigned     |
+------------------+------------------+
| 8000000000000000 | 8000000000000000 |
+------------------+------------------+
1 row in set, 2 warnings (0.00 sec)


```
### 3. What did you see instead (Required)
```sql
mysql> select hex(quote(char(224)));
+-----------------------+
| hex(quote(char(224))) |
+-----------------------+
| 27EFBFBD27            |
+-----------------------+
1 row in set (0.00 sec)

mysql> select hex(quote(concat(char(224),char(227),char(230),char(231),char(232),char(234),char(235))));
+-------------------------------------------------------------------------------------------+
| hex(quote(concat(char(224),char(227),char(230),char(231),char(232),char(234),char(235)))) |
+-------------------------------------------------------------------------------------------+
| 27EFBFBDEFBFBDEFBFBDEFBFBDEFBFBDEFBFBDEFBFBD27                                            |
+-------------------------------------------------------------------------------------------+
1 row in set (0.00 sec)

mysql> select hex(-29223372036854775809) as hex_signed, hex(cast(-29223372036854775809 as unsigned)) as hex_unsigned;
+------------------+--------------+
| hex_signed       | hex_unsigned |
+------------------+--------------+
| 8000000000000000 | 0            |
+------------------+--------------+
1 row in set, 2 warnings (0.00 sec)


```
### 4. What is your TiDB version? (Required)

<!-- Paste the output of SELECT tidb_version() -->
```sql
| Release Version: v5.3.0
Edition: Community
Git Commit Hash: 4a1b2e9fe5b5afb1068c56de47adb07098d768d6
Git Branch: heads/refs/tags/v5.3.0
UTC Build Time: 2021-11-24 13:31:24
GoVersion: go1.16.5
Race Enabled: false
TiKV Min Version: v3.0.0-60965b006877ca7234adaced7890d7b029ed1306
Check Table Before Drop: false |
```
