ID: 30731
Title: Result difference in mysql and TIDB for string function substring and right
Description:
## Bug Report

Please answer these questions before submitting your issue. Thanks!

### 1. Minimal reproduce step (Required)

<!-- a step by step guide for reproducing the bug. -->
```sql
select right('hello', 18446744073709551615);
select substring('hello', 18446744073709551615, 1);
select substring('hello', 1, 18446744073709551615);
```
### 2. What did you expect to see? (Required)
```sql

mysql> select right('hello', 18446744073709551615);
+--------------------------------------+
| right('hello', 18446744073709551615) |
+--------------------------------------+
| hello                                |
+--------------------------------------+
1 row in set (0.01 sec)

mysql> select substring('hello', 18446744073709551615, 1);
+---------------------------------------------+
| substring('hello', 18446744073709551615, 1) |
+---------------------------------------------+
|                                             |
+---------------------------------------------+
1 row in set (0.00 sec)

mysql> select substring('hello', 1, 18446744073709551615);
+---------------------------------------------+
| substring('hello', 1, 18446744073709551615) |
+---------------------------------------------+
| hello                                       |
+---------------------------------------------+
1 row in set (0.00 sec)


```
### 3. What did you see instead (Required)
```sql

mysql> select right('hello', 18446744073709551615);
+--------------------------------------+
| right('hello', 18446744073709551615) |
+--------------------------------------+
|                                      |
+--------------------------------------+
1 row in set (0.00 sec)

mysql> select substring('hello', 18446744073709551615, 1);
+---------------------------------------------+
| substring('hello', 18446744073709551615, 1) |
+---------------------------------------------+
| o                                           |
+---------------------------------------------+
1 row in set (0.00 sec)

mysql> select substring('hello', 1, 18446744073709551615);
+---------------------------------------------+
| substring('hello', 1, 18446744073709551615) |
+---------------------------------------------+
|                                             |
+---------------------------------------------+
1 row in set (0.00 sec)
```
### 4. What is your TiDB version? (Required)

<!-- Paste the output of SELECT tidb_version() -->
```sql
| Release Version: v5.3.0
Edition: Community
Git Commit Hash: 4a1b2e9fe5b5afb1068c56de47adb07098d768d6
Git Branch: heads/refs/tags/v5.3.0
UTC Build Time: 2021-11-24 13:31:24
GoVersion: go1.16.5
Race Enabled: false
TiKV Min Version: v3.0.0-60965b006877ca7234adaced7890d7b029ed1306
Check Table Before Drop: false |
```
