ID: 30849
Title: TiDB returns a long error message instead of warning for Truncated incorrect DECIMAL value with insert 
Description:
## Bug Report
Please check ERROR 1292 (22007) message in TiDB, which is an ErrTruncatedWrongValue.

### 1. Minimal reproduce step 
```sql
DROP TABLE IF EXISTS t1;
SELECT 1 / .123456789123456789123456789123456789123456789123456789123456789123456789123456789 AS my_col_with_select;
CREATE TABLE t1 (my_col decimal(65,4));
INSERT INTO t1 SELECT 1 / .123456789123456789123456789123456789123456789123456789123456789123456789123456789 AS my_col;
SHOW WARNINGS;
SELECT my_col FROM t1;
DROP TABLE t1;
```

### 2. What did you expect to see? 
In MySQL5.7, 
```sql
mysql> SELECT 1 / .123456789123456789123456789123456789123456789123456789123456789123456789123456789 AS my_col_with_select;
+--------------------+
| my_col_with_select |
+--------------------+
|             8.1000 |
+--------------------+
1 row in set (0.01 sec)

mysql> CREATE TABLE t1 (my_col decimal(65,4));
Query OK, 0 rows affected (0.03 sec)

mysql> INSERT INTO t1 SELECT 1 / .123456789123456789123456789123456789123456789123456789123456789123456789123456789 AS my_col; 
Query OK, 1 row affected, 1 warning (0.00 sec)
Records: 1  Duplicates: 0  Warnings: 1

mysql> SHOW WARNINGS;
+-------+------+---------------------------------------------+
| Level | Code | Message                                     |
+-------+------+---------------------------------------------+
| Note  | 1265 | Data truncated for column 'my_col' at row 1 |
+-------+------+---------------------------------------------+
1 row in set (0.00 sec)

mysql> SELECT my_col FROM t1;
+--------+
| my_col |
+--------+
| 8.1000 |
+--------+
1 row in set (0.00 sec)
```

### 3. What did you see instead 
In TiDB,
```sql
mysql> SELECT 1 / .123456789123456789123456789123456789123456789123456789123456789123456789123456789 AS my_col_with_select;
+--------------------+
| my_col_with_select |
+--------------------+
|             8.1000 |
+--------------------+
1 row in set, 1 warning (0.00 sec)

mysql> CREATE TABLE t1 (my_col decimal(65,4));
Query OK, 0 rows affected (0.01 sec)

mysql> INSERT INTO t1 SELECT 1 / .123456789123456789123456789123456789123456789123456789123456789123456789123456789 AS my_col; 
ERROR 1292 (22007): Truncated incorrect DECIMAL value: '{%!s(int8=00000000000000000000000000000000000000000000000000000000000000000000000000000000000000000000000000000000000000000000000000000001) %!s(int8=00000000000000000000000000000000000000000000000000000000000000000000000000000000000000000000000000000000000000000000000000000072) %!s(int8=00000000000000000000000000000000000000000000000000000000000000000000000000000000000000000000000000000000000000000000000000000004) %!s(bool=false) [%!s(int32=000000000000000000000000000000

```

### 4. What is your TiDB version? 

```sql
tidb_version(): Release Version: v5.4.0-alpha-295-g7acb80f12
Edition: Community
Git Commit Hash: 7acb80f125b7fc0dfdd62014c6b68190f858b4f9
Git Branch: master
UTC Build Time: 2021-12-02 05:17:43
GoVersion: go1.17.2
Race Enabled: false
TiKV Min Version: v3.0.0-60965b006877ca7234adaced7890d7b029ed1306
Check Table Before Drop: true
```

