ID: 30987
Title: Wrong result of correlated subquery
Description:
## Bug Report

Please answer these questions before submitting your issue. Thanks!

### 1. Minimal reproduce step (Required)

<!-- a step by step guide for reproducing the bug. -->

    drop table if exists t1, t2;
    create table t1  (c_int int, c_str varchar(40), c_datetime datetime, c_decimal decimal(12, 6), primary key(c_int), key(c_int), key(c_str), unique key(c_decimal), key(c_datetime));
    create table t2  like t1 ;
    insert into t1 (c_int, c_str, c_datetime, c_decimal) values (6, 'sharp payne', '2020-06-07 10:40:39', 6.117000) , (7, 'objective kare', '2020-02-05 18:47:26', 1.053000) , (8, 'thirsty pasteur', '2020-01-02 13:06:56', 2.506000) , (9, 'blissful wilbur', '2020-06-04 11:34:04', 9.144000) ,     (10, 'reverent mclean', '2020-02-12 07:36:26', 7.751000) ;
    insert into t2 (c_int, c_str, c_datetime, c_decimal) values (6, 'beautiful joliot', '2020-01-16 01:44:37', 5.627000) ,
    (7, 'hopeful blackburn', '2020-05-23 21:44:20', 7.890000) , (8, 'ecstatic davinci', '2020-02-01 12:27:17', 5.648000) , (9, 'hopeful lewin', '2020-05-05 05:58:25', 7.288000) , (10, 'sharp jennings', '2020-01-28 04:35:03', 9.758000) ;
    
    select * from t1 where c_decimal > all (select c_decimal from t2 where t1.c_int = t2.c_int and t1.c_datetime < t2.c_datetime and t2.c_decimal = 5.648000 or t2.c_str >= 'ZZZZZZZZZZZZZZ' and t1.c_int = t2.c_int);
### 2. What did you expect to see? (Required)
MySQL 8.0.23

    mysql> select * from t1 where c_decimal > all (select c_decimal from t2 where t1.c_int = t2.c_int and t1.c_datetime < t2.c_datetime and t2.c_decimal = 5.648000 or t2.c_str >= 'ZZZZZZZZZZZZZZ' and t1.c_int = t2.c_int);
    +-------+-----------------+---------------------+-----------+
    | c_int | c_str           | c_datetime          | c_decimal |
    +-------+-----------------+---------------------+-----------+
    |     6 | sharp payne     | 2020-06-07 10:40:39 |  6.117000 |
    |     7 | objective kare  | 2020-02-05 18:47:26 |  1.053000 |
    |     9 | blissful wilbur | 2020-06-04 11:34:04 |  9.144000 |
    |    10 | reverent mclean | 2020-02-12 07:36:26 |  7.751000 |
    +-------+-----------------+---------------------+-----------+
    4 rows in set (0.01 sec)
### 3. What did you see instead (Required)
TiDB

    mysql> select * from t1 where c_decimal > all (select c_decimal from t2 where t1.c_int = t2.c_int and t1.c_datetime < t2.c_datetime and t2.c_decimal = 5.648000 or t2.c_str >= 'ZZZZZZZZZZZZZZ' and t1.c_int = t2.c_int);
    +-------+-----------------+---------------------+-----------+
    | c_int | c_str           | c_datetime          | c_decimal |
    +-------+-----------------+---------------------+-----------+
    |     6 | sharp payne     | 2020-06-07 10:40:39 |  6.117000 |
    |     9 | blissful wilbur | 2020-06-04 11:34:04 |  9.144000 |
    +-------+-----------------+---------------------+-----------+
    2 rows in set (0.00 sec)
### 4. What is your TiDB version? (Required)

    mysql> select tidb_version();
    +----------------------------------------------------------------------------------------------------------------------------------------------------------------------------------------------------------------------------------------------------------------------------------------------------------------------------+
    | tidb_version()
                              |
    +----------------------------------------------------------------------------------------------------------------------------------------------------------------------------------------------------------------------------------------------------------------------------------------------------------------------------+
    | Release Version: v5.4.0-alpha-498-g404895c04a
    Edition: Community
    Git Commit Hash: 404895c04a5183d6bf759cc910e642475f4f9f2b
    Git Branch: master
    UTC Build Time: 2021-12-23 15:12:45
    GoVersion: go1.16.4
    Race Enabled: false
    TiKV Min Version: v3.0.0-60965b006877ca7234adaced7890d7b029ed1306
    Check Table Before Drop: false |
    +----------------------------------------------------------------------------------------------------------------------------------------------------------------------------------------------------------------------------------------------------------------------------------------------------------------------------+
    1 row in set (0.00 sec)
<!-- Paste the output of SELECT tidb_version() -->

