ID: 31050
Title: REGION_ID=xxx does not work on table INFORMATION_SCHEMA.TIKV_REGION_PEERS 
Description:
## Bug Report

Please answer these questions before submitting your issue. Thanks!

### 1. Minimal reproduce step (Required)

```
select * from INFORMATION_SCHEMA.TIKV_REGION_PEERS  where REGION_ID=123123123;
```

### 2. What did you expect to see? (Required)

Should return 0 rows if REGION_ID not exists

```
mysql> select * from INFORMATION_SCHEMA.TIKV_REGION_PEERS  where REGION_ID=123123123;
0 rows in set (0.00 sec)
```

### 3. What did you see instead (Required)

```
mysql> select * from INFORMATION_SCHEMA.TIKV_REGION_PEERS  where REGION_ID=123123123;
+-----------+---------+----------+------------+-----------+--------+--------------+
| REGION_ID | PEER_ID | STORE_ID | IS_LEARNER | IS_LEADER | STATUS | DOWN_SECONDS |
+-----------+---------+----------+------------+-----------+--------+--------------+
|      1153 |    1154 |        1 |          0 |         1 | NORMAL |         NULL |
|      1158 |    1159 |        1 |          0 |         1 | NORMAL |         NULL |
|      1158 |    1160 |        2 |          0 |         0 | NORMAL |         NULL |
|      1005 |    1006 |        1 |          0 |         1 | NORMAL |         NULL |
|      1155 |    1156 |        1 |          0 |         1 | NORMAL |         NULL |
|      1155 |    1157 |        2 |          0 |         0 | NORMAL |         NULL |
|      1007 |    1008 |        1 |          0 |         0 | NORMAL |         NULL |
|      1007 |    1009 |        2 |          0 |         1 | NORMAL |         NULL |
|         3 |       4 |        1 |          0 |         1 | NORMAL |         NULL |
+-----------+---------+----------+------------+-----------+--------+--------------+
9 rows in set (0.00 sec)
```

The plan seems not right:

```
mysql> explain select * from INFORMATION_SCHEMA.TIKV_REGION_PEERS  where REGION_ID=123123123;
+----------------+----------+------+-------------------------+------------------------+
| id             | estRows  | task | access object           | operator info          |
+----------------+----------+------+-------------------------+------------------------+
| MemTableScan_5 | 10000.00 | root | table:TIKV_REGION_PEERS | region_ids:[123123123] |
+----------------+----------+------+-------------------------+------------------------+
1 row in set (0.00 sec)
```


### 4. What is your TiDB version? (Required)

<!-- Paste the output of SELECT tidb_version() -->

master

```
mysql> select tidb_version();
+-----------------------------------------------------------------------------------------------------------------------------------------------------------------------------------------------------------------------------------------------+
| tidb_version()                                                                                                                                                                                                                                |
+-----------------------------------------------------------------------------------------------------------------------------------------------------------------------------------------------------------------------------------------------+
| Release Version: None
Edition: Community
Git Commit Hash: None
Git Branch: None
UTC Build Time: None
GoVersion: go1.16.3
Race Enabled: false
TiKV Min Version: v3.0.0-60965b006877ca7234adaced7890d7b029ed1306
Check Table Before Drop: false |
+-----------------------------------------------------------------------------------------------------------------------------------------------------------------------------------------------------------------------------------------------+
```
