ID: 31156
Title: cast str as datetime is not compatible with mysql 8
Description:
## Bug Report

Please answer these questions before submitting your issue. Thanks!

### 1. Minimal reproduce step (Required)

<!-- a step by step guide for reproducing the bug. -->

### 2. What did you expect to see? (Required)
mysql
```
mysql> select cast('111' as datetime);
+-------------------------+
| cast('111' as datetime) |
+-------------------------+
| NULL                    |
+-------------------------+
1 row in set, 1 warning (0.00 sec)

mysql> select cast('111.1' as datetime);
+---------------------------+
| cast('111.1' as datetime) |
+---------------------------+
| 2011-01-01 00:00:00       |
+---------------------------+
1 row in set (0.00 sec)
```
### 3. What did you see instead (Required)
tidb
```
mysql> select cast('111.1' as datetime);
+---------------------------+
| cast('111.1' as datetime) |
+---------------------------+
| NULL                      |
+---------------------------+
1 row in set, 1 warning (0.00 sec)

mysql> select cast('111' as datetime);
+-------------------------+
| cast('111' as datetime) |
+-------------------------+
| NULL                    |
+-------------------------+
```
1 row in set, 1 warning (0.00 sec)
### 4. What is your TiDB version? (Required)

<!-- Paste the output of SELECT tidb_version() -->
master
