ID: 31165
Title: TiDB doesn't give an error or warning for out of range in degrees function
Description:
## Bug Report

DEGREES() function converts radians to degrees. Please provide an out of range error for the case.

### 1. Minimal reproduce step 
```sql
SELECT DEGREES(1e307);
```

### 2. What did you expect to see? 
In MySQL,
```sql
mysql> SELECT DEGREES(1e307);
ERROR 1690 (22003): DOUBLE value is out of range in 'degrees(1e307)'
```

### 3. What did you see instead 
In TiDB,
```sql
mysql> SELECT DEGREES(1e307);
+----------------+
| DEGREES(1e307) |
+----------------+
|              0 |
+----------------+
1 row in set (0.01 sec)
```

### 4. What is your TiDB version? 
```sql
tidb_Version(): Release Version: v5.4.0-alpha-459-g87ab28ebb-dirty
Edition: Community
Git Commit Hash: 87ab28ebb2ac87b6e8d7c252187338c517598318
Git Branch: master
UTC Build Time: 2021-12-20 19:44:29
GoVersion: go1.17.2
Race Enabled: false
TiKV Min Version: v3.0.0-60965b006877ca7234adaced7890d7b029ed1306
Check Table Before Drop: false
1 row in set (0.00 sec)
```
