ID: 31163
Title: INTERVAL expr unit is permitted on either side of the + operator in mysql but TiDB is permitting only on the right side.
Description:
## Bug Report

Please answer these questions before submitting your issue. Thanks!

### 1. Minimal reproduce step (Required)
```sql
SELECT '2018-12-31 23:59:59' + INTERVAL 1 SECOND;
SELECT INTERVAL 1 DAY + '2018-12-31';
```

### 2. What did you expect to see? (Required)
```sql
mysql> SELECT '2018-12-31 23:59:59' + INTERVAL 1 SECOND;
+-------------------------------------------+
| '2018-12-31 23:59:59' + INTERVAL 1 SECOND |
+-------------------------------------------+
| 2019-01-01 00:00:00                       |
+-------------------------------------------+
1 row in set (0.00 sec)

mysql> SELECT INTERVAL 1 DAY + '2018-12-31';
+-------------------------------+
| INTERVAL 1 DAY + '2018-12-31' |
+-------------------------------+
| 2019-01-01                    |
+-------------------------------+
1 row in set (0.00 sec)
```
### 3. What did you see instead (Required)
```sql
mysql> SELECT '2018-12-31 23:59:59' + INTERVAL 1 SECOND;
+-------------------------------------------+
| '2018-12-31 23:59:59' + INTERVAL 1 SECOND |
+-------------------------------------------+
| 2019-01-01 00:00:00                       |
+-------------------------------------------+
1 row in set (0.00 sec)

mysql> SELECT INTERVAL 1 DAY + '2018-12-31';
ERROR 1064 (42000): You have an error in your SQL syntax; check the manual that corresponds to your TiDB version for the right syntax to use line 1 column 17 near "1 DAY + '2018-12-31'" 
```
### 4. What is your TiDB version? (Required)
```sql
| Release Version: v5.4.0-alpha-264-g6efa36df6
Edition: Community
Git Commit Hash: 6efa36df6cff325106f67ecfe3d79816ba37ca6a
Git Branch: master
UTC Build Time: 2021-12-28 02:03:55
GoVersion: go1.17.2
Race Enabled: false
TiKV Min Version: v3.0.0-60965b006877ca7234adaced7890d7b029ed1306
Check Table Before Drop: false |
```

