ID: 31284
Title: "not between" return wrong result
Description:
## Bug Report

Please answer these questions before submitting your issue. Thanks!

### 1. Minimal reproduce step (Required)

<!-- a step by step guide for reproducing the bug. -->
use tikv to reproduce and new_collations_enabled_on_first_bootstrap = true
```
use test; 
source [test.txt](https://github.com/pingcap/tidb/files/7806074/test.txt);

SELECT count(*) FROM IDT_27039 AS T1 JOIN IDT_27039 AS T2 ON T1.COL1=T2.COL1;
SELECT count(*) FROM IDT_27039 AS T1 JOIN IDT_27039 AS T2 ON T1.COL1=T2.COL1 WHERE T1.COL1 NOT BETWEEN 'W' AND 'j';
```
### 2. What did you expect to see? (Required)
```
mysql> SELECT count(*) FROM IDT_27039 AS T1 JOIN IDT_27039 AS T2 ON T1.COL1=T2.COL1;
+----------+
| count(*) |
+----------+
|      104 |
+----------+
1 row in set (0.00 sec)

mysql> SELECT count(*) FROM IDT_27039 AS T1 JOIN IDT_27039 AS T2 ON T1.COL1=T2.COL1 WHERE T1.COL1 NOT BETWEEN 'W' AND 'j';
+----------+
| count(*) |
+----------+
|      104 |
+----------+
1 row in set (0.00 sec)
```

### 3. What did you see instead (Required)
```
mysql> SELECT count(*) FROM IDT_27039 AS T1 JOIN IDT_27039 AS T2 ON T1.COL1=T2.COL1;
+----------+
| count(*) |
+----------+
|      104 |
+----------+
1 row in set (0.00 sec)

mysql> SELECT count(*) FROM IDT_27039 AS T1 JOIN IDT_27039 AS T2 ON T1.COL1=T2.COL1 WHERE T1.COL1 NOT BETWEEN 'W' AND 'j';
+----------+
| count(*) |
+----------+
|      107 |
+----------+
1 row in set (0.00 sec)
```
### 4. What is your TiDB version? (Required)

<!-- Paste the output of SELECT tidb_version() -->
```
Release Version: v5.4.0
Edition: Community
Git Commit Hash: 974b5784adbbd47d14659916d47dd986effa7b4e
Git Branch: heads/refs/tags/v5.4.0
UTC Build Time: 2022-01-02 10:03:00
GoVersion: go1.16.4
Race Enabled: false
TiKV Min Version: v3.0.0-60965b006877ca7234adaced7890d7b029ed1306
Check Table Before Drop: false
```
