ID: 31281
Title: point-get by binary literal string returns empty result
Description:
## Bug Report

Please answer these questions before submitting your issue. Thanks!

### 1. Minimal reproduce step (Required)

```sql
drop table if exists t;
create table t (a varchar(255) charset gbk primary key /*T![clustered_index] clustered */, b int);
insert into t values ('你好', 1);
explain select * from t where a = 0xC4E3BAC3; -- 0xC4E3BAC3 is the word '你好' in GBK.
select * from t where a = 0xC4E3BAC3;
```

<!-- a step by step guide for reproducing the bug. -->

### 2. What did you expect to see? (Required)
```sql
mysql> explain select * from t where a = 0xC4E3BAC3;
+-------------+---------+------+---------------------------+---------------+
| id          | estRows | task | access object             | operator info |
+-------------+---------+------+---------------------------+---------------+
| Point_Get_5 | 1.00    | root | table:t, index:PRIMARY(a) |               |
+-------------+---------+------+---------------------------+---------------+
1 row in set (0.00 sec)

mysql> select * from t where a = 0xC4E3BAC3;
+--------+------+
| a      | b    |
+--------+------+
| 你好   |    1 |
+--------+------+
1 row in set (0.00 sec)
```

### 3. What did you see instead (Required)

```sql
mysql> explain select * from t where a = 0xC4E3BAC3;
+-------------+---------+------+---------------+---------------+
| id          | estRows | task | access object | operator info |
+-------------+---------+------+---------------+---------------+
| TableDual_2 | 0.00    | root |               | rows:0        |
+-------------+---------+------+---------------+---------------+
1 row in set (0.00 sec)

mysql> select * from t where a = 0xC4E3BAC3;
Empty set (0.00 sec)
```

### 4. What is your TiDB version? (Required)

<!-- Paste the output of SELECT tidb_version() -->
e50e03c92
