ID: 31320
Title: The collation of `JSON` is inconsistent with MySQL when process with builtin func
Description:
## Bug Report

Please answer these questions before submitting your issue. Thanks!

### 1. Minimal reproduce step (Required)

```mysql
create table t (a char(20), b blob(100), c binary(100), d json, e timestamp, f set('a一','b二','c三','d四'), g text, h enum('a一','b二','c三','d四') default 'c三');
insert into t values ('abcABC一二三abcABC', 'abcABC一二三abcABC', 0xe2e2, '{"abcABC一二三abcABC": "abcABC一二三abcABC"}', '2018-10-13', 1, 'abcABC一二三abcABC', 'a一');
select lpad(d, 5, 0xE4B880) from t;
select rpad(d, 5, 0xE4B880) from t;
```

### 2. What did you expect to see? (Required)

``` mysql
mysql> select lpad(d, 5, 0xE4B880) from t;
+----------------------+
| lpad(d, 5, 0xE4B880) |
+----------------------+
| {"abc                |
+----------------------+
1 row in set (0.00 sec)

mysql> select rpad(d, 5, 0xE4B880) from t;
+----------------------+
| rpad(d, 5, 0xE4B880) |
+----------------------+
| {"abc                |
+----------------------+
1 row in set (0.00 sec)
```

### 3. What did you see instead (Required)

``` mysql
mysql> select lpad(d, 5, 0xE4B880) from t;
+--------------------------------------------+
| lpad(d, 5, 0xE4B880)                       |
+--------------------------------------------+
| 0x7B22616263                               |
+--------------------------------------------+
1 row in set (0.00 sec)

mysql> select rpad(d, 5, 0xE4B880) from t;
+--------------------------------------------+
| rpad(d, 5, 0xE4B880)                       |
+--------------------------------------------+
| 0x7B22616263                               |
+--------------------------------------------+
1 row in set (0.00 sec)
```

### 4. What is your TiDB version? (Required)

<!-- Paste the output of SELECT tidb_version() -->

