ID: 31366
Title: The inserted result is different with json type in gbk
Description:
## Bug Report

Please answer these questions before submitting your issue. Thanks!

### 1. Minimal reproduce step (Required)

<!-- a step by step guide for reproducing the bug. -->
```
set names gbk;
set character_set_connection = utf8mb4;
drop table t;
create table t(a varchar(32), b blob(32), t text(32), j json, d datetime, f set('你好','世界'), e enum('红色','橙色'), index idx(b(16), d)) CHARSET=gbk COLLATE=gbk_bin;
insert into t values("\t","\t","\t",'{"点赞": "你好"}',"2018-10-13", "世界", "红色");
select * from t;

set names gbk;
set character_set_client = utf8mb4;
drop table t1;
create table t1(a varchar(32), b blob(32), t text(32), j json, d datetime, f set('你好','世界'), e enum('红色','橙色'), index idx(b(16), d)) CHARSET=gbk COLLATE=gbk_bin;
insert into t1 values("\t","\t","\t",'{"点赞": "你好"}',"2018-10-13", "世界", "红色");
select * from t1;
```

### 2. What did you expect to see? (Required)
```
mysql> select * from t;
+------+------+------+----------------------+---------------------+--------+--------+
| a    | b    | t    | j                    | d                   | f      | e      |
+------+------+------+----------------------+---------------------+--------+--------+
| 	    | 	    | 	    | {"点赞": "你好"}     | 2018-10-13 00:00:00 | 世界   | 红色   |
+------+------+------+----------------------+---------------------+--------+--------+
1 row in set (0.00 sec)

mysql> select * from t1;
+------+------+------+------------------+---------------------+------+------+
| a    | b    | t    | j                | d                   | f    | e    |
+------+------+------+------------------+---------------------+------+------+
| 	    | 	    | 	    | {"����": "���"}         | 2018-10-13 00:00:00 | ����     | ��ɫ    |
+------+------+------+------------------+---------------------+------+------+
1 row in set (0.01 sec)
```

### 3. What did you see instead (Required)
```
tidb> select * from t;
+------+------+------+----------------------------+---------------------+--------+--------+
| a    | b    | t    | j                          | d                   | f      | e      |
+------+------+------+----------------------------+---------------------+--------+--------+
| 	    | 	    | 	    | {"鐐硅禐": "浣犲ソ"}       | 2018-10-13 00:00:00 | 世界   | 红色   |
+------+------+------+----------------------------+---------------------+--------+--------+
1 row in set (0.00 sec)

tidb> select * from t1;
+------+------+------+----------------------------------+---------------------+------+------+
| a    | b    | t    | j                                | d                   | f    | e    |
+------+------+------+----------------------------------+---------------------+------+------+
| 	    | 	    | 	    | {"����": "����"}                 | 2018-10-13 00:00:00 | ����     | ��ɫ    |
+------+------+------+----------------------------------+---------------------+------+------+
1 row in set (0.01 sec)
```

### 4. What is your TiDB version? (Required)

<!-- Paste the output of SELECT tidb_version() -->
```
| Release Version: v5.5.0-alpha-27-g9acb2c2ad-dirty
Edition: Community
Git Commit Hash: 9acb2c2ad5a3891fd9fb9de27befb986bcc243a7
Git Branch: master
UTC Build Time: 2022-01-05 08:16:38
```
