ID: 31488
Title: wrong result if character_set_results is gbk
Description:
## Bug Report

Please answer these questions before submitting your issue. Thanks!

### 1. Minimal reproduce step (Required)

<!-- a step by step guide for reproducing the bug. -->
```sql
set names utf8mb4;
drop table if exists t;
create table t(a blob, b char(10));
insert into t values (0x61, '啊');
insert into t values (0x61, '一');
set names gbk;
select * from t;
```

### 2. What did you expect to see? (Required)

```sql
mysql> select * from t;
+------------+------+
| a          | b    |
+------------+------+
| 0x61       | ��     |
| 0x61       | һ    |
+------------+------+
2 rows in set (0.01 sec)
```

### 3. What did you see instead (Required)

```sql
mysql> select * from t;
+------------+------+
| a          | b    |
+------------+------+
| 0x61       | ��     |
| 0xA1       | һ    |
+------------+------+
2 rows in set (0.00 sec)
```

### 4. What is your TiDB version? (Required)

<!-- Paste the output of SELECT tidb_version() -->

