ID: 31530
Title: Wrong result for `select ... for update union select ...`
Description:
## Bug Report

Please answer these questions before submitting your issue. Thanks!

### 1. Minimal reproduce step (Required)

```sql
create table t1(a int); -- init
begin pessimistic; -- session1
select * from t1; -- session1
           insert into t1 values(1); --- session2
(select * from t1 for update) union all (select * from t1); -- session1
```

### 2. What did you expect to see? (Required)

```
mysql> select * from t1;
Empty set (0.00 sec)

mysql> (select * from t1 for update) union all (select * from t1);
+------+
| a    |
+------+
|    1 |
+------+
2 rows in set (0.00 sec)
```

### 3. What did you see instead (Required)

```
mysql> select * from t1;
Empty set (0.00 sec)

mysql> (select * from t1 for update) union all (select * from t1);
+------+
| a    |
+------+
|    1 |
|    1 |
+------+
2 rows in set (0.00 sec)
```

### 4. What is your TiDB version? (Required)

<!-- Paste the output of SELECT tidb_version() -->

master

```
mysql> select tidb_version();
+-----------------------------------------------------------------------------------------------------------------------------------------------------------------------------------------------------------------------------------------------+
| tidb_version()                                                                                                                                                                                                                                |
+-----------------------------------------------------------------------------------------------------------------------------------------------------------------------------------------------------------------------------------------------+
| Release Version: None
Edition: Community
Git Commit Hash: None
Git Branch: None
UTC Build Time: None
GoVersion: go1.16.3
Race Enabled: false
TiKV Min Version: v3.0.0-60965b006877ca7234adaced7890d7b029ed1306
Check Table Before Drop: false |
+-----------------------------------------------------------------------------------------------------------------------------------------------------------------------------------------------------------------------------------------------+
```
