ID: 31586
Title: Tidb is not tracking table_rows for partitons in information_schema
Description:
## Bug Report

Please answer these questions before submitting your issue. Thanks!

### 1. Minimal reproduce step (Required)
```sql
drop table if exists t1;
create table t1 (a int,b int,c int,key(a,b))
partition by range (a)
partitions 3
(partition x1 values less than (0),
 partition x2 values less than (10),
 partition x3 values less than maxvalue);

insert into t1 values (NULL, 1, 1);
insert into t1 values (0, 1, 1);
insert into t1 values (12, 1, 1);

select partition_name, partition_description, table_rows,table_name
from information_schema.partitions where table_schema ='test' and table_name= 't1';
```

### 2. What did you expect to see? (Required)
```sql
mysql> select partition_name, partition_description, table_rows,table_name
    -> from information_schema.partitions where table_schema ='test' and table_name= 't1';
+----------------+-----------------------+------------+------------+
| partition_name | partition_description | table_rows | table_name |
+----------------+-----------------------+------------+------------+
| x1             | 0                     |          1 | t1         |
| x2             | 10                    |          1 | t1         |
| x3             | MAXVALUE              |          1 | t1         |
+----------------+-----------------------+------------+------------+
3 rows in set (0.00 sec)
```
### 3. What did you see instead (Required)
```sql
mysql> select partition_name, partition_description, table_rows,table_name
    -> from information_schema.partitions where table_schema ='test' and table_name= 't1';
+----------------+-----------------------+------------+------------+
| partition_name | partition_description | table_rows | table_name |
+----------------+-----------------------+------------+------------+
| x1             | 0                     |          0 | t1         |
| x2             | 10                    |          0 | t1         |
| x3             | MAXVALUE              |          0 | t1         |
+----------------+-----------------------+------------+------------+
3 rows in set (0.00 sec)
```
### 4. What is your TiDB version? (Required)

```sql
| Release Version: v5.4.0-alpha-264-g6efa36df6
Edition: Community
Git Commit Hash: 6efa36df6cff325106f67ecfe3d79816ba37ca6a
Git Branch: master
UTC Build Time: 2021-12-28 02:03:55
GoVersion: go1.17.2
Race Enabled: false
TiKV Min Version: v3.0.0-60965b006877ca7234adaced7890d7b029ed1306
Check Table Before Drop: false |
```

