ID: 31631
Title: Convert function returns wrong data type  
Description:
## Bug Report

Please answer these questions before submitting your issue. Thanks!

### 1. Minimal reproduce step (Required)

<!-- a step by step guide for reproducing the bug. -->
```sql
set names utf8mb4 collate utf8mb4_general_ci;
select 'G�nter Andr�' like 'G�NTER%'; -- true in tidb and mysql
SELECT convert('G�nter Andr�' using utf8mb4) like CONVERT('G�NTER%' USING utf8mb4); -- true in mysql, false in tidb
```

### 2. What did you expect to see? (Required)
```sql
mysql> set names utf8mb4 collate utf8mb4_general_ci;
Query OK, 0 rows affected (0.00 sec)

mysql> select 'G�nter Andr�' like 'G�NTER%'; -- true in tidb and mysql
+-------------------------------------+
| 'G�nter Andr�' like 'G�NTER%'       |
+-------------------------------------+
|                                   1 |
+-------------------------------------+
1 row in set (0.00 sec)

mysql> SELECT convert('G�nter Andr�' using utf8mb4) like CONVERT('G�NTER%' USING utf8mb4); -- true in mysql, false in tidb
+-----------------------------------------------------------------------------------+
| convert('G�nter Andr�' using utf8mb4) like CONVERT('G�NTER%' USING utf8mb4)       |
+-----------------------------------------------------------------------------------+
|                                                                                 1 |
+-----------------------------------------------------------------------------------+
1 row in set (0.00 sec)
```
### 3. What did you see instead (Required)
```sql

mysql> set names utf8mb4 collate utf8mb4_general_ci;
Query OK, 0 rows affected (0.00 sec)

mysql> select 'G�nter Andr�' like 'G�NTER%'; -- true in tidb and mysql
+-------------------------------------+
| 'G�nter Andr�' like 'G�NTER%'       |
+-------------------------------------+
|                                   1 |
+-------------------------------------+
1 row in set (0.00 sec)

mysql> SELECT convert('G�nter Andr�' using utf8mb4) like CONVERT('G�NTER%' USING utf8mb4); -- true in mysql, false in tidb
+-----------------------------------------------------------------------------------+
| convert('G�nter Andr�' using utf8mb4) like CONVERT('G�NTER%' USING utf8mb4)       |
+-----------------------------------------------------------------------------------+
|                                                                                 0 |
+-----------------------------------------------------------------------------------+
1 row in set (0.00 sec)

```
### 4. What is your TiDB version? (Required)

<!-- Paste the output of SELECT tidb_version() -->
```sql
| Release Version: v5.5.0-alpha-60-g8c70432b0-dirty
Edition: Community
Git Commit Hash: 8c70432b000d648e9ea26cc57a7fe79d2e67d341
Git Branch: master
UTC Build Time: 2022-01-07 17:47:06
GoVersion: go1.16.9
Race Enabled: false
TiKV Min Version: v3.0.0-60965b006877ca7234adaced7890d7b029ed1306
Check Table Before Drop: false |

```
