ID: 31679
Title: Character set introducer followed by a HEX string is returning different result in tidb
Description:
## Bug Report

Please answer these questions before submitting your issue. Thanks!

### 1. Minimal reproduce step (Required)

<!-- a step by step guide for reproducing the bug. -->
```sql
set sql_mode=traditional;
select hex(_utf8mb4 0x616263FF);
select hex(_utf8mb4 X'616263FF');
select hex(_utf8mb4 B'001111111111');
select (_utf8mb4 X'616263FF');
set sql_mode=default;
select hex(_utf8mb4 0x616263FF);
select hex(_utf8mb4 X'616263FF');
select hex(_utf8mb4 B'001111111111');
select (_utf8mb4 X'616263FF');

select hex(convert(char(2557 using latin1) using utf8mb4)); -- Check convert + char + using

```
### 2. What did you expect to see? (Required)
```sql
mysql> set sql_mode=traditional;
Query OK, 0 rows affected (0.01 sec)

mysql> select hex(_utf8mb4 0x616263FF);
ERROR 1300 (HY000): Invalid utf8mb4 character string: 'FF'
mysql> select hex(_utf8mb4 X'616263FF');
ERROR 1300 (HY000): Invalid utf8mb4 character string: 'FF'
mysql> select hex(_utf8mb4 B'001111111111');
ERROR 1300 (HY000): Invalid utf8mb4 character string: 'FF'
mysql> select (_utf8mb4 X'616263FF');
ERROR 1300 (HY000): Invalid utf8mb4 character string: 'FF'
mysql> set sql_mode=default;
Query OK, 0 rows affected (0.00 sec)

mysql> select hex(_utf8mb4 0x616263FF);
ERROR 1300 (HY000): Invalid utf8mb4 character string: 'FF'
mysql> select hex(_utf8mb4 X'616263FF');
ERROR 1300 (HY000): Invalid utf8mb4 character string: 'FF'
mysql> select hex(_utf8mb4 B'001111111111');
ERROR 1300 (HY000): Invalid utf8mb4 character string: 'FF'
mysql> select (_utf8mb4 X'616263FF');
ERROR 1300 (HY000): Invalid utf8mb4 character string: 'FF'

mysql> select hex(convert(char(2557 using latin1) using utf8mb4));
+-----------------------------------------------------+
| hex(convert(char(2557 using latin1) using utf8mb4)) |
+-----------------------------------------------------+
| 09C3BD                                              |
+-----------------------------------------------------+
1 row in set (0.00 sec)
```
### 3. What did you see instead (Required)
```sql

mysql> set sql_mode=traditional;
Query OK, 0 rows affected (0.00 sec)

mysql> select hex(_utf8mb4 0x616263FF);
+--------------------------+
| hex(_utf8mb4 0x616263FF) |
+--------------------------+
| 616263FF                 |
+--------------------------+
1 row in set (0.00 sec)

mysql> select hex(_utf8mb4 X'616263FF');
+---------------------------+
| hex(_utf8mb4 X'616263FF') |
+---------------------------+
| 616263FF                  |
+---------------------------+
1 row in set (0.00 sec)

mysql> select hex(_utf8mb4 B'001111111111');
+-------------------------------+
| hex(_utf8mb4 B'001111111111') |
+-------------------------------+
| 03FF                          |
+-------------------------------+
1 row in set (0.00 sec)

mysql> select (_utf8mb4 X'616263FF');
+------------------------+
| (_utf8mb4 X'616263FF') |
+------------------------+
| abc?                    |
+------------------------+
1 row in set (0.00 sec)

mysql> set sql_mode=default;
Query OK, 0 rows affected (0.01 sec)

mysql> select hex(_utf8mb4 0x616263FF);
+--------------------------+
| hex(_utf8mb4 0x616263FF) |
+--------------------------+
| 616263FF                 |
+--------------------------+
1 row in set (0.00 sec)

mysql> select hex(_utf8mb4 X'616263FF');
+---------------------------+
| hex(_utf8mb4 X'616263FF') |
+---------------------------+
| 616263FF                  |
+---------------------------+
1 row in set (0.00 sec)

mysql> select hex(_utf8mb4 B'001111111111');
+-------------------------------+
| hex(_utf8mb4 B'001111111111') |
+-------------------------------+
| 03FF                          |
+-------------------------------+
1 row in set (0.00 sec)

mysql> select (_utf8mb4 X'616263FF');
+------------------------+
| (_utf8mb4 X'616263FF') |
+------------------------+
| abc?                    |
+------------------------+
1 row in set (0.00 sec)

mysql> select hex(convert(char(2557 using latin1) using utf8mb4));
+-----------------------------------------------------+
| hex(convert(char(2557 using latin1) using utf8mb4)) |
+-----------------------------------------------------+
| 093F                                                |
+-----------------------------------------------------+
1 row in set (0.00 sec)
```
### 4. What is your TiDB version? (Required)

<!-- Paste the output of SELECT tidb_version() -->
```sql
| Release Version: v5.5.0-alpha-60-g8c70432b0-dirty
Edition: Community
Git Commit Hash: 8c70432b000d648e9ea26cc57a7fe79d2e67d341
Git Branch: master
UTC Build Time: 2022-01-07 17:47:06
GoVersion: go1.16.9
Race Enabled: false
TiKV Min Version: v3.0.0-60965b006877ca7234adaced7890d7b029ed1306
Check Table Before Drop: false |

```
