ID: 31719
Title: An empty set is returned when the error happens.
Description:
## Bug Report

Please answer these questions before submitting your issue. Thanks!

### 1. Minimal reproduce step (Required)
```sql
DROP TABLE IF EXISTS t0;
CREATE TABLE IF NOT EXISTS t0(c0 INT);
INSERT INTO t0(c0) VALUES (1);
SELECT c0 FROM t0 WHERE 0 NOT REGEXP('[');
SHOW WARNINGS;
```
<!-- a step by step guide for reproducing the bug. -->

### 2. What did you expect to see? (Required)
```sql
mysql> SHOW WARNINGS;
+-------+------+----------------------------------------------+
| Level | Code | Message                                      |
+-------+------+----------------------------------------------+
| Error | 1105 | error parsing regexp: missing closing ]: `[` |
+-------+------+----------------------------------------------+
1 row in set (0.00 sec)
```
### 3. What did you see instead (Required)
```sql
mysql> SHOW WARNINGS;
Empty set (0.00 sec)
```
### 4. What is your TiDB version? (Required)
mysql> SELECT tidb_version();
+----------------------------------------------------------------------------------------------------------------------------------------------------------------------------------------------------------------------------------------------------------------------------------------------------------------------+
| tidb_version()

                                   |
+----------------------------------------------------------------------------------------------------------------------------------------------------------------------------------------------------------------------------------------------------------------------------------------------------------------------+
| Release Version: v5.3.0
Edition: Community
Git Commit Hash: 4a1b2e9fe5b5afb1068c56de47adb07098d768d6
Git Branch: heads/refs/tags/v5.3.0
UTC Build Time: 2021-11-24 13:32:39
GoVersion: go1.16.4
Race Enabled: false
TiKV Min Version: v3.0.0-60965b006877ca7234adaced7890d7b029ed1306
Check Table Before Drop: false |
+----------------------------------------------------------------------------------------------------------------------------------------------------------------------------------------------------------------------------------------------------------------------------------------------------------------------+
1 row in set (0.00 sec)
<!-- Paste the output of SELECT tidb_version() -->

