ID: 31711
Title: Triple count on float/double column
Description:
## Bug Report

Please answer these questions before submitting your issue. Thanks!

### 1. Minimal reproduce step (Required)
```sql
DROP TABLE IF EXISTS t0;
CREATE TABLE t0 (c0 FLOAT);
INSERT INTO t0 VALUES(0);
SELECT c0 FROM t0 WHERE t0.c0 = 'a';
SHOW WARNINGS;
```
<!-- a step by step guide for reproducing the bug. -->

### 2. What did you expect to see? (Required)
One warning should be generated.
### 3. What did you see instead (Required)
```sql
mysql> SHOW WARNINGS;
+---------+------+---------------------------------------+
| Level   | Code | Message                               |
+---------+------+---------------------------------------+
| Warning | 1292 | Truncated incorrect DOUBLE value: 'a' |
| Warning | 1292 | Truncated incorrect DOUBLE value: 'a' |
| Warning | 1292 | Truncated incorrect DOUBLE value: 'a' |
+---------+------+---------------------------------------+
3 rows in set (0.00 sec)
```
### 4. What is your TiDB version? (Required)
mysql> SELECT tidb_version();
+----------------------------------------------------------------------------------------------------------------------------------------------------------------------------------------------------------------------------------------------------------------------------------------------------------------------+
| tidb_version()

                                                                       |
+----------------------------------------------------------------------------------------------------------------------------------------------------------------------------------------------------------------------------------------------------------------------------------------------------------------------+
| Release Version: v5.3.0
Edition: Community
Git Commit Hash: 4a1b2e9fe5b5afb1068c56de47adb07098d768d6
Git Branch: heads/refs/tags/v5.3.0
UTC Build Time: 2021-11-24 13:32:39
GoVersion: go1.16.4
Race Enabled: false
TiKV Min Version: v3.0.0-60965b006877ca7234adaced7890d7b029ed1306
Check Table Before Drop: false |
+----------------------------------------------------------------------------------------------------------------------------------------------------------------------------------------------------------------------------------------------------------------------------------------------------------------------+
1 row in set (0.00 sec)
<!-- Paste the output of SELECT tidb_version() -->

