ID: 31788
Title: interval() wrong results with 64-bit integers
Description:
## Bug Report

Please answer these questions before submitting your issue. Thanks!

### 1. Minimal reproduce step (Required)

Both MySQL and TiDB have wrong results when using the `INTERVAL()` sql function and 64-bit integers, but the bugs differ. See: https://dev.mysql.com/doc/refman/8.0/en/comparison-operators.html#function_interval

```sql
DROP TABLE IF EXISTS t1;
CREATE TABLE t1 (
    id INT NOT NULL PRIMARY KEY auto_increment,
  `col_5` tinyint(4) DEFAULT '109',
  `col_7` bigint(20) NOT NULL
);

INSERT INTO `t1` VALUES (3,57,4816720515551702398),(4,-76,7635266288681458392),(5,-118,732177212084557133),(6,NULL,5549735173285411483),
(9,115,8545214179437112779),(13,-100,1197431970803945571),(17,77,2425700499002615980);
SELECT col_5, col_7, interval(1, col_7, col_5) FROM t1 ORDER BY id;
```

### 2. What did you expect to see? (Required)

All expressions should yield 2?

### 3. What did you see instead (Required)

```sql
mysql [localhost:8027] {msandbox} (test) > SELECT col_5, col_7, interval(1, col_7, col_5) FROM t1 ORDER BY id;
+-------+---------------------+---------------------------+
| col_5 | col_7               | interval(1, col_7, col_5) |
+-------+---------------------+---------------------------+
|    57 | 4816720515551702398 |                         0 | # incorrect
|   -76 | 7635266288681458392 |                         0 | # incorrect
|  -118 |  732177212084557133 |                         0 | # incorrect
|  NULL | 5549735173285411483 |                         0 | # incorrect
|   115 | 8545214179437112779 |                         0 | # incorrect
|  -100 | 1197431970803945571 |                         0 | # incorrect
|    77 | 2425700499002615980 |                         0 | # incorrect
+-------+---------------------+---------------------------+
7 rows in set (0.00 sec)

tidb> SELECT col_5, col_7, interval(1, col_7, col_5) FROM t1 ORDER BY id;
+-------+---------------------+---------------------------+
| col_5 | col_7               | interval(1, col_7, col_5) |
+-------+---------------------+---------------------------+
|    57 | 4816720515551702398 |                         0 | # incorrect
|   -76 | 7635266288681458392 |                         2 | 
|  -118 |  732177212084557133 |                         2 | 
|  NULL | 5549735173285411483 |                         2 |
|   115 | 8545214179437112779 |                         0 | # incorrect
|  -100 | 1197431970803945571 |                         2 | 
|    77 | 2425700499002615980 |                         0 | # incorrect
+-------+---------------------+---------------------------+
7 rows in set (0.00 sec)
```

### 4. What is your TiDB version? (Required)

```sql
tidb> SELECT tidb_version()\G
*************************** 1. row ***************************
tidb_version(): Release Version: v5.5.0-alpha-136-g50704075a
Edition: Community
Git Commit Hash: 50704075afa7c0e3f2aa1fc9a66f440884a8f3fe
Git Branch: master
UTC Build Time: 2022-01-18 00:29:17
GoVersion: go1.16.9
Race Enabled: false
TiKV Min Version: v3.0.0-60965b006877ca7234adaced7890d7b029ed1306
Check Table Before Drop: false
1 row in set (0.00 sec)

```
