ID: 31809
Title: Return type of `DATE_ADD` is wrong
Description:
## Bug Report

Please answer these questions before submitting your issue. Thanks!

### 1. Minimal reproduce step (Required)

<!-- a step by step guide for reproducing the bug. -->
```mysql
select DATE_ADD('2001-01-01 00:00:00.000000', INTERVAL 1 SECOND);
```

### 2. What did you expect to see? (Required)
```mysql
mysql> select DATE_ADD('2001-01-01 00:00:00.000000', INTERVAL 1 SECOND);
+-----------------------------------------------------------+
| DATE_ADD('2001-01-01 00:00:00.000000', INTERVAL 1 SECOND) |
+-----------------------------------------------------------+
| 2001-01-01 00:00:01                                       |
+-----------------------------------------------------------+
1 row in set (0.00 sec)
```
### 3. What did you see instead (Required)
```mysql
mysql> select DATE_ADD('2001-01-01 00:00:00.000000', INTERVAL 1 SECOND);
+----------------------------------------------------------------------------------------------------------------------+
| DATE_ADD('2001-01-01 00:00:00.000000', INTERVAL 1 SECOND)                                                            |
+----------------------------------------------------------------------------------------------------------------------+
| 0x323030312D30312D30312030303A30303A3031                                                                             |
+----------------------------------------------------------------------------------------------------------------------+
1 row in set (0.00 sec)
```
### 4. What is your TiDB version? (Required)

<!-- Paste the output of SELECT tidb_version() -->
7fd298d9@master

