ID: 31900
Title: `SELECT CAST('00:00:00' AS TIME) + INTERVAL HOUR/DAY/MONTH/YEAR` result shows significant discrepancy in TiDB, MySQL5.7, and MySQL8.0
Description:
## Bug Report

### 1. Minimal reproduce step 
```sql
SELECT CAST('00:00:00' AS TIME) + INTERVAL 2000 HOUR;
SELECT CAST('00:00:00' AS TIME) + INTERVAL 34 DAY;
SELECT CAST('00:00:00' AS TIME) + INTERVAL 35 DAY;
SELECT CAST('00:00:00' AS TIME) + INTERVAL 1 MONTH;
SELECT CAST('00:00:00' AS TIME) + INTERVAL 1 YEAR;
```

### 2. What did you expect to see? 
In MySQL8.0
```sql
mysql> SELECT CAST('00:00:00' AS TIME) + INTERVAL 2000 HOUR;
+-----------------------------------------------+
| CAST('00:00:00' AS TIME) + INTERVAL 2000 HOUR |
+-----------------------------------------------+
| NULL                                          |
+-----------------------------------------------+
1 row in set, 1 warning (0.00 sec)

mysql> SELECT CAST('00:00:00' AS TIME) + INTERVAL 34 DAY;
+--------------------------------------------+
| CAST('00:00:00' AS TIME) + INTERVAL 34 DAY |
+--------------------------------------------+
| 1970-02-04 00:00:00                        |
+--------------------------------------------+
1 row in set (0.00 sec)

mysql> SELECT CAST('00:00:00' AS TIME) + INTERVAL 35 DAY;
+--------------------------------------------+
| CAST('00:00:00' AS TIME) + INTERVAL 35 DAY |
+--------------------------------------------+
| 1970-02-05 00:00:00                        |
+--------------------------------------------+
1 row in set (0.00 sec)

mysql> SELECT CAST('00:00:00' AS TIME) + INTERVAL 1 MONTH;
+---------------------------------------------+
| CAST('00:00:00' AS TIME) + INTERVAL 1 MONTH |
+---------------------------------------------+
| 1970-02-01 00:00:00                         |
+---------------------------------------------+
1 row in set (0.00 sec)

mysql> SELECT CAST('00:00:00' AS TIME) + INTERVAL 1 YEAR;
+--------------------------------------------+
| CAST('00:00:00' AS TIME) + INTERVAL 1 YEAR |
+--------------------------------------------+
| 1971-01-01 00:00:00                        |
+--------------------------------------------+
```
In MySQL5.7
```sql
mysql> SELECT CAST('00:00:00' AS TIME) + INTERVAL 2000 HOUR;
+-----------------------------------------------+
| CAST('00:00:00' AS TIME) + INTERVAL 2000 HOUR |
+-----------------------------------------------+
| NULL                                          |
+-----------------------------------------------+
1 row in set, 1 warning (0.08 sec)

mysql> SELECT CAST('00:00:00' AS TIME) + INTERVAL 34 DAY;
+--------------------------------------------+
| CAST('00:00:00' AS TIME) + INTERVAL 34 DAY |
+--------------------------------------------+
| 816:00:00                                  |
+--------------------------------------------+
1 row in set (0.00 sec)

mysql> SELECT CAST('00:00:00' AS TIME) + INTERVAL 35 DAY;
+--------------------------------------------+
| CAST('00:00:00' AS TIME) + INTERVAL 35 DAY |
+--------------------------------------------+
| NULL                                       |
+--------------------------------------------+
1 row in set, 1 warning (0.01 sec)

mysql> SELECT CAST('00:00:00' AS TIME) + INTERVAL 1 MONTH;
+---------------------------------------------+
| CAST('00:00:00' AS TIME) + INTERVAL 1 MONTH |
+---------------------------------------------+
| NULL                                        |
+---------------------------------------------+
1 row in set, 1 warning (0.00 sec)

mysql> SELECT CAST('00:00:00' AS TIME) + INTERVAL 1 YEAR;
+--------------------------------------------+
| CAST('00:00:00' AS TIME) + INTERVAL 1 YEAR |
+--------------------------------------------+
| NULL                                       |
+--------------------------------------------+
1 row in set, 1 warning (0.00 sec)
```

### 3. What did you see instead 
```sql
tidb> SELECT CAST('00:00:00' AS TIME) + INTERVAL 2000 HOUR;
+-----------------------------------------------+
| CAST('00:00:00' AS TIME) + INTERVAL 2000 HOUR |
+-----------------------------------------------+
| NULL                                          |
+-----------------------------------------------+
1 row in set, 1 warning (0.01 sec)

tidb> SELECT CAST('00:00:00' AS TIME) + INTERVAL 34 DAY;
+--------------------------------------------+
| CAST('00:00:00' AS TIME) + INTERVAL 34 DAY |
+--------------------------------------------+
| 816:00:00                                  |
+--------------------------------------------+
1 row in set (0.00 sec)

tidb> SELECT CAST('00:00:00' AS TIME) + INTERVAL 35 DAY;
+--------------------------------------------+
| CAST('00:00:00' AS TIME) + INTERVAL 35 DAY |
+--------------------------------------------+
| NULL                                       |
+--------------------------------------------+
1 row in set, 1 warning (0.00 sec)

tidb> SELECT CAST('00:00:00' AS TIME) + INTERVAL 1 MONTH;
+---------------------------------------------+
| CAST('00:00:00' AS TIME) + INTERVAL 1 MONTH |
+---------------------------------------------+
| 720:00:00                                   |
+---------------------------------------------+
1 row in set (0.00 sec)

tidb> SELECT CAST('00:00:00' AS TIME) + INTERVAL 1 YEAR;
+--------------------------------------------+
| CAST('00:00:00' AS TIME) + INTERVAL 1 YEAR |
+--------------------------------------------+
| NULL                                       |
+--------------------------------------------+
1 row in set, 1 warning (0.00 sec)
```

### 4. What is your TiDB version?
```
tidb_version(): Release Version: v5.5.0-alpha-154-gc589ee547
Edition: Community
Git Commit Hash: c589ee5471e05430f7f888190780a27fddb9ce7a
Git Branch: master
UTC Build Time: 2022-01-19 21:56:30
GoVersion: go1.17.2
Race Enabled: false
TiKV Min Version: v3.0.0-60965b006877ca7234adaced7890d7b029ed1306
Check Table Before Drop: false
```
