ID: 32022
Title: Inconsistent behavior in TIME type for some edge cases
Description:
## Bug Report

### 1. Minimal reproduce step (Required)

```sql
select TIME("27:59:55"), TIME("27a2:59:55"), TIME("27aa2:59:55"), TIME("27aaa2:59:55"), TIME("27aaaa2:59:55");
```

### 2. What did you expect to see? (Required)

As MySQL 5 & MySQL 8
```sql
mysql> select TIME("27:59:55"), TIME("27a2:59:55"), TIME("27aa2:59:55"), TIME("27aaa2:59:55"), TIME("27aaaa2:59:55");
+------------------+--------------------+---------------------+----------------------+-----------------------+
| TIME("27:59:55") | TIME("27a2:59:55") | TIME("27aa2:59:55") | TIME("27aaa2:59:55") | TIME("27aaaa2:59:55") |
+------------------+--------------------+---------------------+----------------------+-----------------------+
| 27:59:55         | 00:00:27           | 00:00:27            | NULL                 | NULL                  |
+------------------+--------------------+---------------------+----------------------+-----------------------+
1 row in set, 4 warnings (0.01 sec)

```


### 3. What did you see instead (Required)

```sql
+------------------+--------------------+---------------------+----------------------+-----------------------+
| TIME("27:59:55") | TIME("27a2:59:55") | TIME("27aa2:59:55") | TIME("27aaa2:59:55") | TIME("27aaaa2:59:55") |
+------------------+--------------------+---------------------+----------------------+-----------------------+
| 27:59:55         | 00:00:00           | 00:00:00            | 00:00:00             | 00:00:00              |
+------------------+--------------------+---------------------+----------------------+-----------------------+
1 row in set, 4 warnings (0.00 sec)

```

### 4. What is your TiDB version? (Required)

```
Git Commit Hash: e7da7d4f9567bbd03e86a26cfc03582be8535eb0
Git Branch: master
UTC Build Time: 2022-01-27 08:18:42
GoVersion: go1.17
Race Enabled: false
TiKV Min Version: v3.0.0-60965b006877ca7234adaced7890d7b029ed1306
Check Table Before Drop: false
```

<!-- Paste the output of SELECT tidb_version() -->

