ID: 32126
Title: "binary union const" result is different from mysql
Description:
## Bug Report

Please answer these questions before submitting your issue. Thanks!

### 1. Minimal reproduce step (Required)

<!-- a step by step guide for reproducing the bug. -->
use tikv to reproduce 
```
use test;
drop table if exists t;
CREATE TABLE `t` (
  `COL1` binary(10) NOT NULL
);
insert into t values(0x1);
select col1 from t union select 1;
```

### 2. What did you expect to see? (Required)
mysql 8.0.23
```
mysql> select col1 from t union select 1;
+------------------------+
| col1                   |
+------------------------+
| 0x01000000000000000000 |
| 0x31000000000000000000 |
+------------------------+
2 rows in set (0.05 sec)
```

### 3. What did you see instead (Required)
```
mysql> select col1 from t union select 1;
+--------------------------------------------+
| col1                                       |
+--------------------------------------------+
| 0x3100000000000000000000000000000000000000 |
| 0x0100000000000000000000000000000000000000 |
+--------------------------------------------+
2 rows in set (0.00 sec)
```

### 4. What is your TiDB version? (Required)

<!-- Paste the output of SELECT tidb_version() -->
```
Release Version: v5.5.0-alpha
Edition: Community
Git Commit Hash: 23f7e51ae01287fa7f811e1462d8987e4d7727a4
Git Branch: heads/refs/tags/v5.5.0-alpha
UTC Build Time: 2022-01-27 14:54:31
GoVersion: go1.16.4
Race Enabled: false
TiKV Min Version: v3.0.0-60965b006877ca7234adaced7890d7b029ed1306
Check Table Before Drop: false
```
