ID: 32213
Title: Wrong result for cast expr when value exceeds range
Description:
## Bug Report

Please answer these questions before submitting your issue. Thanks!

### 1. Minimal reproduce step (Required)

    drop table if exists test.t1;
    create table test.t1(c1 float, c2 double);
    insert into test.t1 values(999.99, 999.99);
    select cast(test.t1.c1 as decimal(4, 1)) from test.t1;

<!-- a step by step guide for reproducing the bug. -->

### 2. What did you expect to see? (Required)

    mysql> select cast(test.t1.c1 as decimal(4, 1)) from test.t1;
    +-----------------------------------+
    | cast(test.t1.c1 as decimal(4, 1)) |
    +-----------------------------------+
    |                             999.9 |
    +-----------------------------------+
    1 row in set, 1 warning (0.01 sec)
    
    mysql> show warnings;
    +---------+------+----------------------------------------------------------------------------+
    | Level   | Code | Message                                                                    |
    +---------+------+----------------------------------------------------------------------------+
    | Warning | 1264 | Out of range value for column 'cast(test.t1.c1 as decimal(4, 1))' at row 1 |
    +---------+------+----------------------------------------------------------------------------+
    1 row in set (0.00 sec)
### 3. What did you see instead (Required)

    mysql> select cast(test.t1.c1 as decimal(4, 1)) from test.t1;
    +-----------------------------------+
    | cast(test.t1.c1 as decimal(4, 1)) |
    +-----------------------------------+
    |                            1000.0 |
    +-----------------------------------+
    1 row in set, 1 warning (0.00 sec)
### 4. What is your TiDB version? (Required)

    mysql> select tidb_version();
    +----------------------------------------------------------------------------------------------------------------------------------------------------------------------------------------------------------------------------------------------------------------------------------------------------------------------------+
    | tidb_version()
                              |
    +----------------------------------------------------------------------------------------------------------------------------------------------------------------------------------------------------------------------------------------------------------------------------------------------------------------------------+
    | Release Version: v5.5.0-alpha-146-g7fd298d916
    Edition: Community
    Git Commit Hash: 7fd298d916c30ed0060db3581be58b448325819e
    Git Branch: master
    UTC Build Time: 2022-02-08 06:57:26
    GoVersion: go1.16.4
    Race Enabled: false
    TiKV Min Version: v3.0.0-60965b006877ca7234adaced7890d7b029ed1306
    Check Table Before Drop: false |
    +----------------------------------------------------------------------------------------------------------------------------------------------------------------------------------------------------------------------------------------------------------------------------------------------------------------------------+
    1 row in set (0.00 sec)
<!-- Paste the output of SELECT tidb_version() -->

