ID: 32281
Title: The result of `collation(concat(binary, json))` not correct.
Description:
## Bug Report

Please answer these questions before submitting your issue. Thanks!

### 1. Minimal reproduce step (Required)
```
create table t (a binary, b json);
insert into t values (0x61,'{"a":"c"}');
select collation(concat(a, b)) from t;
```
### 2. What did you expect to see? (Required)
```
mysql> select collation(concat(a, b)) from t;
+-------------------------+
| collation(concat(a, b)) |
+-------------------------+
| binary                  |
+-------------------------+
1 row in set (0.00 sec)
```

### 3. What did you see instead (Required)
```
mysql> select collation(concat(a, b)) from t;
+-------------------------+
| collation(concat(a, b)) |
+-------------------------+
| utf8mb4_bin             |
+-------------------------+
1 row in set (0.00 sec)
```

### 4. What is your TiDB version? (Required)

master

