ID: 32323
Title: Incompatible behavior with mysql on `select ... like...` using wildcard `_`
Description:
## Bug Report

Please answer these questions before submitting your issue. Thanks!

### 1. Minimal reproduce step (Required)

```
create table t(name varchar(32));
insert into t values("测试");
select * from t where name like "测_";
```

### 2. What did you expect to see? (Required)

```
mysql> select * from t where name like "测_";
+--------+
| name   |
+--------+
| 测试   |
+--------+
1 row in set (0.01 sec)
```

### 3. What did you see instead (Required)

mysql> select * from t where name like "测_";
Empty set (0.01 sec)

### 4. What is your TiDB version? (Required)

master

```
mysql> select tidb_version();
+----------------------------------------------------------------------------------------------------------------------------------------------------------------------------------------------------------------------------------------------------------------------------------------------------------------------------------+
| tidb_version()                                                                                                                                                                                                                                                                                                                   |
+----------------------------------------------------------------------------------------------------------------------------------------------------------------------------------------------------------------------------------------------------------------------------------------------------------------------------------+
| Release Version: v5.5.0-alpha
Edition: Community
Git Commit Hash: 23f7e51ae01287fa7f811e1462d8987e4d7727a4
Git Branch: heads/refs/tags/v5.5.0-alpha
UTC Build Time: 2022-01-27 14:59:34
GoVersion: go1.16.4
Race Enabled: false
TiKV Min Version: v3.0.0-60965b006877ca7234adaced7890d7b029ed1306
Check Table Before Drop: false |
+----------------------------------------------------------------------------------------------------------------------------------------------------------------------------------------------------------------------------------------------------------------------------------------------------------------------------------+
1 row in set (0.00 sec)
```

