ID: 32640
Title: Unnecessary cast happened in BINARY function
Description:
## Bug Report

Please answer these questions before submitting your issue. Thanks!

### 1. Minimal reproduce step (Required)
```sql
DROP TABLE IF EXISTS t0;
CREATE TABLE t0(c0 NUMERIC);
INSERT INTO t0 VALUES(1);
SELECT c0 FROM t0 WHERE BINARY('a') | t0.c0;
SHOW WARNINGS;
```
<!-- a step by step guide for reproducing the bug. -->

### 2. What did you expect to see? (Required)
There should be no warning thrown from SELECT, because BINARY('a') is a valid operation and it's no need to cast 'a' into an INTEGER.
### 3. What did you see instead (Required)
SELECT throws a truncate warning.
```sql
+---------+------+----------------------------------------+
| Level   | Code | Message                                |
+---------+------+----------------------------------------+
| Warning | 1292 | Truncated incorrect INTEGER value: 'a' |
+---------+------+----------------------------------------+
1 row in set (0.00 sec)
```

### 4. What is your TiDB version? (Required)
```sql
+----------------------------------------------------------------------------------------------------------------------------------------------------------------------------------------------------------------------------------------------------------------------------------------------------------------------+
| tidb_version()

                                                                       |
+----------------------------------------------------------------------------------------------------------------------------------------------------------------------------------------------------------------------------------------------------------------------------------------------------------------------+
| Release Version: v5.4.0
Edition: Community
Git Commit Hash: 55f3b24c1c9f506bd652ef1d162283541e428872
Git Branch: heads/refs/tags/v5.4.0
UTC Build Time: 2022-01-25 08:39:26
GoVersion: go1.16.4
Race Enabled: false
TiKV Min Version: v3.0.0-60965b006877ca7234adaced7890d7b029ed1306
Check Table Before Drop: false |
+----------------------------------------------------------------------------------------------------------------------------------------------------------------------------------------------------------------------------------------------------------------------------------------------------------------------+
1 row in set (0.00 sec)
```
<!-- Paste the output of SELECT tidb_version() -->

