ID: 32755
Title: information_schema table data and schema mismatch
Description:
## Bug Report

Please answer these questions before submitting your issue. Thanks!

### 1. Minimal reproduce step (Required)

From https://asktug.com/t/topic/573500/10

<!-- a step by step guide for reproducing the bug. -->

Setup a playground cluster

```
tiup playground --tiflash 0
```

```
use test;
create table t2 like information_schema.tikv_region_status;
insert into t2 select * from information_schema.tikv_region_status;

create table t3 like information_schema.cluster_config;
insert into t3 select * from information_schema.cluster_config;
```


### 2. What did you expect to see? (Required)

No error

### 3. What did you see instead (Required)

```
mysql> insert into t2 select * from   information_schema.tikv_region_status;
ERROR 1048 (23000): Column 'IS_INDEX' cannot be null

mysql> insert into t3 select * from information_schema.cluster_config;
ERROR 1406 (22001): Data Too Long, field len 128, data len 213


mysql> select * from information_schema.cluster_config where length(value) > 128;
+------+----------------+------------------------+-----------------------------------------------------------------------------------------------------------------------------------------------------------------------------------------------------------------------+
| TYPE | INSTANCE       | KEY                    | VALUE                                                                                                                                                                                                                 |
+------+----------------+------------------------+-----------------------------------------------------------------------------------------------------------------------------------------------------------------------------------------------------------------------+
| pd   | 127.0.0.1:2379 | schedule.schedulers-v2 | [{"args":null,"args-payload":"","disable":false,"type":"balance-region"},{"args":null,"args-payload":"","disable":false,"type":"balance-leader"},{"args":null,"args-payload":"","disable":false,"type":"hot-region"}] |
+------+----------------+------------------------+-----------------------------------------------------------------------------------------------------------------------------------------------------------------------------------------------------------------------+
1 row in set (0.00 sec)


mysql> select * from information_schema.tikv_region_status where region_id = 4;
+-----------+-----------+--------------------------------------+----------+---------+------------+----------+----------+------------+----------------+---------------+---------------+------------+------------------+------------------+-------------------------+---------------------------+
| REGION_ID | START_KEY | END_KEY                              | TABLE_ID | DB_NAME | TABLE_NAME | IS_INDEX | INDEX_ID | INDEX_NAME | EPOCH_CONF_VER | EPOCH_VERSION | WRITTEN_BYTES | READ_BYTES | APPROXIMATE_SIZE | APPROXIMATE_KEYS | REPLICATIONSTATUS_STATE | REPLICATIONSTATUS_STATEID |
+-----------+-----------+--------------------------------------+----------+---------+------------+----------+----------+------------+----------------+---------------+---------------+------------+------------------+------------------+-------------------------+---------------------------+
|         4 |           | 7480000000000000FF0500000000000000F8 |     NULL | NULL    | NULL       |     NULL |     NULL | NULL       |              1 |             2 |             0 |        642 |                1 |              880 | NULL                    |                      NULL |
+-----------+-----------+--------------------------------------+----------+---------+------------+----------+----------+------------+----------------+---------------+---------------+------------+------------------+------------------+-------------------------+---------------------------+
1 row in set (0.01 sec)
```

### 4. What is your TiDB version? (Required)

<!-- Paste the output of SELECT tidb_version() -->
master a32ee8da39765936412a67eff9c25716a0751984
