ID: 32991
Title: sometimes return wrong results when enable table-cache
Description:
## Bug Report

Please answer these questions before submitting your issue. Thanks!

### 1. Minimal reproduce step (Required)
tiup deploy a cluster

<!-- a step by step guide for reproducing the bug. -->
```
use test;
source [test.txt](https://github.com/pingcap/tidb/files/8222019/test.txt);
rename table PK_GCOL_STORED9816 to PK_GCOL_STORED9817;

CREATE TABLE `PK_GCOL_STORED9816` (   `COL102` decimal(55,0) DEFAULT NULL,   `COL103` decimal(55,0) DEFAULT NULL,   `COL1` decimal(55,0) GENERATED ALWAYS AS (`COL102` + 10) STORED NOT NULL,   `COL2` varchar(20) DEFAULT NULL,   `COL4` datetime DEFAULT NULL,   `COL3` bigint(20) DEFAULT NULL,   `COL5` float DEFAULT NULL,   PRIMARY KEY (`COL1`) /*T![clustered_index] CLUSTERED */ ) ENGINE=InnoDB DEFAULT CHARSET=utf8mb4 COLLATE=utf8mb4_bin;
 insert into PK_GCOL_STORED9816(col102, col103, col2, col4, col3, col5) select col102, col103, col2, col4, col3, col5 from PK_GCOL_STORED9817;
alter table PK_GCOL_STORED9816 cache;
do sleep(3);

prepare stmt from 'SELECT * FROM PK_GCOL_STORED9816 WHERE col1 = ? OR col2 IN (?, ?) OR col3 IS NULL;';
set @a=-1807529678631248500, @b="Ǒ肢雯唰聉焏嗲巽鴼轢琈这尷鶊殇蝬渔匯蜥罶", @c="翐盧挫盝晦稍匀媉匝瞼Ǘ裓皠炕痶趬讪Ɋ镨耎";
# you can execute many times to reproduce 
execute stmt using @a,@b,@c;
```
### 2. What did you expect to see? (Required)
```
MySQL [test]> execute stmt using @a,@b,@c;
+----------------------+----------------------+----------------------+--------------------------------------------------------------+---------------------+----------------------+-------------+
| COL102               | COL103               | COL1                 | COL2                                                         | COL4                | COL3                 | COL5        |
+----------------------+----------------------+----------------------+--------------------------------------------------------------+---------------------+----------------------+-------------+
....
+----------------------+----------------------+----------------------+--------------------------------------------------------------+---------------------+----------------------+-------------+
3 rows in set (0.02 sec)
```

### 3. What did you see instead (Required)
```
MySQL [test]> execute stmt using @a,@b,@c;
+----------------------+----------------------+----------------------+--------------------------------------------------------------+---------------------+----------------------+-------------+
| COL102               | COL103               | COL1                 | COL2                                                         | COL4                | COL3                 | COL5        |
+----------------------+----------------------+----------------------+--------------------------------------------------------------+---------------------+----------------------+-------------+
....
+----------------------+----------------------+----------------------+--------------------------------------------------------------+---------------------+----------------------+-------------+
102 rows in set (0.02 sec)
```
### 4. What is your TiDB version? (Required)

<!-- Paste the output of SELECT tidb_version() -->
```
Release Version: v6.0.0-alpha
Edition: Community
Git Commit Hash: 74d74b0a7b6bee275d392199bb319859682627ff
Git Branch: heads/refs/tags/v6.0.0-alpha
UTC Build Time: 2022-03-04 06:12:33
GoVersion: go1.16.4
Race Enabled: false
TiKV Min Version: v3.0.0-60965b006877ca7234adaced7890d7b029ed1306
Check Table Before Drop: false
```

