ID: 33039
Title: Incorrect Merge Join Execution when transforming hash join to merge join
Description:
## Bug Report

### 1. Minimal reproduce step 

```sql
CREATE TABLE `t1` (
  `id` bigint(64) NOT NULL AUTO_INCREMENT,
  `col1` int(16) DEFAULT NULL,
  `col2` double DEFAULT NULL,
  PRIMARY KEY (`id`)
);

CREATE TABLE `t2` (
  `id` bigint(64) NOT NULL AUTO_INCREMENT,
  `col1` int(16) NOT NULL,
  `col2` double DEFAULT NULL,
  `col3` varchar(511) DEFAULT NULL,
  PRIMARY KEY (`id`)
);


CREATE TABLE `t3` (
  `id` bigint(64) NOT NULL AUTO_INCREMENT,
  `col1` int(16) DEFAULT NULL,
  `col2` varchar(511) DEFAULT NULL,
  PRIMARY KEY (`id`)
);

INSERT INTO `t1` VALUES (1,NULL,NULL),(2,NULL,NULL),(3,NULL,NULL),(4,1,NULL),(5,NULL,NULL),(6,NULL,NULL),(7,-1,NULL),(8,NULL,NULL),(9,0,NULL),(10,65535,NULL),(11,-1,NULL);

INSERT INTO `t2` VALUES (4,65535,NULL,NULL),(5,65535,NULL,NULL),(6,1,NULL,NULL),(7,1,NULL,'2020-02-02 02:02:00'),(8,1,NULL,'-0'),(1,-1,NULL,NULL),(2,0,NULL,''),(3,-1,NULL,'-0'),(9,0,NULL,'1'),(10,-1,NULL,'false');

INSERT INTO `t3` VALUES (1,-1,'>Aze9K'),(2,-1,'>Aze9K'),(3,-1,'>Aze9K'),(4,-1,'>Aze9K'),(5,-1,'>Aze9K'),(6,-1,'>Aze9K'),(7,-1,'>Aze9K'),(8,-1,'>Aze9K'),(9,-1,'>Aze9K'),(10,-1,'>Aze9K'),(11,-1,'>Aze9K'),(12,-1,'>Aze9K'),(13,-1,'>Aze9K'),(14,-1,'>Aze9K'),(15,-1,'>Aze9K');

SELECT /*+ hash_join(t1, t3)*/ t3.col2 
FROM (t1 LEFT JOIN t2 ON t1.col1=t2.id) LEFT JOIN t3 ON t2.id=t3.id;

SELECT /*+ merge_join(t1, t3)*/t3.col2 
FROM (t1 LEFT JOIN t2 ON t1.col1=t2.id) LEFT JOIN t3 ON t2.id=t3.id;
```

### 2. What did you expect to see? 
Correct Merge Join when transforming hash join to merge join.

### 3. What did you see instead?
Merge Join gives wrong results when transforming hash join to merge join. 

```sql
mysql> SELECT /*+ hash_join(t1, t3)*/ t3.col2 FROM (t1 LEFT JOIN t2 ON t1.col1=t2.id) LEFT JOIN t3 ON t2.id=t3.id;
+--------+
| col2   |
+--------+
| NULL   |
| NULL   |
| NULL   |
| >Aze9K |
| NULL   |
| NULL   |
| NULL   |
| NULL   |
| NULL   |
| NULL   |
| NULL   |
+--------+
11 rows in set (0.00 sec)
```

```sql
mysql> SELECT /*+ merge_join(t1, t3)*/t3.col2 FROM (t1 LEFT JOIN t2 ON t1.col1=t2.id) LEFT JOIN t3 ON t2.id=t3.id;
+------+
| col2 |
+------+
| NULL |
| NULL |
| NULL |
| NULL |
| NULL |
| NULL |
| NULL |
| NULL |
| NULL |
| NULL |
| NULL |
+------+
11 rows in set (0.00 sec)
```

### 4. What is your TiDB version? (Required)

```sql
mysql> SELECT tidb_version();
+----------------------------------------------------------------------------------------------------------------------------------------------------------------------------------------------------------------------------------------------------------------------------------------------------------------------+
| tidb_version()                                                                                                                                                                                                                                                                                                       |
+----------------------------------------------------------------------------------------------------------------------------------------------------------------------------------------------------------------------------------------------------------------------------------------------------------------------+
| Release Version: v5.4.0
Edition: Community
Git Commit Hash: 55f3b24c1c9f506bd652ef1d162283541e428872
Git Branch: heads/refs/tags/v5.4.0
UTC Build Time: 2022-01-25 08:39:26
GoVersion: go1.16.4
Race Enabled: false
TiKV Min Version: v3.0.0-60965b006877ca7234adaced7890d7b029ed1306
Check Table Before Drop: false |
+----------------------------------------------------------------------------------------------------------------------------------------------------------------------------------------------------------------------------------------------------------------------------------------------------------------------+
1 row in set (0.00 sec)
```

