ID: 33214
Title: the query results for enum column is wrong 
Description:
## Bug Report

Please answer these questions before submitting your issue. Thanks!

### 1. Minimal reproduce step (Required)

<!-- a step by step guide for reproducing the bug. -->
```
use test;
source  [test.txt](https://github.com/pingcap/tidb/files/8285072/test.txt);

alter table IDT_MULTI15863STROBJSTROBJ cache;
# please execute many times to reporduce
 select col1 from IDT_MULTI15863STROBJSTROBJ t1 where (select count(*) from IDT_MULTI15863STROBJSTROBJ t2 where t2.col1 in (t1.col1, "none")) > 1;
```
### 2. What did you expect to see? (Required)
```
MySQL [test]> select col1 from IDT_MULTI15863STROBJSTROBJ t1 where (select count(*) from IDT_MULTI15863STROBJSTROBJ t2 where t2.col1 in (t1.col1, "none")) > 1;
+------+
| col1 |
+------+
...
+------+
58 rows in set (0.03 sec)
```
### 3. What did you see instead (Required)
```

MySQL [test]> select col1 from IDT_MULTI15863STROBJSTROBJ t1 where (select count(*) from IDT_MULTI15863STROBJSTROBJ t2 where t2.col1 in (t1.col1, "none")) > 1;
+------+
| col1 |
+------+
...
+------+
60 rows in set (0.03 sec)
```
### 4. What is your TiDB version? (Required)

<!-- Paste the output of SELECT tidb_version() -->
```
Release Version: v6.0.0-alpha-122-g46c43fe
Edition: Community
Git Commit Hash: 46c43febcac0e24bc9f0872e93cf6125db69d93d
Git Branch: master
UTC Build Time: 2022-03-17 01:02:30
GoVersion: go1.17.6
Race Enabled: false
TiKV Min Version: v3.0.0-60965b006877ca7234adaced7890d7b029ed1306
Check Table Before Drop: false
```
