ID: 3324
Title: out of memory when running join statement
Description:
Please answer these questions before submitting your issue. Thanks!

1. What did you do?
If possible, provide a recipe for reproducing the error.

get 4 users summary, no problem.
select cid, count(*) cnt,sum(agold) agold,sum(bgold) bgold from testdata3 use index (testdata3_all) where adddate between '20160501' and '20160510' and cid in (12345,11111,23456,56789) group by cid;
+-------+------+------------------+------------------+
| cid   | cnt  | agold            | bgold            |
+-------+------+------------------+------------------+
| 12345 |   26 | 144562392.000000 | 144615230.000000 |
| 23456 |   22 | 119236941.000000 | 124370850.000000 |
| 56789 |   28 | 155420741.000000 | 132806883.000000 |
| 11111 |   27 | 138630167.000000 | 118222368.000000 |
+-------+------+------------------+------------------+
4 rows in set (0.03 sec)

using join to get USERNAME from CUSTOMER table.
select a.cid,cnt,agold,bgold,username from (select cid, count(*) cnt,sum(agold) agold,sum(bgold) bgold
 from testdata3 use index (testdata3_all) where adddate between '20160501' and '20160510' and cid in (12345,11111,23
456,56789) group by cid) a **left join** customer on a.cid = customer.cid;
ERROR 2013 (HY000): Lost connection to MySQL server during query

restart TiDB and using TiDB_SMJ()
select /*+ **tidb_smj(a,customer)** */ a.cid,cnt,agold,bgold,username from (select cid, count(*) cnt,sum(a
gold) agold,sum(bgold) bgold from testdata3 use index (testdata3_all) where adddate between '20160501' and '20160510
' and cid in (12345,11111,23456,56789) group by cid) a **left join** customer on a.cid = customer.cid;
+-------+------+------------------+------------------+----------+
| cid   | cnt  | agold            | bgold            | username |
+-------+------+------------------+------------------+----------+
| 11111 |   27 | 138630167.000000 | 118222368.000000 | 9d95f3b8 |
| 12345 |   26 | 144562392.000000 | 144615230.000000 | 9d96ef97 |
| 23456 |   22 | 119236941.000000 | 124370850.000000 | 9da23e81 |
| 56789 |   28 | 155420741.000000 | 132806883.000000 | 9dc3fef3 |
+-------+------+------------------+------------------+----------+
4 rows in set (2.13 sec)

I got result, but...

Try to get USERNAME by join again without SMJ hint.
select a.cid,cnt,agold,bgold,username from (select cid, count(*) cnt,sum(agold) agold,sum(bgold) bgold
 from testdata3 use index (testdata3_all) where adddate between '20160501' and '20160510' and cid in (12345,11111,23
456,56789) group by cid) a **left join** customer on a.cid = customer.cid;

fatal error: runtime: out of memory

2. What did you expect to see?
customer.username

3. What did you see instead?
error message

4. What version of TiDB are you using (`tidb-server -V`)?
2017/05/24 01:49:43 printer.go:31: [info] Welcome to TiDB.
2017/05/24 01:49:43 printer.go:32: [info] Version:
2017/05/24 01:49:43 printer.go:33: [info] Git Commit Hash: 31579bb3f0135e9be2c4756ef977c330957b4881
2017/05/24 01:49:43 printer.go:34: [info] UTC Build Time:  2017-05-22 08:54:01

