ID: 33346
Title: National character implementation differences between TiDB and MySQL
Description:
## Bug Report

Please answer these questions before submitting your issue. Thanks!

### 1. Minimal reproduce step (Required)

```sql
create database test_utf8 character set utf8;
create database test_latin1 character set latin1;

use test_utf8;
create table foo (name nchar(10), name2 nvarchar(10));
show create table foo;

use test_latin1;
create table foo (name nchar(10), name2 nvarchar(10));
show create table foo;
```

### 2. What did you expect to see? (Required)
Both `nchar` and `nvarchar` columns as saved as "utf8 (utf8mb3)" as MySQL does.

```sql
mysql> create database test_utf8 character set utf8;
Query OK, 1 row affected, 1 warning (0.00 sec)

mysql> create database test_latin1 character set latin1;
Query OK, 1 row affected (0.00 sec)

mysql>
mysql> use test_utf8;
Database changed
mysql> create table foo (name nchar(10), name2 nvarchar(10));
Query OK, 0 rows affected, 2 warnings (0.01 sec)

mysql> show create table foo;
+-------+-----------------------------------------------------------------------------------------------------------------------------------------------------------------------------------------------------------------------+
| Table | Create Table                                                                                                                                                                                                          |
+-------+-----------------------------------------------------------------------------------------------------------------------------------------------------------------------------------------------------------------------+
| foo   | CREATE TABLE `foo` (
  `name` char(10) CHARACTER SET utf8 COLLATE utf8_general_ci DEFAULT NULL,
  `name2` varchar(10) CHARACTER SET utf8 COLLATE utf8_general_ci DEFAULT NULL
) ENGINE=InnoDB DEFAULT CHARSET=utf8mb3 |
+-------+-----------------------------------------------------------------------------------------------------------------------------------------------------------------------------------------------------------------------+
1 row in set (0.00 sec)

mysql>
mysql> use test_latin1;
Database changed
mysql> create table foo (name nchar(10), name2 nvarchar(10));
Query OK, 0 rows affected, 2 warnings (0.01 sec)

mysql> show create table foo;
+-------+----------------------------------------------------------------------------------------------------------------------------------------------------------------------------------------------------------------------+
| Table | Create Table                                                                                                                                                                                                         |
+-------+----------------------------------------------------------------------------------------------------------------------------------------------------------------------------------------------------------------------+
| foo   | CREATE TABLE `foo` (
  `name` char(10) CHARACTER SET utf8 COLLATE utf8_general_ci DEFAULT NULL,
  `name2` varchar(10) CHARACTER SET utf8 COLLATE utf8_general_ci DEFAULT NULL
) ENGINE=InnoDB DEFAULT CHARSET=latin1 |
+-------+----------------------------------------------------------------------------------------------------------------------------------------------------------------------------------------------------------------------+
1 row in set (0.00 sec)

mysql>
```

### 3. What did you see instead (Required)

Both `nchar` and `nvarchar` columns as saved as database character set.

```sql
mysql> create database test_utf8 character set utf8;
Query OK, 0 rows affected (0.10 sec)

mysql> create database test_latin1 character set latin1;
Query OK, 0 rows affected (0.06 sec)

mysql>
mysql> use test_utf8;
Database changed
mysql> create table foo (name nchar(10), name2 nvarchar(10));
Query OK, 0 rows affected (0.12 sec)

mysql> show create table foo;
+-------+-----------------------------------------------------------------------------------------------------------------------------------------------+
| Table | Create Table                                                                                                                                  |
+-------+-----------------------------------------------------------------------------------------------------------------------------------------------+
| foo   | CREATE TABLE `foo` (
  `name` char(10) DEFAULT NULL,
  `name2` varchar(10) DEFAULT NULL
) ENGINE=InnoDB DEFAULT CHARSET=utf8 COLLATE=utf8_bin |
+-------+-----------------------------------------------------------------------------------------------------------------------------------------------+
1 row in set (0.00 sec)

mysql>
mysql> use test_latin1;
Database changed
mysql> create table foo (name nchar(10), name2 nvarchar(10));
Query OK, 0 rows affected (0.07 sec)

mysql> show create table foo;
+-------+---------------------------------------------------------------------------------------------------------------------------------------------------+
| Table | Create Table                                                                                                                                      |
+-------+---------------------------------------------------------------------------------------------------------------------------------------------------+
| foo   | CREATE TABLE `foo` (
  `name` char(10) DEFAULT NULL,
  `name2` varchar(10) DEFAULT NULL
) ENGINE=InnoDB DEFAULT CHARSET=latin1 COLLATE=latin1_bin |
+-------+---------------------------------------------------------------------------------------------------------------------------------------------------+
1 row in set (0.00 sec)

mysql>
```

### 4. What is your TiDB version? (Required)

<!-- Paste the output of SELECT tidb_version() -->
```sql
mysql> select tidb_version();
+----------------------------------------------------------------------------------------------------------------------------------------------------------------------------------------------------------------------------------------------------------------------------------------------------------------------+
| tidb_version()                                                                                                                                                                                                                                                                                                       |
+----------------------------------------------------------------------------------------------------------------------------------------------------------------------------------------------------------------------------------------------------------------------------------------------------------------------+
| Release Version: v5.4.0
Edition: Community
Git Commit Hash: 55f3b24c1c9f506bd652ef1d162283541e428872
Git Branch: heads/refs/tags/v5.4.0
UTC Build Time: 2022-01-25 08:41:05
GoVersion: go1.16.4
Race Enabled: false
TiKV Min Version: v3.0.0-60965b006877ca7234adaced7890d7b029ed1306
Check Table Before Drop: false |
+----------------------------------------------------------------------------------------------------------------------------------------------------------------------------------------------------------------------------------------------------------------------------------------------------------------------+
1 row in set (0.00 sec)

mysql>
```
