ID: 33397
Title: should ensure all columns have the same length, expect 103, but got 104
Description:
## Bug Report

Please answer these questions before submitting your issue. Thanks!

### 1. Minimal reproduce step (Required)

<!-- a step by step guide for reproducing the bug. -->
```
use test;
source [test.txt](https://github.com/pingcap/tidb/files/8340417/test.txt)
set tidb_enable_vectorized_expression=on;
select * from PK_SNPRE10113 where compress(col1) = compress(col1);

set tidb_enable_vectorized_expression=off;
select * from PK_SNPRE10113 where compress(col1) = compress(col1);
```
### 2. What did you expect to see? (Required)

```
MySQL [test]> set tidb_enable_vectorized_expression=on;
Query OK, 0 rows affected (0.00 sec)

MySQL [test]> select * from PK_SNPRE10113 where compress(col1) = compress(col1);

+--------------------------------+--------------------------------------------------------------+---------------------+----------------------+-------------+
...
+--------------------------------+--------------------------------------------------------------+---------------------+----------------------+-------------+
103 rows in set (0.22 sec)
MySQL [test]>
MySQL [test]> set tidb_enable_vectorized_expression=off;
Query OK, 0 rows affected (0.00 sec)

MySQL [test]> select * from PK_SNPRE10113 where compress(col1) = compress(col1);
+--------------------------------+--------------------------------------------------------------+---------------------+----------------------+-------------+
...
+--------------------------------+--------------------------------------------------------------+---------------------+----------------------+-------------+
103 rows in set (0.22 sec)
```
### 3. What did you see instead (Required)
```
MySQL [test]> set tidb_enable_vectorized_expression=on;
Query OK, 0 rows affected (0.00 sec)

MySQL [test]> select * from PK_SNPRE10113 where compress(col1) = compress(col1);
ERROR 1105 (HY000): should ensure all columns have the same length, expect 103, but got 104
MySQL [test]>
MySQL [test]> set tidb_enable_vectorized_expression=off;
Query OK, 0 rows affected (0.00 sec)

MySQL [test]> select * from PK_SNPRE10113 where compress(col1) = compress(col1);
+--------------------------------+--------------------------------------------------------------+---------------------+----------------------+-------------+
...
+--------------------------------+--------------------------------------------------------------+---------------------+----------------------+-------------+
103 rows in set (0.22 sec)
```
### 4. What is your TiDB version? (Required)

<!-- Paste the output of SELECT tidb_version() -->
```
Release Version: v6.1.0-alpha-38-g6d01855
Edition: Community
Git Commit Hash: 6d01855856aac61e0829f73ed8a47be6add45321
Git Branch: master
UTC Build Time: 2022-03-24 01:03:09
GoVersion: go1.17.6
Race Enabled: false
TiKV Min Version: v3.0.0-60965b006877ca7234adaced7890d7b029ed1306
Check Table Before Drop: false
```
