ID: 33407
Title: SQL_SELECT_LIMIT worked with show columns in MYSQL but not in TIDB 
Description:
## Bug Report

Please answer these questions before submitting your issue. Thanks!

### 1. Minimal reproduce step (Required)

<!-- a step by step guide for reproducing the bug. -->
```sql
CREATE TABLE t1(a INTEGER, b INTEGER, c INTEGER, d INTEGER);
INSERT INTO t1 VALUES(1,2,3,4);
INSERT INTO t1 VALUES(4,3,1,2);

SET @@sql_select_limit=1;
PREPARE stmt FROM "SHOW COLUMNS FROM t1";
EXECUTE stmt;
PREPARE stmt FROM "select * FROM t1";
EXECUTE stmt;
```
### 2. What did you expect to see? (Required)
```sql

mysql> CREATE TABLE t1(a INTEGER, b INTEGER, c INTEGER, d INTEGER);
Query OK, 0 rows affected (0.01 sec)

mysql> INSERT INTO t1 VALUES(1,2,3,4);
Query OK, 1 row affected (0.00 sec)

mysql> INSERT INTO t1 VALUES(4,3,1,2);
Query OK, 1 row affected (0.00 sec)

mysql> 
mysql> SET @@sql_select_limit=1;
Query OK, 0 rows affected (0.00 sec)

mysql> PREPARE stmt FROM "SHOW COLUMNS FROM t1";
Query OK, 0 rows affected (0.00 sec)
Statement prepared

mysql> EXECUTE stmt;
+-------+------+------+-----+---------+-------+
| Field | Type | Null | Key | Default | Extra |
+-------+------+------+-----+---------+-------+
| a     | int  | YES  |     | NULL    |       |
+-------+------+------+-----+---------+-------+
1 row in set (0.01 sec)

mysql> PREPARE stmt FROM "select * FROM t1";
Query OK, 0 rows affected (0.00 sec)
Statement prepared

mysql> EXECUTE stmt;
+------+------+------+------+
| a    | b    | c    | d    |
+------+------+------+------+
|    1 |    2 |    3 |    4 |
+------+------+------+------+
1 row in set (0.00 sec)
```
### 3. What did you see instead (Required)
```sql

mysql> drop table t1;
Query OK, 0 rows affected (0.33 sec)

mysql> CREATE TABLE t1(a INTEGER, b INTEGER, c INTEGER, d INTEGER);
Query OK, 0 rows affected (0.12 sec)

mysql> INSERT INTO t1 VALUES(1,2,3,4);
Query OK, 1 row affected (0.00 sec)

mysql> INSERT INTO t1 VALUES(4,3,1,2);
Query OK, 1 row affected (0.01 sec)

mysql> 
mysql> SET @@sql_select_limit=1;
Query OK, 0 rows affected (0.00 sec)

mysql> PREPARE stmt FROM "SHOW COLUMNS FROM t1";
Query OK, 0 rows affected (0.00 sec)

mysql> EXECUTE stmt;
+-------+---------+------+------+---------+-------+
| Field | Type    | Null | Key  | Default | Extra |
+-------+---------+------+------+---------+-------+
| a     | int(11) | YES  |      | NULL    |       |
| b     | int(11) | YES  |      | NULL    |       |
| c     | int(11) | YES  |      | NULL    |       |
| d     | int(11) | YES  |      | NULL    |       |
+-------+---------+------+------+---------+-------+
4 rows in set (0.00 sec)

mysql> PREPARE stmt FROM "select * FROM t1";
Query OK, 0 rows affected (0.00 sec)

mysql> EXECUTE stmt;
+------+------+------+------+
| a    | b    | c    | d    |
+------+------+------+------+
|    1 |    2 |    3 |    4 |
+------+------+------+------+
1 row in set (0.00 sec)
```
### 4. What is your TiDB version? (Required)

<!-- Paste the output of SELECT tidb_version() -->
```sql
 Release Version: v5.4.0
Edition: Community
Git Commit Hash: 55f3b24c1c9f506bd652ef1d162283541e428872
Git Branch: heads/refs/tags/v5.4.0
UTC Build Time: 2022-01-25 08:41:05
GoVersion: go1.16.4
Race Enabled: false
TiKV Min Version: v3.0.0-60965b006877ca7234adaced7890d7b029ed1306
Check Table Before Drop: false |
```
