ID: 3356
Title: `cast as char(N) ` and `cast as binary(N)` get the same results
Description:
Please answer these questions before submitting your issue. Thanks!

1. What did you do?
```
select cast("你好world" as char(5)), cast("你好world" as binary(5));
```

2. What did you expect to see?
```
mysql> select cast("你好world" as char(5)), cast("你好world" as binary(5));
+--------------------------------+----------------------------------+
| cast("你好world" as char(5))   | cast("你好world" as binary(5))   |
+--------------------------------+----------------------------------+
| 你好wor                        | 你�                               |
+--------------------------------+----------------------------------+
1 row in set, 2 warnings (0.00 sec)
```

3. What did you see instead?
```
mysql> select cast("你好world" as char(5)), cast("你好world" as binary(5));
+--------------------------------+----------------------------------+
| cast("你好world" as char(5))   | cast("你好world" as binary(5))   |
+--------------------------------+----------------------------------+
| 你�                             | 你�                               |
+--------------------------------+----------------------------------+
1 row in set (0.00 sec)
```

4. What version of TiDB are you using (`tidb-server -V`)?
```
Git Commit Hash: e55f430d647866a05c13b4fb94360fffd24b0f3c
UTC Build Time:  2017-05-27 03:11:03
```
