ID: 33965
Title: "references invalid table" when querying CTE views
Description:
## Bug Report

Please answer these questions before submitting your issue. Thanks!

### 1. Minimal reproduce step (Required)

```sql
-- set up 2 same tables in different db.
create database if not exists test;
create database if not exists test1;
drop table if exists test.t, test1.t;
drop view if exists test.v;
create table test.t (a int);
insert into test.t values (1);
create table test1.t (a int);
insert into test1.t values (2);

use test;
create view test.v as with tt as (select * from t) select * from tt;
use test;
select * from test.v;
use test1;
select * from test.v;
```

<!-- a step by step guide for reproducing the bug. -->

### 2. What did you expect to see? (Required)

```sql
mysql> use test;
Database changed
mysql> select * from test.v;
+------+
| a    |
+------+
|    1 |
+------+
1 row in set (0.01 sec)

mysql> use test1;
Database changed
mysql> select * from test.v;
+------+
| a    |
+------+
|    1 |
+------+
1 row in set (0.00 sec)
```

### 3. What did you see instead (Required)

```sql
mysql> use test;
Database changed
mysql> select * from test.v;
+------+
| a    |
+------+
|    1 |
+------+
1 row in set (0.01 sec)

mysql> use test1;
Database changed
mysql> select * from test.v;
ERROR 1356 (HY000): View 'test.v' references invalid table(s) or column(s) or function(s) or definer/invoker of view lack rights to use them
```

### 4. What is your TiDB version? (Required)

<!-- Paste the output of SELECT tidb_version() -->

45e48b64989
