ID: 34362
Title: DATE_ADD fails with datetime on DST transition
Description:
## Bug Report

Please answer these questions before submitting your issue. Thanks!

### 1. Minimal reproduce step (Required)
```
set @@session.time_zone = 'Europe/Amsterdam';
create table t (id int, dt datetime, primary key (id, dt));
insert into t VALUES (1, DATE_ADD('2023-03-26 00:00:00', INTERVAL 2 HOUR));
-- ERROR 1292 (22007): Incorrect time value: '{2023 3 26 2 0 0 0}'
```

<!-- a step by step guide for reproducing the bug. -->

### 2. What did you expect to see? (Required)
```
mysql> set @@session.time_zone = 'Europe/Amsterdam';
Query OK, 0 rows affected (0,00 sec)

mysql> create table t (id int, dt datetime, primary key (id, dt));
Query OK, 0 rows affected (0,03 sec)

mysql> insert into t VALUES (1, DATE_ADD('2023-03-26 00:00:00', INTERVAL 2 HOUR));
Query OK, 1 row affected (0,00 sec)

mysql> insert into t values (4,'2023-03-26 02:00:00');
Query OK, 1 row affected (0,01 sec)

mysql> select * from t;
+----+---------------------+
| id | dt                  |
+----+---------------------+
|  1 | 2023-03-26 02:00:00 |
|  4 | 2023-03-26 02:00:00 |
+----+---------------------+
2 rows in set (0,00 sec)

mysql> select version();
+-------------------------+
| version()               |
+-------------------------+
| 8.0.28-0ubuntu0.21.10.4 |
+-------------------------+
1 row in set (0,00 sec)
```
### 3. What did you see instead (Required)
```
tidb> set @@session.time_zone = 'Europe/Amsterdam';
Query OK, 0 rows affected (0,00 sec)

tidb> create table t (id int, dt datetime, primary key (id, dt));
Query OK, 0 rows affected (0,01 sec)

tidb> insert into t VALUES (1, DATE_ADD('2023-03-26 00:00:00', INTERVAL 2 HOUR));
ERROR 1292 (22007): Incorrect time value: '{2023 3 26 2 0 0 0}'

tidb> insert into t values (4,'2023-03-26 02:00:00');
Query OK, 1 row affected (0,00 sec)

tidb> select * from t;
+----+---------------------+
| id | dt                  |
+----+---------------------+
|  4 | 2023-03-26 02:00:00 |
+----+---------------------+
1 row in set (0,01 sec)
```
### 4. What is your TiDB version? (Required)

<!-- Paste the output of SELECT tidb_version() -->
```
tidb_version(): Release Version: v6.1.0-alpha-320-gdc5ec23591
Edition: Community
Git Commit Hash: dc5ec235914aeb7c2506d5b5e3eb21493eec2e83
Git Branch: master
UTC Build Time: 2022-05-03 13:22:03
GoVersion: go1.18
Race Enabled: false
TiKV Min Version: v3.0.0-60965b006877ca7234adaced7890d7b029ed1306
Check Table Before Drop: false
```
