ID: 34725
Title: point-get in virtual column
Description:
## Bug Report

Please answer these questions before submitting your issue. Thanks!

### 1. Minimal reproduce step (Required)

<!-- a step by step guide for reproducing the bug. -->
prepared-plan-cache.enabled = true
```
use test;
drop table if exists t;
CREATE TABLE `t` (
  `a` int(11) DEFAULT NULL,
  `b` int(11) GENERATED ALWAYS AS (`a`) STORED NOT NULL,
  PRIMARY KEY (`b`) /*T![clustered_index] CLUSTERED */
) ENGINE=InnoDB DEFAULT CHARSET=utf8mb4 COLLATE=utf8mb4_bin;
insert into t(a) values(102);
prepare stmt from "select * from t where b in (?, ?, ?)";
set @a=102, @b=102, @c=102;
execute stmt using @a,@b,@c;
set @a=-97, @b=-97, @c=-97;
execute stmt using @a,@b,@c;
```
### 2. What did you expect to see? (Required)
```
MySQL [test]> execute stmt using @a,@b,@c;
+------+-----+
| a    | b   |
+------+-----+
|  102 | 102 |
+------+-----+
1 row in set (0.00 sec)

MySQL [test]> set @a=-97, @b=-97, @c=-97;
Query OK, 0 rows affected (0.00 sec)

MySQL [test]> execute stmt using @a,@b,@c;
Empty set (0.00 sec)
```

### 3. What did you see instead (Required)
```
MySQL [test]> execute stmt using @a,@b,@c;
+------+-----+
| a    | b   |
+------+-----+
|  102 | 102 |
+------+-----+
1 row in set (0.00 sec)

MySQL [test]> set @a=-97, @b=-97, @c=-97;
Query OK, 0 rows affected (0.00 sec)

MySQL [test]> execute stmt using @a,@b,@c;
+------+-----+
| a    | b   |
+------+-----+
|  102 | 102 |
+------+-----+
1 row in set (0.00 sec)
```
### 4. What is your TiDB version? (Required)

<!-- Paste the output of SELECT tidb_version() -->
master
