ID: 34998
Title: extract day_microsecond from time column
Description:
## Bug Report

Please answer these questions before submitting your issue. Thanks!

### 1. Minimal reproduce step (Required)

<!-- a step by step guide for reproducing the bug. -->
```
CREATE TABLE `PK_S_MULTI_43` (
  `COL1` time(2) NOT NULL,
  `COL2` time(2) NOT NULL,
  `COL3` time(2) DEFAULT NULL,
  PRIMARY KEY (`COL1`,`COL2`)
) ENGINE=InnoDB DEFAULT CHARSET=utf8mb4 COLLATE=utf8mb4_bin;
insert into PK_S_MULTI_43(col1, col2) values("-512:37:22.00", "-512:37:22.00");
select extract(day_microsecond from "-512:37:22.00");
select extract(day_microsecond from col1) from PK_S_MULTI_43;
```
### 2. What did you expect to see? (Required)
```
MySQL [test]>  select extract(day_microsecond from "-512:37:22.00");
+-----------------------------------------------+
| extract(day_microsecond from "-512:37:22.00") |
+-----------------------------------------------+
|                                -5123722000000 |
+-----------------------------------------------+
1 row in set (0.00 sec)

MySQL [test]> select extract(day_microsecond from col1) from PK_S_MULTI_43;
+------------------------------------+
| extract(day_microsecond from col1) |
+------------------------------------+
|                      -5123722000000 |
+------------------------------------+
1 row in set (0.00 sec)

```
### 3. What did you see instead (Required)
```
MySQL [test]>  select extract(day_microsecond from "-512:37:22.00");
+-----------------------------------------------+
| extract(day_microsecond from "-512:37:22.00") |
+-----------------------------------------------+
|                                -5123722000000 |
+-----------------------------------------------+
1 row in set (0.00 sec)

MySQL [test]> select extract(day_microsecond from col1) from PK_S_MULTI_43;
+------------------------------------+
| extract(day_microsecond from col1) |
+------------------------------------+
|                      5152238000000 |
+------------------------------------+
1 row in set (0.00 sec)

```
### 4. What is your TiDB version? (Required)

<!-- Paste the output of SELECT tidb_version() -->
master
