ID: 35416
Title: when date format is not valid , results are not consistent with mysql
Description:
## Bug Report

Please answer these questions before submitting your issue. Thanks!

### 1. Minimal reproduce step (Required)

```sql
drop table if exists t1;
create table t1(f1 int, f2 date);
insert into t1 values(1,'2005-01-01'),(2,'2005-09-01'),(3,'2005-09-30'), (4,'2005-10-01'),(5,'2005-12-30');
select * from t1 where f2 >= '2005-09-31' order by f2;
```

### 2. What did you expect to see? (Required)
```sql
--MySQL 5.7
mysql> select * from t1 where f2 >= '2005-09-31' order by f2;
+------+------------+
| f1   | f2         |
+------+------------+
|    4 | 2005-10-01 |
|    5 | 2005-12-30 |
+------+------------+
2 rows in set (0.00 sec)

---mysql 8.0
mysql> select * from t1 where f2 >= '2005-09-31' order by f2;
ERROR 1525 (HY000): Incorrect DATE value: '2005-09-31'
mysql> 

```
### 3. What did you see instead (Required)
```sql
mysql> select * from t1 where f2 >= '2005-09-31' order by f2;
Empty set, 1 warning (0.00 sec)

mysql> show warnings;
+---------+------+---------------------------------------+
| Level   | Code | Message                               |
+---------+------+---------------------------------------+
| Warning | 1292 | Incorrect datetime value: '2005-9-31' |
+---------+------+---------------------------------------+
1 row in set (0.00 sec)
```
### 4. What is your TiDB version? (Required)
```sql
| version()                                     |
+-----------------------------------------------+
| 5.7.25-TiDB-v6.1.0-alpha-482-g81a852077-dirty |
+-----------------------------------------------+
1 row in set (0.00 sec)
```

