ID: 36224
Title: Temporary table does not use AUTO_INCREMENT initialisation
Description:
## Bug Report

Please answer these questions before submitting your issue. Thanks!

### 1. Minimal reproduce step (Required)

<!-- a step by step guide for reproducing the bug. -->

```
create temporary table t (a int not null auto_increment primary key) auto_increment = 100;
show create table t;
insert into t values (null);
select * from t;
```

### 2. What did you expect to see? (Required)

```
mysql> create temporary table t (a int not null auto_increment primary key) auto_increment = 100;
Query OK, 0 rows affected (0,01 sec)

mysql> show create table t;
+-------+---------------------------------------------------------------------------------------------------------------------------------------------------------------------------+
| Table | Create Table                                                                                                                                                              |
+-------+---------------------------------------------------------------------------------------------------------------------------------------------------------------------------+
| t     | CREATE TEMPORARY TABLE `t` (
  `a` int NOT NULL AUTO_INCREMENT,
  PRIMARY KEY (`a`)
) ENGINE=InnoDB AUTO_INCREMENT=100 DEFAULT CHARSET=utf8mb4 COLLATE=utf8mb4_0900_ai_ci |
+-------+---------------------------------------------------------------------------------------------------------------------------------------------------------------------------+
1 row in set (0,01 sec)

mysql> insert into t values (null);
Query OK, 1 row affected (0,00 sec)

mysql> select * from t;
+-----+
| a   |
+-----+
| 100 |
+-----+
1 row in set (0,00 sec)
```
### 3. What did you see instead (Required)

```
tidb> create temporary table t (a int not null auto_increment primary key) auto_increment = 100;
Query OK, 0 rows affected (0,00 sec)

tidb> show create table t;
+-------+----------------------------------------------------------------------------------------------------------------------------------------------------------------------------------------+
| Table | Create Table                                                                                                                                                                           |
+-------+----------------------------------------------------------------------------------------------------------------------------------------------------------------------------------------+
| t     | CREATE TEMPORARY TABLE `t` (
  `a` int(11) NOT NULL AUTO_INCREMENT,
  PRIMARY KEY (`a`) /*T![clustered_index] CLUSTERED */
) ENGINE=InnoDB DEFAULT CHARSET=utf8mb4 COLLATE=utf8mb4_bin |
+-------+----------------------------------------------------------------------------------------------------------------------------------------------------------------------------------------+
1 row in set (0,00 sec)

tidb> insert into t values (null);
Query OK, 1 row affected (0,01 sec)

tidb> select * from t;
+---+
| a |
+---+
| 1 |
+---+
1 row in set (0,00 sec)
```

### 4. What is your TiDB version? (Required)

<!-- Paste the output of SELECT tidb_version() -->
```
tidb_version(): Release Version: v6.2.0-alpha-378-g987bdd3014
Edition: Community
Git Commit Hash: 987bdd3014d8c90302caac3e99092d8014c47109
Git Branch: master
UTC Build Time: 2022-07-14 16:08:35
GoVersion: go1.18
Race Enabled: false
TiKV Min Version: v3.0.0-60965b006877ca7234adaced7890d7b029ed1306
Check Table Before Drop: false
Store: unistore
```
