ID: 36302
Title: load data infile behavior differences between TiDB and MySQL when columns order is changed
Description:
## Bug Report

Please answer these questions before submitting your issue. Thanks!

### 1. Minimal reproduce step (Required)

1. Prepare `test.tsv` file that file needs separated by hard tab
```
1       100     test1
2       200     test2
3       300     \N
```
2. Start up `tiup playground. 

```
%  tiup playground
```

3. Login to TiDB using mysql cli with `--local-infile=1` option
```
% mysql --comments --host 127.0.0.1 --port 4000 -u root  --local-infile=1
```

4. At MySQL cli, set `SET GLOBAL local_infile=on; ` to allow load infile.
mysql> use test;
mysql> SET GLOBAL local_infile=on; 

5. Create table `test`

```
mysql> create table test (id int primary key, num int, str text);
```
6. Execute `load data local infile` those columns order is different from the table definition and test.tsv file.
```
mysql> load data local infile 'test.tsv' into table test (id, str, num);
```
7. Select test table

### 3. What did you see instead (Required)
- TiDB playground
```
mysql> select * from test;
+----+------+-------+
| id | num  | str   |
+----+------+-------+
|  1 |  100 | test1 |
|  2 |  200 | test2 |
|  3 |  300 | NULL  |
+----+------+-------+
3 rows in set (0.01 sec)

mysql>
```

- Result with MySQL 8.0.29
```
mysql> load data local infile 'test.tsv' into table test (id, str, num);
Query OK, 3 rows affected, 2 warnings (0.01 sec)
Records: 3  Deleted: 0  Skipped: 0  Warnings: 2

mysql> show warnings;
+---------+------+------------------------------------------------------------+
| Level   | Code | Message                                                    |
+---------+------+------------------------------------------------------------+
| Warning | 1366 | Incorrect integer value: 'test1' for column 'num' at row 1 |
| Warning | 1366 | Incorrect integer value: 'test2' for column 'num' at row 2 |
+---------+------+------------------------------------------------------------+
2 rows in set (0.00 sec)

mysql> select * from test;
+----+------+------+
| id | num  | str  |
+----+------+------+
|  1 |    0 | 100  |
|  2 |    0 | 200  |
|  3 | NULL | 300  |
+----+------+------+
3 rows in set (0.00 sec)

mysql> select version();
+-----------+
| version() |
+-----------+
| 8.0.29    |
+-----------+
1 row in set (0.00 sec)

mysql>
```

### 4. What is your TiDB version? (Required)

```
mysql> select tidb_version()\G
*************************** 1. row ***************************
tidb_version(): Release Version: v6.1.0
Edition: Community
Git Commit Hash: 1a89decdb192cbdce6a7b0020d71128bc964d30f
Git Branch: heads/refs/tags/v6.1.0
UTC Build Time: 2022-06-05 05:09:34
GoVersion: go1.18.2
Race Enabled: false
TiKV Min Version: v3.0.0-60965b006877ca7234adaced7890d7b029ed1306
Check Table Before Drop: false
1 row in set (0.00 sec)
```
