ID: 3650
Title: Muti-update behavior with mysql.
Description:
## Description
In Mysql:
```
mysql> select * from t;
+------+------+
| a    | b    |
+------+------+
|    3 |    1 |
|    4 |    2 |
|    5 |    3 |
+------+------+

mysql> select * from tt;
+------+------+
| a    | b    |
+------+------+
|    3 |    1 |
|    4 |    2 |
|    5 |    3 |
+------+------+

mysql> update t, tt set t.a=t.a+1, tt.a=t.a+1;
Query OK, 5 rows affected (0.01 sec)
Rows matched: 6  Changed: 5  Warnings: 0

mysql> select * from t;
+------+------+
| a    | b    |
+------+------+
|    4 |    1 |
|    5 |    2 |
|    6 |    3 |
+------+------+
3 rows in set (0.00 sec)

mysql> select * from tt;
+------+------+
| a    | b    |
+------+------+
|    5 |    1 |
|    5 |    2 |
|    5 |    3 |
+------+------+
3 rows in set (0.00 sec)
```

And something as strange as this when do multi-update.
It's hard to be completely comatible with it.

## SIG slack channel

 [#sig-exec](https://slack.tidb.io/invite?team=tidb-community&channel=sig-exec&ref=high-performance)

## Score

- 300

## Mentor

* @lzmhhh123
