ID: 37285
Title: The default order of `WHERE ... IN ...` clause is different with MySQL
Description:
## Bug Report

Please answer these questions before submitting your issue. Thanks!

### 1. Minimal reproduce step (Required)

<!-- a step by step guide for reproducing the bug. -->

```sql
CREATE TABLE T1(a INT PRIMARY KEY);
INSERT INTO T1 VALUES(5), (4), (3), (2), (1);
SELECT * FROM T1 WHERE a IN (4, 3, 5, 2, 1);
```

### 2. What did you expect to see? (Required)

MySQL:

```
MySQL root@127.0.0.1:test> SELECT * FROM T1 WHERE a IN (4, 3, 5, 2, 1);
+---+
| a |
+---+
| 1 |
| 2 |
| 3 |
| 4 |
| 5 |
+---+
5 rows in set
Time: 0.045s
```

### 3. What did you see instead (Required)

TiDB:

```
mysql> SELECT * FROM T1 WHERE a IN (4, 3, 5, 2, 1);
+---+
| a |
+---+
| 4 |
| 3 |
| 5 |
| 2 |
| 1 |
+---+
5 rows in set (0.00 sec)
```

### 4. What is your TiDB version? (Required)

<!-- Paste the output of SELECT tidb_version() -->

```
mysql> SELECT tidb_version()\G
*************************** 1. row ***************************
tidb_version(): Release Version: v6.3.0-alpha
Edition: Community
Git Commit Hash: 8b5b724d8a932239303a1d0ba547323eb0e5161b
Git Branch: heads/refs/tags/v6.3.0-alpha
UTC Build Time: 2022-08-19 14:25:37
GoVersion: go1.18.5
Race Enabled: false
TiKV Min Version: 6.2.0-alpha
Check Table Before Drop: false
Store: tikv
1 row in set (0.00 sec)
```
