ID: 37611
Title: get wrong result after modify a generated column
Description:
## Bug Report

Please answer these questions before submitting your issue. Thanks!

### 1. Minimal reproduce step (Required)

<!-- a step by step guide for reproducing the bug. -->
```sql
create table t(a char(5), b char(6) as (concat(a, a)), index idx(b));
set @@sql_mode='';
insert into t (a) values ('aaa');
insert into t (a) values ('aaaa');
alter table t modify b char(10) as (concat(a, a));
set @@sql_mode=default;

select * from t ignore index(idx) where b = 'aaaaaa';
select * from t force index(idx) where b = 'aaaaaa';
```

### 2. What did you expect to see? (Required)

it should get the same result with or without an index
```sql
mysql root@localhost:test> select * from t force index(idx) where b = 'aaaaaa';
+-----+--------+
| a   | b      |
+-----+--------+
| aaa | aaaaaa |
+-----+--------+
1 row in set
Time: 0.010s
mysql root@localhost:test> select * from t ignore index(idx) where b = 'aaaaaa';
+-----+--------+
| a   | b      |
+-----+--------+
| aaa | aaaaaa |
+-----+--------+
```

### 3. What did you see instead (Required)

```sql
mysql root@localhost:test> select * from t force index(idx) where b = 'aaaaaa';
+------+----------+
| a    | b        |
+------+----------+
| aaa  | aaaaaa   |
| aaaa | aaaaaaaa |
+------+----------+
2 rows in set
Time: 0.010s
mysql root@localhost:test> select * from t ignore index(idx) where b = 'aaaaaa';
+-----+--------+
| a   | b      |
+-----+--------+
| aaa | aaaaaa |
+-----+--------+
1 row in set
```

also `admin check table t;` report `data inconsistency`

### 4. What is your TiDB version? (Required)

<!-- Paste the output of SELECT tidb_version() -->

