ID: 3771
Title: concat / union select compatibility
Description:
MySQL:

```
mysql> select 'a' union select concat('a', -4);
+------+
| a    |
+------+
| a    |
| a-4  |
+------+
2 rows in set (0.00 sec)
```

TiDB:

```
mysql> select 'a' union select concat('a', -4);
+------+
| 'a'  |
+------+
| a    |
+------+
1 row in set (0.01 sec)
```

More in mysql-test:

```
select 'a' union select concat('a', -4);
a
a
a-4
select 'a' union select concat('a', -4.5);
a
a
a-4.5
select 'a' union select concat('a', -(4 + 1));
a
a
a-5
select 'a' union select concat('a', 4 - 5);
a
a
a-1
select 'a' union select concat('a', -'3');
a
a
a-3
select 'a' union select concat('a', -concat('3',4));
a
a
a-34
select 'a' union select concat('a', -0);
a
a
a0
select 'a' union select concat('a', -0.0);
a
a
a0.0
select 'a' union select concat('a', -0.0000);
a
a
a0.0000
```