ID: 3773
Title: subquery NULL compatibility
Description:
## Description
MySQL:

```
mysql> drop table t1;
mysql> create table t1 (a varchar(20));
mysql> insert into t1 values ('A'),('BC'),('DEF');
mysql> select NULL IN (SELECT * from t1);
+----------------------------+
| NULL IN (SELECT * from t1) |
+----------------------------+
|                       NULL |
+----------------------------+
1 row in set (0.00 sec)
```

TiDB:

```
mysql> drop table t1;
mysql> create table t1 (a varchar(20));
mysql> insert into t1 values ('A'),('BC'),('DEF');
mysql> select NULL IN (SELECT * from t1);
mysql> select NULL IN (SELECT * from t1);
+----------------------------+
| NULL IN (SELECT * from t1) |
+----------------------------+
|                          0 |
+----------------------------+
1 row in set (0.00 sec)
```
## SIG slack channel

 [#sig-exec](https://slack.tidb.io/invite?team=tidb-community&channel=sig-exec&ref=high-performance)

## Score

- 900

## Mentor

* @lzmhhh123
