ID: 37760
Title: wrong query result when tidb_opt_range_max_size = 1
Description:
## Bug Report

Please answer these questions before submitting your issue. Thanks!

### 1. Minimal reproduce step (Required)
```
use test;
create table t(a int primary key);
insert into t values (2), (4), (6);
set @@tidb_opt_range_max_size = 1;
select * from t where a;
```

### 2. What did you expect to see? (Required)
```
mysql> select * from t where a;
+---+
| a |
+---+
| 2 |
| 4 |
| 6 |
+---+
3 rows in set, 1 warning (0.00 sec)
```

### 3. What did you see instead (Required)
```
mysql> select * from t where a;
Empty set, 1 warning (0.00 sec)
```

### 4. What is your TiDB version? (Required)
```
mysql> select tidb_version();
+--------------------------------------------------------------------------------------------------------------------------------------------------------------------------------------------------------------------------------------------------------------------------------------------------+
| tidb_version()                                                                                                                                                                                                                                                                                   |
+--------------------------------------------------------------------------------------------------------------------------------------------------------------------------------------------------------------------------------------------------------------------------------------------------+
| Release Version: v5.4.0-1544-g12ae85f32
Edition: Community
Git Commit Hash: 12ae85f32b11ba4ed5ed9ec111cb6777d860e3ac
Git Branch: master
UTC Build Time: 2022-09-12 03:51:47
GoVersion: go1.18.1
Race Enabled: false
TiKV Min Version: 6.2.0-alpha
Check Table Before Drop: false
Store: unistore |
+--------------------------------------------------------------------------------------------------------------------------------------------------------------------------------------------------------------------------------------------------------------------------------------------------+
1 row in set (0.00 sec)
```

