ID: 37784
Title: some of the json function does not check the arguments type
Description:
## Bug Report

Please answer these questions before submitting your issue. Thanks!

### 1. Minimal reproduce step (Required)

<!-- a step by step guide for reproducing the bug. -->
```sql
mysql> select json_extract(1, '$.a');
+------------------------+
| json_extract(1, '$.a') |
+------------------------+
| NULL                   |
+------------------------+
1 row in set (0.00 sec)
```

### 2. What did you expect to see? (Required)

```
mysql> select json_extract(1, '$.a');
ERROR 3146 (22032): Invalid data type for JSON data in argument 1 to function json_extract; a JSON string or JSON type is required.
```

### 3. What did you see instead (Required)

```sql
mysql> select json_extract(1, '$.a');
+------------------------+
| json_extract(1, '$.a') |
+------------------------+
| NULL                   |
+------------------------+
1 row in set (0.00 sec)
```

### 4. What is your TiDB version? (Required)

<!-- Paste the output of SELECT tidb_version() -->

