ID: 37928
Title: CTE + Union return incorrect results
Description:
## Bug Report

Please answer these questions before submitting your issue. Thanks!

### 1. Minimal reproduce step (Required)

1. query
```
with cte1 as (select 1), cte2 as (select 2) select * from cte1 union (with cte2 as (select 3) select * from cte2 union all select * from cte2);
```

### 2. What did you expect to see? (Required)

```
+------+
| 1    |
+------+
|    3 |
|    1 |
+------+
2 rows in set (0.00 sec)
```

### 3. What did you see instead (Required)

```
+------+
| 1    |
+------+
|    2 |
|    1 |
+------+
2 rows in set (0.00 sec)
```

### 4. What is your TiDB version? (Required)

v6.2.0

<!-- Paste the output of SELECT tidb_version() -->

