ID: 38848
Title: information_schema table return wrong result
Description:
## Bug Report

Please answer these questions before submitting your issue. Thanks!

### 1. Minimal reproduce step (Required)

- use information_schema database
```sql
mysql> select * from (select rs.region_id, table_id, db_name, table_name, store_id from TIKV_REGION_STATUS rs inner join TIKV_REGION_PEERS rp on rs.region_id = rp.region_id) result where result.table_id = 1053;
+-----------+----------+---------+------------------+----------+
| region_id | table_id | db_name | table_name       | store_id |
+-----------+----------+---------+------------------+----------+
|      3074 |      989 | tp      | web_sales        |        1 |
|      3074 |     1053 | tp      | dbgen_version    |        1 |
|      3074 |     1055 | tp      | customer_address |        1 |
+-----------+----------+---------+------------------+----------+
3 rows in set (0.01 sec)
```

- copy ddl and data to physical table
```sql
mysql> insert into TIKV_REGION_PEERS select * from information_schema.TIKV_REGION_PEERS;
Query OK, 711 rows affected (0.04 sec)
Records: 711  Duplicates: 0  Warnings: 0

mysql> insert into TIKV_REGION_STATUS select * from information_schema.TIKV_REGION_STATUS;
Query OK, 2464 rows affected (0.17 sec)
Records: 2464  Duplicates: 0  Warnings: 0

mysql> select * from (select rs.region_id, table_id, db_name, table_name, store_id from TIKV_REGION_STATUS rs inner join TIKV_REGION_PEERS rp on rs.region_id = rp.region_id) result where result.table_id = 1053;
+-----------+----------+---------+---------------+----------+
| region_id | table_id | db_name | table_name    | store_id |
+-----------+----------+---------+---------------+----------+
|      3074 |     1053 | tp      | dbgen_version |        1 |
+-----------+----------+---------+---------------+----------+
1 row in set (0.04 sec)
```

<!-- a step by step guide for reproducing the bug. -->

### 2. What did you expect to see? (Required)
```sql
+-----------+----------+---------+---------------+----------+
| region_id | table_id | db_name | table_name    | store_id |
+-----------+----------+---------+---------------+----------+
|      3074 |     1053 | tp      | dbgen_version |        1 |
+-----------+----------+---------+---------------+----------+
```

### 3. What did you see instead (Required)

```sql
+-----------+----------+---------+------------------+----------+
| region_id | table_id | db_name | table_name       | store_id |
+-----------+----------+---------+------------------+----------+
|      3074 |      989 | tp      | web_sales        |        1 |
|      3074 |     1053 | tp      | dbgen_version    |        1 |
|      3074 |     1055 | tp      | customer_address |        1 |
+-----------+----------+---------+------------------+----------+
```
### 4. What is your TiDB version? (Required)

v6.3.0
<!-- Paste the output of SELECT tidb_version() -->

