ID: 39963
Title: cast json string to char(N) is different from mysql
Description:
## Bug Report

Please answer these questions before submitting your issue. Thanks!

### 1. Minimal reproduce step (Required)

```sql
mysql> select cast(cast('"aaaa"' as json) as char(2));
+-----------------------------------------+
| cast(cast('"aaaa"' as json) as char(2)) |
+-----------------------------------------+
| "aaaa"                                  |
+-----------------------------------------+
1 row in set (0.01 sec)
```
<!-- a step by step guide for reproducing the bug. -->

### 2. What did you expect to see? (Required)

```sql
mysql> select cast(cast('"aaaa"' as json) as char(2));
+-----------------------------------------+
| cast(cast('"aaaa"' as json) as char(2)) |
+-----------------------------------------+
| "a                                      |
+-----------------------------------------+
1 row in set, 1 warning (0.00 sec)
```

with a warning

### 3. What did you see instead (Required)

### 4. What is your TiDB version? (Required)

<!-- Paste the output of SELECT tidb_version() -->

