ID: 40488
Title: execution: wrong result when comparing float values in some cases
Description:
## Bug Report

Please answer these questions before submitting your issue. Thanks!

### 1. Minimal reproduce step (Required)

<!-- a step by step guide for reproducing the bug. -->

```
create table t (a float(5, 2));
insert into t values (13.33);
select * from t where a=13.33;
```

### 2. What did you expect to see? (Required)

```
mysql>  select * from t where a=13.33;
+-------+
| a     |
+-------+
| 13.33 |
+-------+
1 row in set (0.00 sec)
```

### 3. What did you see instead (Required)

```
mysql> select * from t where a=13.33;
Empty set (0.00 sec)
```

### 4. What is your TiDB version? (Required)

<!-- Paste the output of SELECT tidb_version() -->

```
mysql> select version();
+------------------------------------------------+
| version()                                      |
+------------------------------------------------+
| 5.7.25-TiDB-v6.6.0-alpha-186-gbb314af0c4-dirty |
+------------------------------------------------+
1 row in set (0.00 sec)
```

Seems like it's a precision problem:
![166e9fd8-f4b5-4865-8207-bc937444110b](https://user-images.githubusercontent.com/7499936/211713080-7f1ae623-29ff-46a4-b20a-15e9e3a5e03b.jpeg)



