ID: 40979
Title: timezone name will be changed after some operations
Description:
## Bug Report

Please answer these questions before submitting your issue. Thanks!

### 1. Minimal reproduce step (Required)

```
mysql> set @@time_zone=(select 'Asia/Shanghai');
Query OK, 0 rows affected (0.00 sec)

mysql> select TIDB_TABLE_ID from information_schema.tables where TABLE_SCHEMA='aaaa';
Empty set (0.13 sec)

mysql> select @@time_zone;
+---------------+
| @@time_zone   |
+---------------+
| INFORMATION_S |
+---------------+
1 row in set (0.02 sec)
```

### 2. What did you expect to see? (Required)

The timezone should not change

### 3. What did you see instead (Required)

The time zone changed to a strange value:

```
mysql> select @@time_zone;
+---------------+
| @@time_zone   |
+---------------+
| INFORMATION_S |
+---------------+
1 row in set (0.02 sec)
```

### 4. What is your TiDB version? (Required)

<!-- Paste the output of SELECT tidb_version() -->

```
mysql> select tidb_version();
+---------------------------------------------------------------------------------------------------------------------------------------------------------------------------------------------------------------------------+
| tidb_version()                                                                                                                                                                                                            |
+---------------------------------------------------------------------------------------------------------------------------------------------------------------------------------------------------------------------------+
| Release Version: None
Edition: Community
Git Commit Hash: None
Git Branch: None
UTC Build Time: None
GoVersion: go1.19.4
Race Enabled: false
TiKV Min Version: 6.2.0-alpha
Check Table Before Drop: false
Store: unistore |
+---------------------------------------------------------------------------------------------------------------------------------------------------------------------------------------------------------------------------+
1 row in set (0.01 sec)
```
