ID: 41233
Title: wrong result using HashAgg + HashJoin
Description:
## Bug Report

Please answer these questions before submitting your issue. Thanks!

### 1. Minimal reproduce step (Required)

<!-- a step by step guide for reproducing the bug. -->
``` SQL
CREATE TABLE `3fdd1494` (
  `b28ee643` smallint(6) DEFAULT '-8579',
  `ae3df44e` varchar(254) NOT NULL DEFAULT 's524s2u6hw58ihpj',
  PRIMARY KEY (`ae3df44e`) /*T![clustered_index] CLUSTERED */,
  KEY `8c03df3c` (`ae3df44e`)
) ENGINE=InnoDB DEFAULT CHARSET=utf8mb4 COLLATE=utf8mb4_bin COMMENT='21a01f6f';

INSERT INTO `3fdd1494` VALUES (14904,'&Zf*7Di'), (719,'+wa'), (24083,'B8qx58moOKyMJ6'), (5599,'Og'), (8257,'_aQtWUs_d_x79'), (-21510,'s524s2u6hw58ihpj');

CREATE TABLE `6e9363d4` (
  `c45c2a58` set('03r','nr96','kjnc','4g6b3','8c9','o','oktq','wgc8','lhm','vy5t6','oij') DEFAULT '03r',
  `ac8fa6dd` time DEFAULT '22:01:57',
  `9fcbab0e` double NOT NULL DEFAULT '1.3132037280646642',
  PRIMARY KEY (`9fcbab0e`) /*T![clustered_index] CLUSTERED */,
  KEY `6b57dd34` (`9fcbab0e`)
) ENGINE=InnoDB DEFAULT CHARSET=utf8mb4 COLLATE=utf8mb4_bin COMMENT='37825658';

INSERT INTO `6e9363d4` VALUES ('vy5t6','12:27:18',0), ('nr96','22:01:57',1.3132037280646642), ('wgc8','05:50:00',1102.6843293665554), ('wgc8','20:47:04',1493.4645558317839), ('wgc8','20:47:04',1576.2416143577166), ('oij','12:16:40',1844.8632008022303), ('wgc8','20:47:04',2728.6294937407706), ('wgc8','20:47:04',2812.133690407242), ('03r','04:39:27',3147.9887045101364), ('wgc8','21:15:46',3187.0082905376457), ('wgc8','20:47:04',3387.2539535208557), ('wgc8','18:03:32',3745.6008982968724), ('wgc8','07:36:42',3788.106480211163), ('8c9','23:10:06',4075.700553134367), ('wgc8','20:47:04',4122.775370427306), ('wgc8','07:29:46',4245.411486697009), ('wgc8','22:03:02',4666.6610993220565), ('wgc8','10:52:24',5204.311307546626), ('wgc8','20:47:04',5224.883076954618), ('wgc8','20:47:04',5248.41875078816), (NULL,'06:37:54',5680.180251350379), ('wgc8','00:12:02',5806.563005025912), ('wgc8','01:57:56',5981.88256769544), ('wgc8','13:18:11',6627.551809891881), ('wgc8','20:47:04',6684.811239614201), ('wgc8','15:44:23',6877.837544086807), ('wgc8','19:46:57',7183.613271692113), ('wgc8','07:43:38',7356.453664084392), ('wgc8','09:07:33',7815.069543492115), ('wgc8','03:54:07',8220.911478793083), ('wgc8','22:01:57',8727.809144090777), ('wgc8','20:47:04',9320.678307968814), ('wgc8',NULL,9336.920610443365), ('wgc8','22:01:57',9840.958344333976), ('o','05:56:38',9940.441137212634);

select     concat_ws(',', `6e9363d4`.`ac8fa6dd` , `6e9363d4`.`9fcbab0e` ) as r0 , count(   `3fdd1494`.`b28ee643` ) as r1 , ord( `6e9363d4`.`ac8fa6dd` ) as r2 from `3fdd1494` , `6e9363d4`  group by `3fdd1494`.`b28ee643`;

```


### 2. What did you expect to see? (Required)
``` SQL
mysql> select   /*+  stream_agg() */ /*+ inl_hash_join( `3fdd1494` , `6e9363d4` ) */ concat_ws(',', `6e9363d4`.`ac8fa6dd` , `6e9363d4`.`9fcbab0e` ) as r0 , count(   `3fdd1494`.`b28ee643` ) as r1 , ord( `6e9363d4`.`ac8fa6dd` ) as r2 from `3fdd1494` , `6e9363d4`  group by `3fdd1494`.`b28ee643`;
+-----------------------------+----+------+
| r0                          | r1 | r2   |
+-----------------------------+----+------+
| 05:56:38,9940.441137212634  | 35 |   48 |
| 10:52:24,5204.311307546626  | 35 |   49 |
| 07:29:46,4245.411486697009  | 35 |   48 |
| 20:47:04,5224.883076954618  | 35 |   50 |
| 04:39:27,3147.9887045101364 | 35 |   48 |
| 10:52:24,5204.311307546626  | 35 |   49 |
+-----------------------------+----+------+
6 rows in set (0.01 sec)

mysql> desc select   /*+  stream_agg() */ /*+ inl_hash_join( `3fdd1494` , `6e9363d4` ) */ concat_ws(',', `6e9363d4`.`ac8fa6dd` , `6e9363d4`.`9fcbab0e` ) as r0 , count(   `3fdd1494`.`b28ee643` ) as r1 , ord( `6e9363d4`.`ac8fa6dd` ) as r2 from `3fdd1494` , `6e9363d4`  group by `3fdd1494`.`b28ee643`;
+-------------------------------------+-----------+-----------+----------------+----------------------------------------------------------------------------------------------------------------------------------------------------------------------------------------------------------------+
| id                                  | estRows   | task      | access object  | operator info                                                                                                                                                                                                  |
+-------------------------------------+-----------+-----------+----------------+----------------------------------------------------------------------------------------------------------------------------------------------------------------------------------------------------------------+
| Projection_8                        | 8000.00   | root      |                | concat_ws(,, cast(test.6e9363d4.ac8fa6dd, var_string(10)), cast(test.6e9363d4.9fcbab0e, var_string(5)))->Column#7, Column#6, ord(cast(test.6e9363d4.ac8fa6dd, var_string(10)))->Column#8                       |
| └─StreamAgg_12                      | 8000.00   | root      |                | group by:test.3fdd1494.b28ee643, funcs:count(test.3fdd1494.b28ee643)->Column#6, funcs:firstrow(test.6e9363d4.ac8fa6dd)->test.6e9363d4.ac8fa6dd, funcs:firstrow(test.6e9363d4.9fcbab0e)->test.6e9363d4.9fcbab0e |
|   └─Sort_21                         | 350000.00 | root      |                | test.3fdd1494.b28ee643                                                                                                                                                                                         |
|     └─Projection_14                 | 350000.00 | root      |                | test.3fdd1494.b28ee643, test.6e9363d4.ac8fa6dd, test.6e9363d4.9fcbab0e                                                                                                                                         |
|       └─HashJoin_16                 | 350000.00 | root      |                | CARTESIAN inner join                                                                                                                                                                                           |
|         ├─TableReader_18(Build)     | 35.00     | root      |                | data:TableFullScan_17                                                                                                                                                                                          |
|         │ └─TableFullScan_17        | 35.00     | cop[tikv] | table:6e9363d4 | keep order:false, stats:pseudo                                                                                                                                                                                 |
|         └─TableReader_20(Probe)     | 10000.00  | root      |                | data:TableFullScan_19                                                                                                                                                                                          |
|           └─TableFullScan_19        | 10000.00  | cop[tikv] | table:3fdd1494 | keep order:false, stats:pseudo                                                                                                                                                                                 |
+-------------------------------------+-----------+-----------+----------------+----------------------------------------------------------------------------------------------------------------------------------------------------------------------------------------------------------------+
9 rows in set (0.00 sec)

```

### 3. What did you see instead (Required)
``` SQL
mysql> select     concat_ws(',', `6e9363d4`.`ac8fa6dd` , `6e9363d4`.`9fcbab0e` ) as r0 , count(   `3fdd1494`.`b28ee643` ) as r1 , ord( `6e9363d4`.`ac8fa6dd` ) as r2 from `3fdd1494` , `6e9363d4`  group by `3fdd1494`.`b28ee643`;
+----------------------------+----+------+
| r0                         | r1 | r2   |
+----------------------------+----+------+
| 05:56:38,9940.441137212634 | 35 |   48 |
| 05:56:38,9940.441137212634 | 35 |   48 |
| 05:56:38,9940.441137212634 | 35 |   48 |
| 05:56:38,9940.441137212634 | 35 |   48 |
| 05:56:38,9940.441137212634 | 35 |   48 |
| 05:56:38,9940.441137212634 | 35 |   48 |
+----------------------------+----+------+
6 rows in set (0.01 sec)

desc select  concat_ws(',', `6e9363d4`.`ac8fa6dd` , `6e9363d4`.`9fcbab0e` ) as r0 , count(   `3fdd1494`.`b28ee643` ) as r1 , ord( `6e9363d4`.`ac8fa6dd` ) as r2 from `3fdd1494` , `6e9363d4`  group by `3fdd1494`.`b28ee643`;
+-----------------------------------+-----------+-----------+----------------+----------------------------------------------------------------------------------------------------------------------------------------------------------------------------------------------------------------+
| id                                | estRows   | task      | access object  | operator info                                                                                                                                                                                                  |
+-----------------------------------+-----------+-----------+----------------+----------------------------------------------------------------------------------------------------------------------------------------------------------------------------------------------------------------+
| Projection_8                      | 8000.00   | root      |                | concat_ws(,, cast(test.6e9363d4.ac8fa6dd, var_string(10)), cast(test.6e9363d4.9fcbab0e, var_string(5)))->Column#7, Column#6, ord(cast(test.6e9363d4.ac8fa6dd, var_string(10)))->Column#8                       |
| └─HashAgg_9                       | 8000.00   | root      |                | group by:test.3fdd1494.b28ee643, funcs:count(test.3fdd1494.b28ee643)->Column#6, funcs:firstrow(test.6e9363d4.ac8fa6dd)->test.6e9363d4.ac8fa6dd, funcs:firstrow(test.6e9363d4.9fcbab0e)->test.6e9363d4.9fcbab0e |
|   └─Projection_10                 | 350000.00 | root      |                | test.3fdd1494.b28ee643, test.6e9363d4.ac8fa6dd, test.6e9363d4.9fcbab0e                                                                                                                                         |
|     └─HashJoin_12                 | 350000.00 | root      |                | CARTESIAN inner join                                                                                                                                                                                           |
|       ├─TableReader_14(Build)     | 35.00     | root      |                | data:TableFullScan_13                                                                                                                                                                                          |
|       │ └─TableFullScan_13        | 35.00     | cop[tikv] | table:6e9363d4 | keep order:false, stats:pseudo                                                                                                                                                                                 |
|       └─TableReader_16(Probe)     | 10000.00  | root      |                | data:TableFullScan_15                                                                                                                                                                                          |
|         └─TableFullScan_15        | 10000.00  | cop[tikv] | table:3fdd1494 | keep order:false, stats:pseudo                                                                                                                                                                                 |
+-----------------------------------+-----------+-----------+----------------+----------------------------------------------------------------------------------------------------------------------------------------------------------------------------------------------------------------+
8 rows in set (0.00 sec)
```
### 4. What is your TiDB version? (Required)
master
<!-- Paste the output of SELECT tidb_version() -->

