ID: 41797
Title:  Mdl: result not consistent
Description:
## Bug Report

Please answer these questions before submitting your issue. Thanks!

### 1. Minimal reproduce step (Required)

<!-- a step by step guide for reproducing the bug. -->

<html>
<body>
<!--StartFragment--><!DOCTYPE html><figure class="md-table-fig" cid="n477" mdtype="table" style="box-sizing: border-box; margin: 1.2em 0px; overflow-x: auto; max-width: calc(100% + 16px); padding: 0px; cursor: default; color: rgb(51, 51, 51); font-family: &quot;Open Sans&quot;, &quot;Clear Sans&quot;, &quot;Helvetica Neue&quot;, Helvetica, Arial, &quot;Segoe UI Emoji&quot;, sans-serif; font-size: 16px; font-style: normal; font-variant-ligatures: normal; font-variant-caps: normal; font-weight: 400; letter-spacing: normal; orphans: 2; text-align: start; text-indent: 0px; text-transform: none; white-space: normal; widows: 2; word-spacing: 0px; -webkit-text-stroke-width: 0px; text-decoration-thickness: initial; text-decoration-style: initial; text-decoration-color: initial;"><br class="Apple-interchange-newline">

session 1 | session 2
-- | --
mysql> create table t (id int); |  
mysql> insert into t values(1); |  
mysql> begin; |  
  | mysql> drop table t; Query OK, 0 rows affected (0.28 sec)
mysql> select *from t; ERROR 1146 (42S02): Table 'test.t' doesn't exist |  
mysql> select *from t; +------+ |  

</figure><br class="Apple-interchange-newline"><!--EndFragment-->
</body>
</html>

### 2. What did you expect to see? (Required)

no error or result consistent.

### 3. What did you see instead (Required)

```
mysql> show global variables like "%enable_metadata%";
+---------------------------+-------+
| Variable_name             | Value |
+---------------------------+-------+
| tidb_enable_metadata_lock | ON    |
+---------------------------+-------+
1 row in set (0.00 sec)

.....


mysql> select *from t;
ERROR 1146 (42S02): Table 'test.t' doesn't exist
mysql> select *from t;
+------+
| id   |
+------+
|    1 |
+------+
1 row in set (0.01 sec)


[2023/03/01 09:14:41.547 +08:00] [WARN] [session.go:2169] ["compile SQL failed"] [conn=7351675591914946967] [error="[schema:1146]Table 'test.t' doesn't exist"] [SQL="select *from t"]
[2023/03/01 09:14:41.547 +08:00] [INFO] [conn.go:1158] ["command dispatched failed"] [conn=7351675591914946967] [connInfo="id:7351675591914946967, addr:127.0.0.1:52150 status:11, collation:utf8_general_ci, user:root"] [command=Query] [status="inTxn:1, autocommit:1"] [sql="select *from t"] [txn_mode=PESSIMISTIC] [timestamp=439781493994684417] [err="[schema:1146]Table 'test.t' doesn't exist"]

```

### 4. What is your TiDB version? (Required)

<!-- Paste the output of SELECT tidb_version() -->

```

mysql> SELECT tidb_version();
+----------------------------------------------------------------------------------------------------------------------------------------------------------------------------------------------------------------------------------------------------------------------------------------------+
| tidb_version()                                                                                                                                                                                                                                                                               |
+----------------------------------------------------------------------------------------------------------------------------------------------------------------------------------------------------------------------------------------------------------------------------------------------+
| Release Version: v6.6.0
Edition: Community
Git Commit Hash: f4ca0821fb96a2bdd37d2fb97eb26c07fc58d4e4
Git Branch: heads/refs/tags/v6.6.0
UTC Build Time: 2023-02-17 14:49:02
GoVersion: go1.19.5
Race Enabled: false
TiKV Min Version: 6.2.0-alpha
Check Table Before Drop: false
Store: tikv |
+----------------------------------------------------------------------------------------------------------------------------------------------------------------------------------------------------------------------------------------------------------------------------------------------+
1 row in set (0.00 sec)

```
