ID: 4296
Title: Incorrect Decimal inference for float literal
Description:
MySQL:

```
mysql> SELECT 151113102019e0;
Field   1:  `151113102019e0`
Catalog:    `def`
Database:   ``
Table:      ``
Org_table:  ``
Type:       DOUBLE
Collation:  binary (63)
Length:     14
Max_length: 12
Decimals:   31
Flags:      NOT_NULL BINARY NUM 


+----------------+
| 151113102019e0 |
+----------------+
|   151113102019 |
+----------------+
1 row in set (0.00 sec)

mysql> SELECT 15111310201912e-2;
Field   1:  `15111310201912e-2`
Catalog:    `def`
Database:   ``
Table:      ``
Org_table:  ``
Type:       DOUBLE
Collation:  binary (63)
Length:     17
Max_length: 15
Decimals:   31
Flags:      NOT_NULL BINARY NUM 


+-------------------+
| 15111310201912e-2 |
+-------------------+
|   151113102019.12 |
+-------------------+
1 row in set (0.00 sec)
```

TiDB:

```
mysql> SELECT 151113102019e0;
Field   1:  `151113102019e0`
Catalog:    `def`
Database:   ``
Table:      ``
Org_table:  ``
Type:       DOUBLE
Collation:  binary (63)
Length:     12
Max_length: 25
Decimals:   12
Flags:      BINARY NUM 


+---------------------------+
| 151113102019e0            |
+---------------------------+
| 151113102019.000000000000 |
+---------------------------+
1 row in set (0.00 sec)

mysql> SELECT 15111310201912e-2;
Field   1:  `15111310201912e-2`
Catalog:    `def`
Database:   ``
Table:      ``
Org_table:  ``
Type:       DOUBLE
Collation:  binary (63)
Length:     15
Max_length: 15
Decimals:   2
Flags:      BINARY NUM 


+-------------------+
| 15111310201912e-2 |
+-------------------+
|   151113102019.12 |
+-------------------+
1 row in set (0.00 sec)
```