ID: 4323
Title: Behavior on VARCHAR data type of comparison operator '=' is different from mysql
Description:
## Description
Please answer these questions before submitting your issue. Thanks!

1. What did you do?
If possible, provide a recipe for reproducing the error.
```
create table t (a char(10), b varchar(10), c binary(10), d varbinary(10));
insert into t values ('text  ','text  ','text  ','text  ');            <-----there're trailing spaces

mysql> desc t;
+-------+---------------+------+-----+---------+-------+
| Field | Type          | Null | Key | Default | Extra |
+-------+---------------+------+-----+---------+-------+
| a     | char(10)      | YES  |     | NULL    |       |
| b     | varchar(10)   | YES  |     | NULL    |       |
| c     | binary(10)    | YES  |     | NULL    |       |
| d     | varbinary(10) | YES  |     | NULL    |       |
+-------+---------------+------+-----+---------+-------+
4 rows in set (0.00 sec)

mysql> select * from t;
+------+--------+------------+--------+
| a    | b      | c          | d      |
+------+--------+------------+--------+
| text | text   | text       | text   |
+------+--------+------------+--------+
1 row in set (0.00 sec)
```


2. What did you expect to see?

MySQL
```
mysql> select * from t where a = 'text';
+------+--------+------------+--------+
| a    | b      | c          | d      |
+------+--------+------------+--------+
| text | text   | text       | text   |
+------+--------+------------+--------+
1 row in set (0.00 sec)

mysql> select * from t where b = 'text';
+------+--------+------------+--------+
| a    | b      | c          | d      |
+------+--------+------------+--------+
| text | text   | text       | text   |
+------+--------+------------+--------+
1 row in set (0.00 sec)

mysql> select * from t where c = 'text';
Empty set (0.00 sec)

mysql> select * from t where d = 'text';
Empty set (0.00 sec)
```

3. What did you see instead?

TiDB treats CHAR and VARCHAR in different ways, so I guess operator '=' is not designed to strictly compare the trailing spaces.
```
MySQL [gin]> select * from t where a='text';
+------+--------+------------+--------+
| a    | b      | c          | d      |
+------+--------+------------+--------+
| text | text   | text       | text   |
+------+--------+------------+--------+
1 row in set (0.00 sec)

MySQL [gin]> select * from t where b='text';
Empty set (0.00 sec)

MySQL [gin]> select * from t where c='text';
Empty set (0.01 sec)

MySQL [gin]> select * from t where d='text';
Empty set (0.00 sec)
```


4. What version of TiDB are you using (`tidb-server -V`)?
Git Commit Hash: 365e4ab491b683a69c2004f30b1ae4f86256e2ad
Git Commit Branch: master
UTC Build Time:  2017-08-16 01:24:27

## SIG slack channel

 [#sig-planner](https://slack.tidb.io/invite?team=tidb-community&channel=sig-planner&ref=high-performance)

## Score

- 900

## Mentor

* @lzmhhh123
