ID: 43264
Title: information_schema.columns shows wrong type `var_string` instead of `varchar` for view
Description:
## Bug Report

Please answer these questions before submitting your issue. Thanks!

### 1. Minimal reproduce step (Required)

<!-- a step by step guide for reproducing the bug. -->

Similar to issue #17096, there is a `var_string` type in the `DATA_TYPE` column of the `information_schema.columns` table, but MySQL returns it as `varchar` type.

```sql
CREATE TABLE User (
    id INT PRIMARY KEY,
    first_name VARCHAR(255) NOT NULL,
    last_name VARCHAR(255) NULL
);

CREATE VIEW Schwuser AS
SELECT
    u.id,
    CONCAT(u.first_name, ' ', u.last_name) AS name
FROM User u;

select DATA_TYPE from information_schema.columns where TABLE_NAME = 'Schwuser' and column_name = 'name';
```

### 2. What did you expect to see? (Required)

MySQL:

```
+-----------+
| DATA_TYPE |
+-----------+
| varchar   |
+-----------+
1 row in set (0.15 sec)
```

### 3. What did you see instead (Required)

TiDB:

```
+------------+
| DATA_TYPE  |
+------------+
| var_string |
+------------+
1 row in set (0.27 sec
```

### 4. What is your TiDB version? (Required)

<!-- Paste the output of SELECT tidb_version() -->

```
*************************** 1. row ***************************
tidb_version(): Release Version: v7.0.0
Edition: Community
Git Commit Hash: 7376954cd868dbc44fc3015c9ef89c53749339a7
Git Branch: heads/refs/tags/v7.0.0
UTC Build Time: 2023-03-29 13:22:40
GoVersion: go1.20.2
Race Enabled: false
TiKV Min Version: 6.2.0-alpha
Check Table Before Drop: false
Store: tikv
1 row in set (0.00 sec)
```