ID: 43281
Title: Wrong output for two deprecated system variables
Description:
## Bug Report

`tidb_enable_tiflash_read_for_write_stmt` and `tidb_enable_exchange_partition` are two deprecated system variables. They should be always `ON`.
However, the output of `select @@xxx` seems the set operation takes effect(but it's not).

### 1. Minimal reproduce step (Required)
```sql
mysql> select @@tidb_enable_tiflash_read_for_write_stmt;
mysql> set tidb_enable_tiflash_read_for_write_stmt=off;
mysql> select @@tidb_enable_tiflash_read_for_write_stmt;
```

<!-- a step by step guide for reproducing the bug. -->

### 2. What did you expect to see? (Required)
```sql
mysql> select @@tidb_enable_tiflash_read_for_write_stmt;
+-------------------------------------------+
| @@tidb_enable_tiflash_read_for_write_stmt |
+-------------------------------------------+
|                                         1 |
+-------------------------------------------+
1 row in set (0.00 sec)

mysql> set tidb_enable_tiflash_read_for_write_stmt=off;
Query OK, 0 rows affected, 1 warning (0.00 sec)

mysql> select @@tidb_enable_tiflash_read_for_write_stmt;
+-------------------------------------------+
| @@tidb_enable_tiflash_read_for_write_stmt |
+-------------------------------------------+
|                                         1 |
+-------------------------------------------+
1 row in set (0.00 sec)
```

### 3. What did you see instead (Required)
```sql
mysql> select @@tidb_enable_tiflash_read_for_write_stmt;
+-------------------------------------------+
| @@tidb_enable_tiflash_read_for_write_stmt |
+-------------------------------------------+
|                                         1 |
+-------------------------------------------+
1 row in set (0.00 sec)

mysql> set tidb_enable_tiflash_read_for_write_stmt=off;
Query OK, 0 rows affected, 1 warning (0.00 sec)

mysql> select @@tidb_enable_tiflash_read_for_write_stmt;
+-------------------------------------------+
| @@tidb_enable_tiflash_read_for_write_stmt |
+-------------------------------------------+
|                                         0 |
+-------------------------------------------+
1 row in set (0.00 sec)
```

### 4. What is your TiDB version? (Required)
master
<!-- Paste the output of SELECT tidb_version() -->

