ID: 44171
Title: When ALGORITHM = INPLACE is included in the DDL, tidb succeeds but MySQL fails. 
Description:
## Bug Report

Please answer these questions before submitting your issue. Thanks!

When ALGORITHM = INPLACE is included in the DDL, tidb succeeds but MySQL fails. As a result, ticdc synchronization is interrupted.

### 1. Minimal reproduce step (Required)
```
mysql> create table t(id int primary key,id1 bigint(20));
Query OK, 0 rows affected (0.09 sec)

mysql> alter table t MODIFY COLUMN id1 varchar(20) ,ALGORITHM = INPLACE;
Query OK, 0 rows affected, 1 warning (0.10 sec)

mysql> show warnings;
+-------+------+---------------------------------------------------------------------------------------------------+
| Level | Code | Message                                                                                           |
+-------+------+---------------------------------------------------------------------------------------------------+
| Error | 1846 | ALGORITHM=INPLACE is not supported. Reason: Cannot alter table by INPLACE. Try ALGORITHM=INSTANT. |
+-------+------+---------------------------------------------------------------------------------------------------+
1 row in set (0.00 sec)

```

<!-- a step by step guide for reproducing the bug. -->

### 2. What did you expect to see? (Required)
Consistent with MySQL behavior.
![image](https://github.com/pingcap/tidb/assets/44355590/c0f96460-7228-4437-a339-b83fac3472d3)


### 3. What did you see instead (Required)
The TiDB SQL is successfully executed. 
![image](https://github.com/pingcap/tidb/assets/44355590/98ee5d20-a02f-45ba-bc81-23b98449c846)


### 4. What is your TiDB version? (Required)
mysql> select version();
+--------------------+
| version()          |
+--------------------+
| 5.7.25-TiDB-v7.0.0 |
+--------------------+
1 row in set (0.00 sec)

<!-- Paste the output of SELECT tidb_version() -->

