ID: 45576
Title: rollup aggregation report tiflash column name mismatch
Description:
## Bug Report

Please answer these questions before submitting your issue. Thanks!

### 1. Minimal reproduce step (Required)

<!-- a step by step guide for reproducing the bug. -->
```
mysql> CREATE TABLE test.sales (year int(11) DEFAULT NULL, country varchar(20) DEFAULT NULL, product varchar(32) DEFAULT NULL, profit int(11) DEFAULT NULL)
mysql> alter table test.sales set tiflash replica 1


# prepare data
mysql> insert into test.sales values(2000,'china','apple',1100);
mysql> insert into test.sales values(2000,'japan','banana',900);
mysql> insert into test.sales values(2000, 'english','lemon', 1525)
mysql> insert into test.sales values(2001, 'china', 'lemon', 1010)
mysql> insert into test.sales values(2000, 'japan', 'apple', 1000)
mysql> insert into test.sales values(2001, 'china', 'banana', 800)
mysql> insert into test.sales values(2001, 'america', 'apple', 1200)

MySQL [test]>  SELECT year, count(profit) FROM sales GROUP BY year WITH ROLLUP;
```

### 2. What did you expect to see? (Required)
```
+------+---------------+
| year | count(profit) |
+------+---------------+
| 2000 |             4 |
| 2001 |             3 |
| NULL |             7 |
+------+---------------+
3 rows in set (0.088 sec)
```

### 3. What did you see instead (Required)
```
+------+---------------+
| year | count(profit) |
+------+---------------+
| 1010 |             1 |
| 1100 |             1 |
| NULL |             7 |
| 1000 |             1 |
|  800 |             1 |
| 1200 |             1 |
|  900 |             1 |
| 1525 |             1 |
+------+---------------+
8 rows in set (13.942 sec)
```

### 4. What is your TiDB version? (Required)

<!-- Paste the output of SELECT tidb_version() -->
master

