ID: 45797
Title: orderby clause ref priority doesn't take effect
Description:
## Bug Report

Please answer these questions before submitting your issue. Thanks!

### 1. Minimal reproduce step (Required)

<!-- a step by step guide for reproducing the bug. -->
```
CREATE TABLE `x` (
  `a` varchar(20) COLLATE utf8mb4_bin NOT NULL,
  `b` decimal(10,4) DEFAULT NULL,
  PRIMARY KEY (`a`),
  UNIQUE KEY `b` (`b`)
) COLLATE=utf8mb4_bin

mysql> select * from x;
+---+---------+
| a | b       |
+---+---------+
| i | -1.0000 |
| I |  1.0988 |
+---+---------+
2 rows in set (0.03 sec)

```
### 2. What did you expect to see? (Required)
mysql
```
mysql> select a, char_length(b) from x order by lower(a), b;
+---+----------------+
| a | char_length(b) |
+---+----------------+
| i |              7 |
| I |              6 |
+---+----------------+
2 rows in set (0.02 sec)

mysql> select a, char_length(b) as b from x order by lower(a), b;
+---+------+
| a | b    |
+---+------+
| I |    6 |
| i |    7 |
+---+------+
2 rows in set (0.03 sec)

```
### 3. What did you see instead (Required)
tidb
```
tidb> select a, char_length(b)  from x order by lower(a), b;
+---+----------------+
| a | char_length(b) |
+---+----------------+
| i |              7 |
| I |              6 |
+---+----------------+
2 rows in set (0.00 sec)

tidb> select a, char_length(b)  as b from x order by lower(a), b;
+---+------+
| a | b    |
+---+------+
| i |    7 |
| I |    6 |
+---+------+
2 rows in set (0.00 sec)
```
### 4. What is your TiDB version? (Required)

<!-- Paste the output of SELECT tidb_version() -->
git hash: 4220dfa819

