ID: 46077
Title: Alter table exchange partition does not work if table has tiflash replica
Description:
## Bug Report

Please answer these questions before submitting your issue. Thanks!

### 1. Minimal reproduce step (Required)
MySQL [test]> show create table a;
+-------+---------------------------------------------------------------------------------------------------------------------------------------------------------------------------------------------------------------------------------------------------------------------------------------------------------------------------------+
| Table | Create Table                                                                                                                                                                                                                                                                                                                    |
+-------+---------------------------------------------------------------------------------------------------------------------------------------------------------------------------------------------------------------------------------------------------------------------------------------------------------------------------------+
| a     | CREATE TABLE `a` (
  `id` int(11) NOT NULL,
  `fname` varchar(30) DEFAULT NULL,
  `lname` varchar(30) DEFAULT NULL
) ENGINE=InnoDB DEFAULT CHARSET=utf8mb4 COLLATE=utf8mb4_bin
PARTITION BY RANGE (`id`)
(PARTITION `p0` VALUES LESS THAN (50),
 PARTITION `p1` VALUES LESS THAN (100),
 PARTITION `p2` VALUES LESS THAN (150)) |
+-------+---------------------------------------------------------------------------------------------------------------------------------------------------------------------------------------------------------------------------------------------------------------------------------------------------------------------------------+
1 row in set (0.00 sec)

MySQL [test]> show create table a_tmp;
+-------+------------------------------------------------------------------------------------------------------------------------------------------------------------------------------------+
| Table | Create Table                                                                                                                                                                       |
+-------+------------------------------------------------------------------------------------------------------------------------------------------------------------------------------------+
| a_tmp | CREATE TABLE `a_tmp` (
  `id` int(11) NOT NULL,
  `fname` varchar(30) DEFAULT NULL,
  `lname` varchar(30) DEFAULT NULL
) ENGINE=InnoDB DEFAULT CHARSET=utf8mb4 COLLATE=utf8mb4_bin |
+-------+------------------------------------------------------------------------------------------------------------------------------------------------------------------------------------+
1 row in set (0.00 sec)

MySQL [test]> select * from a;
+-----+-------+-------+
| id  | fname | lname |
+-----+-------+-------+
|  76 | Mary  | Jones |
|  16 | Frank | White |
| 120 | Linda | Black |
+-----+-------+-------+
3 rows in set (0.00 sec)

MySQL [test]> select * from a_tmp;
Empty set (0.00 sec)

MySQL [test]> alter table a EXCHANGE PARTITION p0 WITH TABLE a_tmp;
ERROR 1736 (HY000): Tables have different definitions
MySQL [test]> 

### 2. What did you expect to see? (Required)
Exchange partition success.

### 3. What did you see instead (Required)
Exchange partition failed.

### 4. What is your TiDB version? (Required)
MySQL [test]> select tidb_version()
    -> ;
+----------------------------------------------------------------------------------------------------------------------------------------------------------------------------------------------------------------------------------------------------------------------------------------------+
| tidb_version()                                                                                                                                                                                                                                                                               |
+----------------------------------------------------------------------------------------------------------------------------------------------------------------------------------------------------------------------------------------------------------------------------------------------+
| Release Version: v6.5.0
Edition: Community
Git Commit Hash: 706c3fa3c526cdba5b3e9f066b1a568fb96c56e3
Git Branch: heads/refs/tags/v6.5.0
UTC Build Time: 2022-12-27 03:50:44
GoVersion: go1.19.3
Race Enabled: false
TiKV Min Version: 6.2.0-alpha
Check Table Before Drop: false
Store: tikv |
+----------------------------------------------------------------------------------------------------------------------------------------------------------------------------------------------------------------------------------------------------------------------------------------------+
1 row in set (0.00 sec)
