ID: 46347
Title: planner: final agg should be converted according the its split semantic under MPP mode
Description:
## Bug Report

Please answer these questions before submitting your issue. Thanks!

### 1. Minimal reproduce step (Required)

<!-- a step by step guide for reproducing the bug. -->
```
CREATE TABLE `c` (
  `c_id` int(11) DEFAULT NULL
) 
CREATE TABLE `o` (
  `o_id` int(11) DEFAULT NULL,
  `c_id` int(11) DEFAULT NULL
)
MySQL [test]> select * from c;
+------+
| c_id |
+------+
|    1 |
|    1 |
|    1 |
|    1 |
+------+
4 rows in set (0.003 sec)
MySQL [test]> select * from o;
+------+------+
| o_id | c_id |
+------+------+
|    1 |    1 |
|    1 |    1 |
|    1 |    2 |
+------+------+
3 rows in set (0.003 sec)
MySQL [test]>  select o.o_id, count(*) from c, o where c.c_id=o.o_id group by o.o_id;
+------+----------+
| o_id | count(*) |
+------+----------+
|    1 |        4 |
+------+----------+
1 row in set (0.048 sec)

set replica for this two tables
set @@tidb_enforce_mpp=on
set @@tidb_opt_agg_push_down=1;
```


### 2. What did you expect to see? (Required)
```
MySQL [test]>  select o.o_id, count(*) from c, o where c.c_id=o.o_id group by o.o_id;
+------+----------+
| o_id | count(*) |
+------+----------+
|    1 |       12 |
+------+----------+
1 row in set (0.048 sec)
```

### 3. What did you see instead (Required)
```
MySQL [test]>  select o.o_id, count(*) from c, o where c.c_id=o.o_id group by o.o_id;
+------+----------+
| o_id | count(*) |
+------+----------+
|    1 |        4 |
+------+----------+
1 row in set (0.048 sec)
```

### 4. What is your TiDB version? (Required)

<!-- Paste the output of SELECT tidb_version() -->
master

