ID: 46958
Title: EXPLAIN ANALYZE doesn't restore the variable set by `SET_VAR`
Description:
## Bug Report

Please answer these questions before submitting your issue. Thanks!

### 1. Minimal reproduce step (Required)

```sql
mysql> select @@tidb_executor_concurrency;
+-----------------------------+
| @@tidb_executor_concurrency |
+-----------------------------+
|                           5 |
+-----------------------------+
1 row in set (0.00 sec)

mysql> select /*+ set_var(tidb_executor_concurrency=8) */ @@tidb_executor_concurrency;
+-----------------------------+
| @@tidb_executor_concurrency |
+-----------------------------+
|                           8 |
+-----------------------------+
1 row in set (0.00 sec)

mysql> select @@tidb_executor_concurrency;
+-----------------------------+
| @@tidb_executor_concurrency |
+-----------------------------+
|                           5 |
+-----------------------------+
1 row in set (0.00 sec)

mysql> explain analyze select /*+ set_var(tidb_executor_concurrency=8) */ @@tidb_executor_concurrency;
+-------------------+---------+---------+------+---------------+-----------------------------------------------------+---------------+---------+------+
| id                | estRows | actRows | task | access object | execution info                                      | operator info | memory  | disk |
+-------------------+---------+---------+------+---------------+-----------------------------------------------------+---------------+---------+------+
| Projection_3      | 1.00    | 1       | root |               | time:6.18µs, loops:2, RU:0.000000, Concurrency:OFF  | 8->Column#1   | 0 Bytes | N/A  |
| └─TableDual_4     | 1.00    | 1       | root |               | time:1.1µs, loops:2                                 | rows:1        | N/A     | N/A  |
+-------------------+---------+---------+------+---------------+-----------------------------------------------------+---------------+---------+------+
2 rows in set (0.00 sec)

mysql> select @@tidb_executor_concurrency;
+-----------------------------+
| @@tidb_executor_concurrency |
+-----------------------------+
|                           8 |
+-----------------------------+
1 row in set (0.00 sec)
```
<!-- a step by step guide for reproducing the bug. -->

### 2. What did you expect to see? (Required)

The final output should be still be the default value.

### 3. What did you see instead (Required)

It's value set by the SET_VAR

### 4. What is your TiDB version? (Required)

<!-- Paste the output of SELECT tidb_version() -->

