ID: 47281
Title: TiDB can not update stats correctly
Description:
## Bug Report

Please answer these questions before submitting your issue. Thanks!

### 1. Minimal reproduce step (Required)

1. Create a table: `create table pt(a int, b varchar(10), index idx_b (b)) partition by range(a) (partition p0 values less than (10), partition p1 values less than (20), partition p2 values less than (30));`
2. Insert data: `insert into pt(a, b) values(1,'a'); insert into pt(a, b) values(15,'a');`
3. Analyze table: `analyze table pt; select * from mysql.stats_meta;`
```sql
mysql> analyze table pt; select * from mysql.stats_meta;
Query OK, 0 rows affected, 6 warnings (0.12 sec)

+--------------------+----------+--------------+-------+--------------------+
| version            | table_id | modify_count | count | snapshot           |
+--------------------+----------+--------------+-------+--------------------+
| 444517005210943522 |      103 |            0 |     1 | 444517005197836289 |
| 444517005210943504 |      104 |            0 |     1 | 444517005197836289 |
| 444517005197836314 |      105 |            0 |     0 | 444517005197836289 |
| 444517005224050717 |      102 |            0 |     2 |                  0 |
+--------------------+----------+--------------+-------+--------------------+
```
4. Wait for a moment and try `select * from mysql.stats_meta;` again.
### 2. What did you expect to see? (Required)
```sql
select * from mysql.stats_meta;
Query OK, 0 rows affected, 6 warnings (0.12 sec)

+--------------------+----------+--------------+-------+--------------------+
| version            | table_id | modify_count | count | snapshot           |
+--------------------+----------+--------------+-------+--------------------+
| 444517005210943522 |      103 |            0 |     1 | 444517005197836289 |
| 444517005210943504 |      104 |            0 |     1 | 444517005197836289 |
| 444517005197836314 |      105 |            0 |     0 | 444517005197836289 |
| 444517005224050717 |      102 |            0 |     2 |                  0 |
+--------------------+----------+--------------+-------+--------------------+
```

### 3. What did you see instead (Required)
```sql
mysql> select * from mysql.stats_meta;
+--------------------+----------+--------------+-------+--------------------+
| version            | table_id | modify_count | count | snapshot           |
+--------------------+----------+--------------+-------+--------------------+
| 444517006638841863 |      103 |            1 |     2 | 444517005197836289 |
| 444517006638841874 |      104 |            1 |     2 | 444517005197836289 |
| 444517005197836314 |      105 |            0 |     0 | 444517005197836289 |
| 444517006638841874 |      102 |            2 |     4 |                  0 |
+--------------------+----------+--------------+-------+--------------------+
4 rows in set (0.01 sec)
```

### 4. What is your TiDB version? (Required)

```sql
mysql> select tidb_version();
+----------------------------------------------------------------------------------------------------------------------------------------------------------------------------------------------------------------------------------------------------------------------+
| tidb_version()                                                                                                                                                                                                                                                       |
+----------------------------------------------------------------------------------------------------------------------------------------------------------------------------------------------------------------------------------------------------------------------+
| Release Version: v7.4.0-alpha-532-g7052ceed37
Edition: Community
Git Commit Hash: 7052ceed372b037ef395d53a54852b4d0ab84540
Git Branch: master
UTC Build Time: 2023-09-26 03:07:57
GoVersion: go1.21.1
Race Enabled: false
Check Table Before Drop: false
Store: tikv |
+----------------------------------------------------------------------------------------------------------------------------------------------------------------------------------------------------------------------------------------------------------------------+
1 row in set (0.01 sec)
```

