ID: 47945
Title: we can insert negative value to unsinged float column sometimes
Description:
## Bug Report

Please answer these questions before submitting your issue. Thanks!

### 1. Minimal reproduce step (Required)

```
create table tf(a float(1, 0) unsigned);
set sql_mode='';
insert into tf values("-100");
select * from tf;
```

<!-- a step by step guide for reproducing the bug. -->

### 2. What did you expect to see? (Required)

In MySQL, the inserted value should be zero:

```
mysql> select * from tf;
+------+
| a    |
+------+
|    0 |
+------+
1 row in set (0.00 sec)
```

### 3. What did you see instead (Required)

A negative value is inserted in TiDB:

```
mysql> select * from tf;
+------+
| a    |
+------+
|   -9 |
+------+
1 row in set (0.00 sec)
```

### 4. What is your TiDB version? (Required)

<!-- Paste the output of SELECT tidb_version() -->

master, But I think it affect all versions.

