ID: 48969
Title: Mysql compatibility: The update is not effective when attempting to filter on view which created with the `WITH RECURSIVE` clause
Description:
## Bug Report

Using 'WITH RECURSIVE' to create view v1, when attempting to update the test2 table by filtering data through the association with v1, the update is not effective. However, this operation is successful in MySQL 8.0 and 8.1 versions

### 1. Minimal reproduce step (Required)

```
create view v1(id) as
with recursive cte(a) as (select 1 union select a+1 from cte where a<3)
select * from cte;

create table test2(id int,value int);
insert into test2 values(1,1),(2,2),(3,3),(4,4),(5,5);

select * from test2;
```
```
+------+-------+
| id   | value |
+------+-------+
|    1 |     1 |
|    2 |     2 |
|    3 |     3 |
|    4 |     4 |
|    5 |     5 |
+------+-------+
```
```
update test2
set value=0
where test2.id in
(
select * from v1
);
```
### 2. What did you expect to see? (Required)
```
update test2
set value=0
where test2.id in
(
select * from v1
);

select * from test2;
```

```
+------+-------+
| id   | value |
+------+-------+
|    1 |     0 |
|    2 |     0 |
|    3 |     0 |
|    4 |     4 |
|    5 |     5 |
+------+-------+
5 rows in set (0.00 sec)
```


### 3. What did you see instead (Required)

TiDB v6.5.2ï¼š

```
update test2
set value=0
where test2.id in
(
select * from v1
);

select * from test2;
```
```
+------+-------+
| id   | value |
+------+-------+
|    1 |     1 |
|    2 |     2 |
|    3 |     3 |
|    4 |     4 |
|    5 |     5 |
+------+-------+
```

MySQL 8.0.23:
![image](https://github.com/pingcap/tidb/assets/66671526/79a6d66c-154f-4c17-8731-67097bebb6f8)

MySQL 8.1.0:
mysql> update test2
    -> set value=0
    -> where test2.id in
    -> (
    -> select * from v1
    -> );
Query OK, 3 rows affected (0.01 sec)
Rows matched: 3  Changed: 3  Warnings: 0


mysql> select * from test2;
+------+-------+
| id   | value |
+------+-------+
|    1 |     0 |
|    2 |     0 |
|    3 |     0 |
|    4 |     4 |
|    5 |     5 |
+------+-------+
5 rows in set (0.00 sec) 



### 4. What is your TiDB version? (Required)

>v6.5.2, master

