ID: 49377
Title: Nested union with LIMIT handles incorrectly
Description:
## Bug Report

Please answer these questions before submitting your issue. Thanks!

### 1. Minimal reproduce step (Required)

```sql
create table employee (employee_id int, name varchar(20), dept_id int);

insert into employee values (1, 'Furina', 1), (2, 'Klee', 1), (3, 'Eula', 1), (4, 'Diluc', 2), (5, 'Tartaglia', 2);

select * from employee where dept_id = 1
union all
(
  select * from employee where dept_id = 1 order by employee_id
)
union all
(
  select * from employee where dept_id = 1
  union all
  (
    select * from employee where dept_id = 1 order by employee_id
  ) limit 1
);
```

<!-- a step by step guide for reproducing the bug. -->

### 2. What did you expect to see? (Required)

MySQL 8:

```
+-------------+--------+---------+
| employee_id | name   | dept_id |
+-------------+--------+---------+
|           1 | Furina |       1 |
|           2 | Klee   |       1 |
|           3 | Eula   |       1 |
|           1 | Furina |       1 |
|           2 | Klee   |       1 |
|           3 | Eula   |       1 |
|           1 | Furina |       1 |
+-------------+--------+---------+
7 rows in set (0.00 sec)
```

### 3. What did you see instead (Required)

```
+-------------+--------+---------+
| employee_id | name   | dept_id |
+-------------+--------+---------+
|           1 | Furina |       1 |
|           2 | Klee   |       1 |
|           3 | Eula   |       1 |
|           1 | Furina |       1 |
|           2 | Klee   |       1 |
|           3 | Eula   |       1 |
|           1 | Furina |       1 |
|           2 | Klee   |       1 |
|           3 | Eula   |       1 |
|           1 | Furina |       1 |
|           2 | Klee   |       1 |
|           3 | Eula   |       1 |
+-------------+--------+---------+
12 rows in set (0.00 sec)
```

### 4. What is your TiDB version? (Required)

<!-- Paste the output of SELECT tidb_version() -->

master


