ID: 49513
Title: TiDB does not respect .0 precision in JSON number type as MySQL
Description:
## Bug Report

Please answer these questions before submitting your issue. Thanks!

### 1. Minimal reproduce step (Required)

<!-- a step by step guide for reproducing the bug. -->

```
mysql> CREATE TABLE example_table (
    ->     id INT AUTO_INCREMENT PRIMARY KEY,
    ->     json_data JSON
    -> );
Query OK, 0 rows affected (0.11 sec)
mysql>
mysql> -- Inserting JSON data with a floating-point number
Query OK, 0 rows affected (0.00 sec)
mysql> INSERT INTO example_table (json_data) VALUES ('{"some_val": 20.0}');
Query OK, 1 row affected (0.02 sec)
```

query the data with mysql cient with `--column-type-info` option

TiDB
```
mysql --host tidb-1-peer --port 4000 -A --local-infile  --column-type-info

mysql> select json_extract(json_data, '$.some_val') from example_table where id = 3;
Field   1:  `json_extract(json_data, '$.some_val')`
Catalog:    `def`
Database:   ``
Table:      ``
Org_table:  ``
Type:       JSON
Collation:  utf8mb4_bin (46)
Length:     16777216
Max_length: 2
Decimals:   0
Flags:      BINARY 


+---------------------------------------+
| json_extract(json_data, '$.some_val') |
+---------------------------------------+
| 20                                    |
+---------------------------------------+
1 row in set (0.00 sec)
```

MySQL
```
mysql> select json_extract(json_data, '$.some_val') from example_table where id = 3;
Field   1:  `json_extract(json_data, '$.some_val')`
Catalog:    `def`
Database:   ``
Table:      ``
Org_table:  ``
Type:       JSON
Collation:  utf8mb4_0900_ai_ci (255)
Length:     4294967292
Max_length: 4
Decimals:   31
Flags:      BINARY 


+---------------------------------------+
| json_extract(json_data, '$.some_val') |
+---------------------------------------+
| 20.0                                  |
+---------------------------------------+
1 row in set (0.01 sec)
```


### 2. What did you expect to see? (Required)
TiDB respects the ".0" as MySQL
TiDB 20.0, MySQL 20.0

### 3. What did you see instead (Required)

TiDB does not respect the ".0" as MySQL, the column type is different between TiDB and MySQL

TiDB 20, MySQL 20.0
In TiDB, Max_length: 2, Decimals:   0
In MySQL, Max_length: 4, Decimals:   31

### 4. What is your TiDB version? (Required)

<!-- Paste the output of SELECT tidb_version() -->
v7.5.0
