ID: 4954
Title: latin1 character set select bug?
Description:
MySQL:

```
mysql> CREATE TABLE t2 (a CHAR(5) CHARACTER SET latin1);
Query OK, 0 rows affected (0.01 sec)

mysql> INSERT INTO t2 VALUES ('oe');
Query OK, 1 row affected (0.01 sec)

mysql> INSERT INTO t2 VALUES (0xf6);
Query OK, 1 row affected (0.00 sec)

mysql> SELECT * FROM t2 WHERE a= 'oe';
+------+
| a    |
+------+
| oe   |
+------+
1 row in set (0.00 sec)

mysql> SELECT * FROM t2 WHERE a= 0xf6;
+------+
| a    |
+------+
| รถ    |
+------+
1 row in set (0.00 sec)
```

TiDB:

```
mysql> CREATE TABLE t2 (a CHAR(5) CHARACTER SET latin1);
Query OK, 0 rows affected (0.08 sec)

mysql> INSERT INTO t2 VALUES ('oe');
Query OK, 1 row affected (0.01 sec)

mysql> INSERT INTO t2 VALUES (0xf6);
Query OK, 1 row affected (0.00 sec)

mysql> SELECT * FROM t2 WHERE a= 'oe';
Empty set (0.00 sec)

mysql> SELECT * FROM t2 WHERE a= 0xf6;
Empty set (0.00 sec)

mysql> select tidb_version();
+-----------------------------------------------------------------------------------------------------------------------------------------+
| tidb_version()                                                                                                                          |
+-----------------------------------------------------------------------------------------------------------------------------------------+
| Release Version: 1.0.0
Git Commit Hash: 460e1b8484a9834c46b6344ddd489c9ce4bc7e65
Git Branch: master
UTC Build Time: 2017-10-26 07:50:15 |
+-----------------------------------------------------------------------------------------------------------------------------------------+
```
