ID: 49874
Title: Nested union with LIMIT handles incorrectly
Description:
## Bug Report

Please answer these questions before submitting your issue. Thanks!

### 1. Minimal reproduce step (Required)

```sql
CREATE TABLE a(PK int);
CREATE TABLE b(PK int);

INSERT INTO a VALUES (1), (2);
INSERT INTO b VALUES (3), (4);

select * from a where PK = 0
union all
  (
    select * from b where PK = 0
    union all
    (select * from b where PK != 0)
    order by pk
    limit 1
  )
order by pk
limit 2;
```

### 2. What did you expect to see? (Required)

MySQL 8.0:

```
+------+
| PK   |
+------+
|    3 |
+------+
1 row in set (0.00 sec)
```

### 3. What did you see instead (Required)

```
mysql> select * from a where PK = 0
    -> union all
    ->   (
    ->     select * from b where PK = 0
    ->     union all
    ->     (select * from b where PK != 0)
    ->     order by pk
    ->     limit 1
    ->   )
    -> order by pk
    -> limit 2;
+------+
| PK   |
+------+
|    3 |
|    4 |
+------+
2 rows in set (0.00 sec)
```

### 4. What is your TiDB version? (Required)

<!-- Paste the output of SELECT tidb_version() -->

master

