ID: 50149
Title: `tidb_mdl_view` is not accurate
Description:
## Bug Report

Please answer these questions before submitting your issue. Thanks!

### 1. Minimal reproduce step (Required)

```
sesson1> create table t (id int);
Query OK, 0 rows affected (0.11 sec)

sesson1> insert into t values (1);
Query OK, 1 row affected (0.02 sec)

sesson1> insert into t values (1);
Query OK, 1 row affected (0.00 sec)

sesson1> alter table t add unique idx(id);
ERROR 1062 (23000): Duplicate entry '1' for key 't.idx'

sesson2> begin;
Query OK, 0 rows affected (0.00 sec)

sesson2> select id from t;
+------+
| id   |
+------+
|    1 |
|    1 |
+------+
2 rows in set (0.00 sec)

session1> alter table t add index idx(id);
...... being blocked, can't return ......

sesson3> select * from tidb_mdl_view\G
*************************** 1. row ***************************
     job_id: 164
    db_name: test
 table_name: t
      query: alter table t add index idx(id)
 session_id: 199229446
   txnstart: 01-07 15:23:00.271(446853855384961025)
SQL_DIGESTS: ["begin","select `id` from `t`"]
*************************** 2. row ***************************
     job_id: 163
    db_name: test
 table_name: t
      query: alter table t add unique idx(id)
 session_id: 199229446
   txnstart: 01-07 15:23:00.271(446853855384961025)
SQL_DIGESTS: ["begin","select `id` from `t`"]
2 rows in set (0.02 sec)

sesson4> begin;
Query OK, 0 rows affected (0.00 sec)

sesson4> select id as col from t;  
+------+
| col  |
+------+
|    1 |
|    1 |
+------+
2 rows in set (0.00 sec)

sesson3> select * from tidb_mdl_view\G
*************************** 1. row ***************************
     job_id: 164
    db_name: test
 table_name: t
      query: alter table t add index idx(id)
 session_id: 199229450
   txnstart: 01-07 15:27:18.021(446853922952577025)
SQL_DIGESTS: ["begin","select `id` as `col` from `t`"]
*************************** 2. row ***************************
     job_id: 164
    db_name: test
 table_name: t
      query: alter table t add index idx(id)
 session_id: 199229446
   txnstart: 01-07 15:23:00.271(446853855384961025)
SQL_DIGESTS: ["begin","select `id` from `t`"]
*************************** 3. row ***************************
     job_id: 163
    db_name: test
 table_name: t
      query: alter table t add unique idx(id)
 session_id: 199229450
   txnstart: 01-07 15:27:18.021(446853922952577025)
SQL_DIGESTS: ["begin","select `id` as `col` from `t`"]
*************************** 4. row ***************************
     job_id: 163
    db_name: test
 table_name: t
      query: alter table t add unique idx(id)
 session_id: 199229446
   txnstart: 01-07 15:23:00.271(446853855384961025)
SQL_DIGESTS: ["begin","select `id` from `t`"]
4 rows in set (0.02 sec)

```

<!-- a step by step guide for reproducing the bug. -->

### 2. What did you expect to see? (Required)

```
sesson3> select * from tidb_mdl_view\G
*************************** 1. row ***************************
     job_id: 164
    db_name: test
 table_name: t
      query: alter table t add index idx(id)
 session_id: 199229446
   txnstart: 01-07 15:23:00.271(446853855384961025)
SQL_DIGESTS: ["begin","select `id` from `t`"]
```

### 3. What did you see instead (Required)

tidb_mdl_view information not accurate.

### 4. What is your TiDB version? (Required)

<!-- Paste the output of SELECT tidb_version() -->

master