ID: 50392
Title: SELECT BLOB shows different results with MySQL
Description:
## Bug Report

Please answer these questions before submitting your issue. Thanks!

### 1. Minimal reproduce step (Required)

<!-- a step by step guide for reproducing the bug. -->

```sql
create table t2(a blob);
insert into t2 values("      "); -- a string of space
insert into t2 values("       "); -- a string of space and 0xC2A0
select * from t2;
```

### 2. What did you expect to see? (Required)

Returns the binary strings, as MySQL(5.7.41 & 8.0.33) does.

```sql
mysql> select * from t2;
+--------------------------+
| a                        |
+--------------------------+
| 0xC2A020C2A020C2A020C2A0 |
| 0x202020202020           |
+--------------------------+
2 rows in set (0.01 sec)
```

### 3. What did you see instead (Required)

TiDB returns the raw strings.

```sql
>  select * from t2;
+-------------+
| a           |
+-------------+
|             |
|             |
+-------------+
```

The charsets used in TiDB and MySQL are the same.
```sql
> show create table t2; -- tidb
+-------+---------------------------------------------------------------------------------------------------------+
| Table | Create Table                                                                                            |
+-------+---------------------------------------------------------------------------------------------------------+
| t2    | CREATE TABLE `t2` (
  `a` blob DEFAULT NULL
) ENGINE=InnoDB DEFAULT CHARSET=utf8mb4 COLLATE=utf8mb4_bin |
+-------+---------------------------------------------------------------------------------------------------------+
1 row in set (0.00 sec)
```

```sql
mysql> show create table t2; --mysql
+-------+------------------------------------------------------------------------+
| Table | Create Table                                                           |
+-------+------------------------------------------------------------------------+
| t2    | CREATE TABLE `t2` (
  `a` blob
) ENGINE=InnoDB DEFAULT CHARSET=utf8mb4 |
+-------+------------------------------------------------------------------------+
1 row in set (0.00 sec)
```

### 4. What is your TiDB version? (Required)

```sql
SELECT tidb_version();
+----------------------------------------------------------------------------------------------------------------------------------------------------------------------------------------------------------------------------------------------------------------+
| tidb_version()

                           |
+----------------------------------------------------------------------------------------------------------------------------------------------------------------------------------------------------------------------------------------------------------------+
| Release Version: v7.4.0
Edition: Community
Git Commit Hash: 38cb4f3312be9199a983c0ef282d2ea2e28a7824
Git Branch: heads/refs/tags/v7.4.0
UTC Build Time: 2023-10-10 14:18:50
GoVersion: go1.21.1
Race Enabled: false
Check Table Before Drop: false
Store: tikv |
+----------------------------------------------------------------------------------------------------------------------------------------------------------------------------------------------------------------------------------------------------------------+
1 row in set (0.00 sec)
```

