ID: 51290
Title: Incorrect query result caused by view and inner join.
Description:
## Bug Report

Please answer these questions before submitting your issue. Thanks!

### 1. Minimal reproduce step (Required)

**The bug can't be reproduced without `GROUP BY` and `JOIN v0` and `AND` in the following sqls**

```
CREATE TABLE t0(c0 TINYINT);
CREATE VIEW v0(c0) AS SELECT t0.c0 FROM t0 GROUP BY '1';
INSERT IGNORE INTO t0(c0) VALUES (-1);

SELECT f1 FROM (SELECT t0.c0 AS f1, (TIMEDIFF('2001-11-25', '2008-03-06') AND 1 ) IS TRUE AS flag FROM t0 INNER JOIN v0) AS t WHERE flag=1;
```

### 2. What did you expect to see? (Required)


**The following sql should return -1.**

`SELECT f1 FROM (SELECT t0.c0 AS f1, (TIMEDIFF('2001-11-25', '2008-03-06') AND 1 ) IS TRUE AS flag FROM t0 INNER JOIN v0) AS t WHERE flag=1;`
 
**Because f1 is -1 in the intermediate table.**

```
mysql> SELECT t0.c0 AS f1, (TIMEDIFF('2001-11-25', '2008-03-06') AND 1 ) IS TRUE AS flag FROM t0 INNER JOIN v0;
+------+------+
| f1   | flag |
+------+------+
|   -1 |    1 |
+------+------+
1 row in set, 2 warnings (0.01 sec)
```

### 3. What did you see instead (Required)

**However, the following sql return 1.**

```
SELECT f1 FROM (SELECT t0.c0 AS f1, (TIMEDIFF('2001-11-25', '2008-03-06') AND 1 ) IS TRUE AS flag FROM t0 INNER JOIN v0) AS t WHERE flag=1;
+------+
| f1   |
+------+
|    1 |
+------+
1 row in set, 4 warnings (0.00 sec)
```
### 4. What is your TiDB version? (Required)

`8.0.11-TiDB-v7.5.0`

