ID: 51432
Title: ALTER SEQUENCE doesn't work for START property
Description:
## Bug Report

Please answer these questions before submitting your issue. Thanks!

### 1. Minimal reproduce step (Required)

```sql
CREATE SEQUENCE s1 START=10;
CREATE SEQUENCE s2 START=20;
ALTER SEQUENCE s2 START=25;
SHOW CREATE SEQUENCE s1\G
SHOW CREATE SEQUENCE s2\G
SELECT NEXTVAL(s1);
SELECT NEXTVAL(s2);
```

### 2. What did you expect to see? (Required)

Value "10" for s1 and value "25" for s2.

### 3. What did you see instead (Required)

```
mysql> CREATE SEQUENCE s1 START=10;
Query OK, 0 rows affected (0.15 sec)

mysql> CREATE SEQUENCE s2 START=20;
Query OK, 0 rows affected (0.16 sec)

mysql> ALTER SEQUENCE s2 START=25;
Query OK, 0 rows affected (0.16 sec)

mysql> SHOW CREATE SEQUENCE s1\G
*************************** 1. row ***************************
       Sequence: s1
Create Sequence: CREATE SEQUENCE `s1` start with 10 minvalue 1 maxvalue 9223372036854775806 increment by 1 cache 1000 nocycle ENGINE=InnoDB
1 row in set (0.01 sec)

mysql> SHOW CREATE SEQUENCE s2\G
*************************** 1. row ***************************
       Sequence: s2
Create Sequence: CREATE SEQUENCE `s2` start with 25 minvalue 1 maxvalue 9223372036854775806 increment by 1 cache 1000 nocycle ENGINE=InnoDB
1 row in set (0.00 sec)

mysql> SELECT NEXTVAL(s1);
+-------------+
| NEXTVAL(s1) |
+-------------+
|          10 |
+-------------+
1 row in set (0.02 sec)

mysql> SELECT NEXTVAL(s2);
+-------------+
| NEXTVAL(s2) |
+-------------+
|          20 |
+-------------+
1 row in set (0.03 sec)
```

### 4. What is your TiDB version? (Required)

<!-- Paste the output of SELECT tidb_version() -->
```
Release Version: v7.6.0
Edition: Community
Git Commit Hash: 52794d985ba6325d75a714d4eaa0838d59425eb6
Git Branch: heads/refs/tags/v7.6.0
UTC Build Time: 2024-01-22 14:20:42
GoVersion: go1.21.5
Race Enabled: false
Check Table Before Drop: false
Store: tikv
1 row in set (0.00 sec)
```
