ID: 52167
Title: Cast string to double on join column with index return incompatible result with MySQL
Description:
## Bug Report

Please answer these questions before submitting your issue. Thanks!

### 1. Minimal reproduce step (Required)

```
create table t(a bigint, b varchar(50), key idx(a));
create table t1(b varchar(50));
insert into t values(13790462480960267,'13790462480960267');
insert into t values(13790462480960268,'13790462480960267');
insert into t values(13790462480960269,'13790462480960267');
insert into t1 values ('13790462480960267');
select t.a from t, t1 where t.a=t1.b;
```

### 2. What did you expect to see? (Required)

MySQL 5.7.34, 8.0.36
```
mysql> select t.a from t, t1 where t.a=t1.b;
+-------------------+
| a                 |
+-------------------+
| 13790462480960267 |
+-------------------+
1 row in set (0.00 sec)
```

However, after dropping the `idx` index, MySQL returns inconsistent result that's the same as TiDB. This looks like a bug or a special case for MySQL.
```
mysql> alter table t drop index idx;

mysql> select t.a from t, t1 where t.a=t1.b;
+-------------------+
| a                 |
+-------------------+
| 13790462480960267 |
| 13790462480960268 |
| 13790462480960269 |
+-------------------+
3 rows in set (0.00 sec)
```


### 3. What did you see instead (Required)
TiDB
```
mysql> select t.a from t, t1 where t.a=t1.b;
+-------------------+
| a                 |
+-------------------+
| 13790462480960267 |
| 13790462480960268 |
| 13790462480960269 |
+-------------------+
3 rows in set (0.00 sec)

mysql> alter table t drop index idx;

mysql> select t.a from t, t1 where t.a=t1.b;
+-------------------+
| a                 |
+-------------------+
| 13790462480960267 |
| 13790462480960268 |
| 13790462480960269 |
+-------------------+
3 rows in set (0.01 sec)
```

### 4. What is your TiDB version? (Required)

v7.6.0

