ID: 52176
Title: Truncated integer error when regexp is pushed down to TiKV
Description:
## Bug Report

Please answer these questions before submitting your issue. Thanks!

### 1. Minimal reproduce step (Required)

create table t(a varchar(10));
create table t1(a varchar(64));
insert into t1 values('316-354');
with test as (select case when a regexp '^[0-9]+\\.*[0-9]+$' then case when a<400 then '1' end end flg from t1) select max(flg) from test;
replace into t(a) with test as (select case when a regexp '^[0-9]+\\.*[0-9]+$' then case when a<400 then '1' end end flg from t1) select max(flg) from test;

### 2. What did you expect to see? (Required)

Warning but not error is reported.

### 3. What did you see instead (Required)

```
mysql> with test as (select case when a regexp '^[0-9]+\\.*[0-9]+$' then case when a<400 then '1' end end flg from t1) select max(flg) from test;
+----------+
| max(flg) |
+----------+
| NULL     |
+----------+
1 row in set, 1 warning (0.01 sec)

mysql> show warnings;
+---------+------+-----------------------------------------------------------------+
| Level   | Code | Message                                                         |
+---------+------+-----------------------------------------------------------------+
| Warning | 1292 | evaluation failed: Truncated incorrect INTEGER value: '316-354' |
+---------+------+-----------------------------------------------------------------+
1 row in set (0.00 sec)

mysql> replace into t(a) with test as (select case when a regexp '^[0-9]+\\.*[0-9]+$' then case when a<400 then '1' end end flg from t1) select max(flg) from test;
ERROR 1292 (22007): Truncated incorrect INTEGER value: '316-354'

mysql> INSERT INTO mysql.expr_pushdown_blacklist VALUES('regexp','tikv','');
Query OK, 1 row affected (0.00 sec)

mysql> ADMIN reload expr_pushdown_blacklist;
Query OK, 0 rows affected (0.01 sec)

mysql> replace into t(a) with test as (select case when a regexp '^[0-9]+\\.*[0-9]+$' then case when a<400 then '1' end end flg from t1) select max(flg) from test;
Query OK, 1 row affected (0.00 sec)
Records: 1  Duplicates: 0  Warnings: 0
```

### 4. What is your TiDB version? (Required)

v7.5.0

