ID: 52299
Title: `insert on duplicate key update` does not work as expected on conflict auto id
Description:
## Bug Report

Please answer these questions before submitting your issue. Thanks!

### 1. Minimal reproduce step (Required)

```sql
drop table if exists t;
create table t (id bigint primary key auto_increment, uid int, amount int, pad varchar(255), unique index (uid));
insert into t(uid, amount, pad) values (1, 10, 'aaa');
insert into t(uid, amount, pad) values (2, 50, 'bbb');
select * from t;

+----+------+--------+------+
| id | uid  | amount | pad  |
+----+------+--------+------+
|  1 |    1 |     10 | aaa  |
|  2 |    2 |     50 | bbb  |
+----+------+--------+------+
2 rows in set (0.00 sec)


alter table t force auto_increment = 1;
insert into t(uid, amount, pad) values (2, 10, 'bbb') on duplicate key update amount = amount + 10;
select * from t;
```

<!-- a step by step guide for reproducing the bug. -->

### 2. What did you expect to see? (Required)

```
+----+------+--------+------+
| id | uid  | amount | pad  |
+----+------+--------+------+
|  1 |    1 |     10 | aaa  |
|  2 |    2 |     60 | bbb  |
+----+------+--------+------+
2 rows in set (0.00 sec)
```

or report an error.

### 3. What did you see instead (Required)

```
+----+------+--------+------+
| id | uid  | amount | pad  |
+----+------+--------+------+
|  1 |    1 |     20 | aaa  |
|  2 |    2 |     50 | bbb  |
+----+------+--------+------+
2 rows in set (0.01 sec)
```

### 4. What is your TiDB version? (Required)

<!-- Paste the output of SELECT tidb_version() -->
150233ddf
