ID: 52680
Title: Duplicate entry when insert into a recovered table with auto_id_cache=1
Description:
## Bug Report

Please answer these questions before submitting your issue. Thanks!

### 1. Minimal reproduce step (Required)
- start a cluster with 1 tidb to ease reproduce
```
mysql> create table tt(id bigint primary key auto_increment) auto_id_cache=1;
Query OK, 0 rows affected (0.10 sec)

mysql> insert into tt values(default),(default);
Query OK, 2 rows affected (0.01 sec)
Records: 2  Duplicates: 0  Warnings: 0

mysql> select * from tt;
+----+
| id |
+----+
|  1 |
|  2 |
+----+
2 rows in set (0.00 sec)
```
- restart the tidb, so id cache is flushed
```
mysql> drop table tt;
Query OK, 0 rows affected (0.28 sec)

mysql> select * from tt;
ERROR 1146 (42S02): Table 'ttt.tt' doesn't exist
mysql> recover table tt;
Query OK, 0 rows affected (0.14 sec)

mysql> select * from tt;
+----+
| id |
+----+
|  1 |
|  2 |
+----+
2 rows in set (0.00 sec)

mysql> insert into tt values(default);
ERROR 1062 (23000): Duplicate entry '1' for key 'tt.PRIMARY'
```

the reason is we drop the `IID` key when `drop table`, but didn't recover it when `recover table`
https://github.com/pingcap/tidb/blob/b4c87493158e7ba33b38f5897e88e13afe808715/pkg/ddl/table.go#L563

also when `drop table` we didn't invalid the cached id in autoid_service, when this tidb shutdown it will force rebase the id of the droped table, and cause meta inconsistent
https://github.com/pingcap/tidb/blob/b4c87493158e7ba33b38f5897e88e13afe808715/pkg/autoid_service/autoid.go#L385

<!-- a step by step guide for reproducing the bug. -->

### 2. What did you expect to see? (Required)
success
### 3. What did you see instead (Required)
fail
### 4. What is your TiDB version? (Required)

<!-- Paste the output of SELECT tidb_version() -->

