ID: 52935
Title: When executing GROUP BY NULL, TiDB returns unexpected results
Description:
## Bug Report

Please answer these questions before submitting your issue. Thanks!

### 1. Minimal reproduce step (Required)
```SQL
CREATE TABLE t0 (
  c0 double unsigned zerofill NULL
);

INSERT INTO t0 VALUES (0.1251773127435537), (NULL), (0), (0.6665588482250941);

CREATE TABLE t1(c0 BOOL);

INSERT INTO t1 VALUES (NULL), (NULL), (0), (0);

SELECT t0.c0 FROM t0 NATURAL RIGHT JOIN t1 GROUP BY NULL;
```

<!-- a step by step guide for reproducing the bug. -->

### 2. What did you expect to see? (Required)
```SQL
+------+
| c0   |
+------+
| NULL |
+------+
```

### 3. What did you see instead (Required)
```SQL
MySQL> SELECT t0.c0 FROM  t0 NATURAL RIGHT JOIN t1 GROUP BY NULL;
+------+
| c0   |
+------+
|    0 |
+------+
1 row in set (0.002 sec)
```

### 4. What is your TiDB version? (Required)

<!-- Paste the output of SELECT tidb_version() -->
```SQL
MySQL> select tidb_version();
+----------------------------------------------------------------------------------------------------------------------------------------------------------------------------------------------------------------------------------------------+
| tidb_version()                                                                                                                                                                                                                               |
+----------------------------------------------------------------------------------------------------------------------------------------------------------------------------------------------------------------------------------------------+
| Release Version: v8.0.0
Edition: Community
Git Commit Hash: 8ba1fa452b1ccdbfb85879ea94b9254aabba2916
Git Branch: HEAD
UTC Build Time: 2024-03-28 14:22:04
GoVersion: go1.21.6
Race Enabled: false
Check Table Before Drop: false
Store: tikv |
+----------------------------------------------------------------------------------------------------------------------------------------------------------------------------------------------------------------------------------------------+
1 row in set (0.002 sec)
```

