ID: 52938
Title: In the GROUP BY clause, TiDB incorrectly handled ' ' and NULL
Description:
## Bug Report

Please answer these questions before submitting your issue. Thanks!

### 1. Minimal reproduce step (Required)

<!-- a step by step guide for reproducing the bug. -->
```SQL
CREATE TABLE t0 (
c0 TEXT NOT NULL
);
INSERT INTO t0 VALUES (' '), ('dadfad'), ('2342dfad'), ('2dfad');

CREATE TABLE t1 (
c0 TEXT NOT NULL
);
INSERT INTO t1 VALUES ('xxx'), ('3gf'), (''), ('dddd');

SELECT count(t1.c0) FROM t1 LEFT OUTER JOIN t0 ON t0.c0 = t1.c0 GROUP BY t0.c0;
```

### 2. What did you expect to see? (Required)
```SQL
+--------------+
| count(t1.c0) |
+--------------+
|            4 |
+--------------+
```

### 3. What did you see instead (Required)
```SQL
MySQL> SELECT count(t1.c0) FROM t1 LEFT OUTER JOIN t0 ON t0.c0 = t1.c0 GROUP BY t0.c0;
+--------------+
| count(t1.c0) |
+--------------+
|            3 |
|            1 |
+--------------+
2 rows in set (0.004 sec)
```

### 4. What is your TiDB version? (Required)

<!-- Paste the output of SELECT tidb_version() -->
```SQL
MySQL> select tidb_version();
+----------------------------------------------------------------------------------------------------------------------------------------------------------------------------------------------------------------------------------------------+
| tidb_version()                                                                                                                                                                                                                               |
+----------------------------------------------------------------------------------------------------------------------------------------------------------------------------------------------------------------------------------------------+
| Release Version: v8.0.0
Edition: Community
Git Commit Hash: 8ba1fa452b1ccdbfb85879ea94b9254aabba2916
Git Branch: HEAD
UTC Build Time: 2024-03-28 14:22:04
GoVersion: go1.21.6
Race Enabled: false
Check Table Before Drop: false
Store: tikv |
+----------------------------------------------------------------------------------------------------------------------------------------------------------------------------------------------------------------------------------------------+
1 row in set (0.002 sec)
```
