ID: 53490
Title: "ERROR 8121 (HY000): privilege check for 'Select' fail" occurs with an UPDATE statement that includes a CTE
Description:
## Bug Report

Please answer these questions before submitting your issue. Thanks!

### 1. Minimal reproduce step (Required)
```
-- 创建表
create table test.tt1 (id bigint,pid bigint,name varchar(20),fullname varchar(20));

insert into test.tt1 values (1,null,'总公司',''),(2,1,'一级分公司',''),(3,2,'二级分公司','');

```

```
MySQL [(none)]> with  t_f as (
    -> select id,pid,name,'AAA' fullname from test.tt1 )
    -> update test.tt1 inner join t_f 
    -> set tt1.fullname=t_f.fullname
    -> where tt1.id=t_f.id;
ERROR 8121 (HY000): privilege check for 'Select' fail
MySQL [(none)]> use test;
Reading table information for completion of table and column names
You can turn off this feature to get a quicker startup with -A

Database changed
MySQL [test]> 
MySQL [test]> with  t_f as (
    -> select id,pid,name,'AAA' fullname from test.tt1 )
    -> update test.tt1 inner join t_f 
    -> set tt1.fullname=t_f.fullname
    -> where tt1.id=t_f.id;
Query OK, 3 rows affected (0.01 sec)
Rows matched: 3  Changed: 3  Warnings: 0

MySQL [test]>   show grants;
+--------------------------------------------------------------------------------------------------------------------------------------------+
| Grants for User                                                                                                                            |
+--------------------------------------------------------------------------------------------------------------------------------------------+
| GRANT USAGE ON *.* TO 'u2'@'%'                                                                                                             |
| GRANT SELECT,INSERT,UPDATE,DELETE,CREATE,DROP,CREATE ROUTINE,ALTER ROUTINE,ALTER,EXECUTE,INDEX,CREATE VIEW,SHOW VIEW ON test.* TO 'u2'@'%' |
+--------------------------------------------------------------------------------------------------------------------------------------------+
2 rows in set (0.01 sec)

MySQL [test]> select tidb_version()\G
*************************** 1. row ***************************
tidb_version(): Release Version: v6.5.9
Edition: Community
Git Commit Hash: 9815b4534e22d5db87ad38347546071d27c58431
Git Branch: heads/refs/tags/v6.5.9
UTC Build Time: 2024-04-02 10:59:21
GoVersion: go1.19.13
Race Enabled: false
TiKV Min Version: 6.2.0-alpha
Check Table Before Drop: false
Store: tikv
1 row in set (0.00 sec)
```



### 2. What did you expect to see? (Required)

No error.

### 3. What did you see instead (Required)
ERROR 8121 (HY000): privilege check for 'Select' fail

### 4. What is your TiDB version? (Required)

```
tidb_version(): Release Version: v6.5.9
Edition: Community
Git Commit Hash: 9815b4534e22d5db87ad38347546071d27c58431
Git Branch: heads/refs/tags/v6.5.9
UTC Build Time: 2024-04-02 10:59:21
GoVersion: go1.19.13
Race Enabled: false
TiKV Min Version: 6.2.0-alpha
Check Table Before Drop: false
Store: tikv
1 row in set (0.00 sec)
```
