ID: 53904
Title: Inconsistent type conversions in update and select statements 
Description:
## Bug Report

Please answer these questions before submitting your issue. Thanks!

### 1. Minimal reproduce step (Required)
<!-- a step by step guide for reproducing the bug. -->
```SQL
--- ini ---
CREATE TABLE t0(c0 TEXT , c1 DECIMAL , c2 BLOB );
INSERT INTO t0 VALUES ('zeGTVmzYyL', -10723, 'zeGTVmzYyL');
INSERT INTO t0(c2, c1, c0) VALUES ('m6MkaimUzq', -10811, 'm6MkaimUzq');
INSERT IGNORE  INTO t0(c0) VALUES ('u3pHrhF5LF');

--- select ---
SELECT * FROM t0 WHERE ((435600036)>=('-'));

--- update ---
UPDATE t0 SET c0='e9pvumJh2h', c1=3268, c2='e9pvumJh2h' WHERE ((435600036)>=('-'));
```

### 2. What did you expect to see? (Required)
In Mariadb
```SQL
mysql> SELECT * FROM t0 WHERE ((435600036)>=('-'));
+------------+--------+------------+
| c0         | c1     | c2         |
+------------+--------+------------+
| zeGTVmzYyL | -10723 | zeGTVmzYyL |
| m6MkaimUzq | -10811 | m6MkaimUzq |
| u3pHrhF5LF |   NULL | NULL       |
+------------+--------+------------+
3 rows in set, 1 warning (0.00 sec)

mysql> UPDATE t0 SET c0='e9pvumJh2h', c1=3268, c2='e9pvumJh2h' WHERE ((435600036)>=('-'));
Query OK, 3 rows affected, 1 warning (0.00 sec)
Rows matched: 3  Changed: 3  Warnings: 1

mysql> SELECT * FROM t0 WHERE ((435600036)>=('-'));
+------------+------+------------+
| c0         | c1   | c2         |
+------------+------+------------+
| e9pvumJh2h | 3268 | e9pvumJh2h |
| e9pvumJh2h | 3268 | e9pvumJh2h |
| e9pvumJh2h | 3268 | e9pvumJh2h |
+------------+------+------------+
3 rows in set, 1 warning (0.00 sec)
```
But in MySQL also error
```SQL
mysql> SELECT * FROM t0 WHERE ((435600036)>=('-'));
+------------+--------+------------+
| c0         | c1     | c2         |
+------------+--------+------------+
| zeGTVmzYyL | -10723 | zeGTVmzYyL |
| m6MkaimUzq | -10811 | m6MkaimUzq |
| u3pHrhF5LF |   NULL | NULL       |
+------------+--------+------------+
3 rows in set, 1 warning (0.00 sec)

mysql> UPDATE t0 SET c0='e9pvumJh2h', c1=3268, c2='e9pvumJh2h' WHERE ((435600036)>=('-'));
ERROR 1292 (22007): Truncated incorrect DOUBLE value: '-'
```
### 3. What did you see instead (Required)
```
mysql> SELECT * FROM t0 WHERE ((435600036)>=('-'));
+------------+--------+------------+
| c0         | c1     | c2         |
+------------+--------+------------+
| zeGTVmzYyL | -10723 | zeGTVmzYyL |
| m6MkaimUzq | -10811 | m6MkaimUzq |
| u3pHrhF5LF |   NULL | NULL       |
+------------+--------+------------+
3 rows in set, 1 warning (0.00 sec)

mysql> UPDATE t0 SET c0='e9pvumJh2h', c1=3268, c2='e9pvumJh2h' WHERE ((435600036)>=('-'));
ERROR 1292 (22007): Truncated incorrect INTEGER value: '-'
```
### 4. What is your TiDB version? (Required)

<!-- Paste the output of SELECT tidb_version() -->
Release Version: v8.1.0
Edition: Community
Git Commit Hash: 945d07c5d5c7a1ae212f6013adfb187f2de24b23
Git Branch: HEAD
UTC Build Time: 2024-05-21 03:51:57
GoVersion: go1.21.10
Race Enabled: false
Check Table Before Drop: false
Store: tikv

Looking forward to your reply and Thank you!