ID: 54064
Title: IndexMergeJoin get different result when using different charset
Description:
## Bug Report

Please answer these questions before submitting your issue. Thanks!

### 1. Minimal reproduce step (Required)

<!-- a step by step guide for reproducing the bug. -->

```
create table A
(id int primary key nonclustered auto_increment,
x varchar(32) not null,
y char(5) not null,
z varchar(25) not null,
key idx_sub_tsk(z,x,y)
)

create table B
( y char(5) not null,
z varchar(25) not null,
x varchar(32) not null,
primary key(z, x, y) nonclustered
)

insert into A (y, z, x) values
('CN000', '123', 'RW '),
('CN000', '456', '123');

insert into B values
('CN000', '123', 'RW '),
('CN000', '456', '123');

select /*+ inl_merge_join(a, b) */
a.*
from a join b on a.y=b.y and a.z=b.z and a.x = b.x
where a.y='CN000';
```

### 2. What did you expect to see? (Required)

```
mysql> set names utf8mb4;
Query OK, 0 rows affected (0.00 sec)

mysql> select /*+ inl_merge_join(a, b) */  a.* from b  join a  on a.y=b.y and a.z=b.z and a.x = b.x where a.y = 'cn000';
+----+-----+-------+-----+
| id | x   | y     | z   |
+----+-----+-------+-----+
|  1 | rw  | cn000 | 123 |
|  3 | 123 | cn000 | 456 |
+----+-----+-------+-----+
2 rows in set (0.00 sec)

mysql> set names utf8;
Query OK, 0 rows affected (0.00 sec)

mysql> select /*+ inl_merge_join(a, b) */  a.* from b  join a  on a.y=b.y and a.z=b.z and a.x = b.x where a.y = 'cn000';
+----+----+-------+-----+
| id | x  | y     | z   |
+----+----+-------+-----+
|  1 | rw | cn000 | 123 |
+----+----+-------+-----+
1 row in set (0.00 sec)
```

I expect whether using utf8 or utf8mb4, the query get the same result:

```
mysql> set names utf8;
Query OK, 0 rows affected (0.00 sec)

mysql> select /*+ inl_merge_join(a, b) */  a.* from b  join a  on a.y=b.y and a.z=b.z and a.x = b.x where a.y = 'cn000';
+----+----+-------+-----+
| id | x  | y     | z   |
+----+----+-------+-----+
|  1 | rw | cn000 | 123 |
|  3 | 123 | cn000 | 456 |
+----+----+-------+-----+
1 row in set (0.00 sec)
```

### 3. What did you see instead (Required)

```
mysql> set names utf8;
Query OK, 0 rows affected (0.00 sec)

mysql> select /*+ inl_merge_join(a, b) */  a.* from b  join a  on a.y=b.y and a.z=b.z and a.x = b.x where a.y = 'cn000';
+----+----+-------+-----+
| id | x  | y     | z   |
+----+----+-------+-----+
|  1 | rw | cn000 | 123 |
+----+----+-------+-----+
1 row in set (0.00 sec)
```


### 4. What is your TiDB version? (Required)

<!-- Paste the output of SELECT tidb_version() -->

Both v6.5.3 and master(8.2+) get the wrong result, so this is a new bug.