ID: 54269
Title: TiDB does not handle `NO_ZERO_IN_DATE` correctly in `cast`
Description:
## Bug Report

Please answer these questions before submitting your issue. Thanks!

### 1. Minimal reproduce step (Required)

```
> set @@sql_mode='NO_ZERO_IN_DATE';
> select cast('2022-01-00' as date);
```

### 2. What did you expect to see? (Required)

In Mysql8.0:

```
mysql> set @@sql_mode='NO_ZERO_IN_DATE';
Query OK, 0 rows affected, 1 warning (0.00 sec)

mysql> select cast('2022-01-00' as date);
+----------------------------+
| cast('2022-01-00' as date) |
+----------------------------+
| NULL                       |
+----------------------------+
1 row in set, 1 warning (0.00 sec)
```

### 3. What did you see instead (Required)

In TiDB:

```
mysql> set @@sql_mode='NO_ZERO_IN_DATE';
Query OK, 0 rows affected (0.00 sec)

mysql> select cast('2022-01-00' as date);
+----------------------------+
| cast('2022-01-00' as date) |
+----------------------------+
| 2022-01-00                 |
+----------------------------+
1 row in set (0.00 sec)
```

### 4. What is your TiDB version? (Required)

<!-- Paste the output of SELECT tidb_version() -->

