ID: 55769
Title: Incorrect Result in SQL Query with POWER Function
Description:
## Bug Report


### 1. Minimal reproduce step (Required)

```sql
mysql> CREATE TABLE t0 (c0 TINYINT, c1 TINYINT);
Query OK, 0 rows affected (1.20 sec)

mysql> INSERT INTO t0 VALUES (13, 47);
Query OK, 1 row affected (0.18 sec)

mysql> SELECT * FROM t0 WHERE ((POWER(t0.c0, t0.c1)) >= (SELECT MAX((POWER(t0.c0, t0.c1))) FROM t0));
0 rows in set (0.04 sec)
```

### 2. What did you expect to see? (Required)

The query is expected to return one row but returns an empty result instead. 

### 3. What did you see instead (Required)

See above.

### 4. What is your TiDB version? (Required)

```
+-----------------------------------------------------------------------------------------------------------------------------------------------------------------------------------------------------------------------------------------------+
| tidb_version()                                                                                                                                                                                                                                |
+-----------------------------------------------------------------------------------------------------------------------------------------------------------------------------------------------------------------------------------------------+
| Release Version: v8.2.0
Edition: Community
Git Commit Hash: 821e491a20fbab36604b36b647b5bae26a2c1418
Git Branch: HEAD
UTC Build Time: 2024-07-05 09:17:02
GoVersion: go1.21.10
Race Enabled: false
Check Table Before Drop: false
Store: tikv |
+-----------------------------------------------------------------------------------------------------------------------------------------------------------------------------------------------------------------------------------------------+
1 row in set (0.03 sec)
```
