ID: 55827
Title: tidb/pull/55574 does not handle snapshot infoschema version
Description:
## Bug Report

Please answer these questions before submitting your issue. Thanks!

Bug introduced by https://github.com/pingcap/tidb/pull/55574

### 1. Minimal reproduce step (Required)

<!-- a step by step guide for reproducing the bug. -->

```
mysql> use test;
Database changed
mysql> show tables;
Empty set (0.00 sec)

mysql> select now();
+---------------------+
| now()               |
+---------------------+
| 2024-09-03 18:37:21 |
+---------------------+
1 row in set (0.00 sec)

mysql> select * from information_schema.tables where table_schema = 'test';
Empty set (0.00 sec)
```

Create a table

```
mysql> create table t (id int);
Query OK, 0 rows affected (0.01 sec)

mysql> select * from information_schema.tables where table_schema = 'test';
+---------------+--------------+------------+------------+--------+---------+------------+------------+----------------+-------------+-----------------+--------------+-----------+----------------+---------------------+-------------+------------+-----------------+----------+----------------+---------------+---------------+---------------------------+--------------+----------------------------+
| TABLE_CATALOG | TABLE_SCHEMA | TABLE_NAME | TABLE_TYPE | ENGINE | VERSION | ROW_FORMAT | TABLE_ROWS | AVG_ROW_LENGTH | DATA_LENGTH | MAX_DATA_LENGTH | INDEX_LENGTH | DATA_FREE | AUTO_INCREMENT | CREATE_TIME         | UPDATE_TIME | CHECK_TIME | TABLE_COLLATION | CHECKSUM | CREATE_OPTIONS | TABLE_COMMENT | TIDB_TABLE_ID | TIDB_ROW_ID_SHARDING_INFO | TIDB_PK_TYPE | TIDB_PLACEMENT_POLICY_NAME |
+---------------+--------------+------------+------------+--------+---------+------------+------------+----------------+-------------+-----------------+--------------+-----------+----------------+---------------------+-------------+------------+-----------------+----------+----------------+---------------+---------------+---------------------------+--------------+----------------------------+
| def           | test         | t          | BASE TABLE | InnoDB |      10 | Compact    |          0 |              0 |           0 |               0 |            0 |         0 |           NULL | 2024-09-03 18:37:56 | NULL        | NULL       | utf8mb4_bin     |     NULL |                |               |           104 | NOT_SHARDED               | NONCLUSTERED | NULL                       |
+---------------+--------------+------------+------------+--------+---------+------------+------------+----------------+-------------+-----------------+--------------+-----------+----------------+---------------------+-------------+------------+-----------------+----------+----------------+---------------+---------------+---------------------------+--------------+----------------------------+
1 row in set (0.01 sec)
```

Use snapshot read on INFORMATION_SCHEMA.TABLES

```
mysql> select table_name, table_schema from information_schema.tables  as of timestamp '2024-09-03 18:37:21'  where table_schema = 'test';

mysql> select count(*) from information_schema.tables  as of timestamp '2024-09-03 18:37:21'  where table_schema = 'test';
```

### 2. What did you expect to see? (Required)

```
mysql> select table_name, table_schema from information_schema.tables  as of timestamp '2024-09-03 18:37:21'  where table_schema = 'test';
Empty set (0.00 sec)

mysql> select count(*) from information_schema.tables  as of timestamp '2024-09-03 18:37:21'  where table_schema = 'test';
+----------+
| count(*) |
+----------+
|        0 |
+----------+
1 row in set (0.00 sec)

```

### 3. What did you see instead (Required)

```
mysql> select table_name, table_schema from information_schema.tables  as of timestamp '2024-09-03 18:37:21'  where table_schema = 'test';
+------------+--------------+
| table_name | table_schema |
+------------+--------------+
| t          | test         |
+------------+--------------+
1 row in set (0.00 sec)

mysql> select count(*) from information_schema.tables  as of timestamp '2024-09-03 18:37:21'  where table_schema = 'test';
+----------+
| count(*) |
+----------+
|        1 |
+----------+
1 row in set (0.00 sec)
```

### 4. What is your TiDB version? (Required)

<!-- Paste the output of SELECT tidb_version() -->

master branch only
