ID: 56100
Title: information_schema.cluster_slow_query returns wrong result
Description:
## Bug Report

Please answer these questions before submitting your issue. Thanks!

### 1. Minimal reproduce step (Required)

```sql
select time,query from information_schema.cluster_slow_query where time > '2024-09-16 00:00:01.000000' limit 1;
select time,query from information_schema.cluster_slow_query where time > '1970-01-01 00:00:01.000000';
```
### 2. What did you expect to see? (Required)

The second query should return result if the first query returns result

### 3. What did you see instead (Required)
```sql
mysql> select time,query from information_schema.cluster_slow_query where time > '2024-09-16 00:00:01.000000' limit 1;
+----------------------------+-------------------------------------------------------------------------------------------------------------------------------------------------------------------------------------------------------------------------------------------------------------------------------------------------------------+
| time                       | query                                                                                                                                                                                                                                                                                                       |
+----------------------------+-------------------------------------------------------------------------------------------------------------------------------------------------------------------------------------------------------------------------------------------------------------------------------------------------------------+
| 2024-09-16 00:20:49.104160 | INSERT HIGH_PRIORITY INTO mysql.tidb VALUES ('tikv_gc_leader_lease', '20240916-00:22:44.100 -0400', 'Current GC worker leader lease. (DO NOT EDIT)')           ON DUPLICATE KEY           UPDATE variable_value = '20240916-00:22:44.100 -0400', comment = 'Current GC worker leader lease. (DO NOT EDIT)'; |
+----------------------------+-------------------------------------------------------------------------------------------------------------------------------------------------------------------------------------------------------------------------------------------------------------------------------------------------------------+
1 row in set (0.00 sec)

mysql> select time,query from information_schema.cluster_slow_query where time > '1970-01-01 00:00:01.000000';
Empty set (0.00 sec)

```
### 4. What is your TiDB version? (Required)

```sql
mysql> select tidb_version()\G
*************************** 1. row ***************************
tidb_version(): Release Version: v7.5.1
Edition: Community
Git Commit Hash: 7d16cc79e81bbf573124df3fd9351c26963f3e70
Git Branch: heads/refs/tags/v7.5.1
UTC Build Time: 2024-02-27 14:21:44
GoVersion: go1.21.6
Race Enabled: false
Check Table Before Drop: false
Store: tikv
1 row in set (0.00 sec)
```

