ID: 56339
Title: Inconsistent date_sub/date_add with MySQL when the type of first argument is float
Description:
## Bug Report

For `cast_float_as_datetime`, TiDB converts the float to string first and then converts the string to datetime.
For date_sub/date_add part, TiDB converts the integer part of the float to datetime first and then converts the frac part to fsp.
The bug is that TiDB forgets to round the frac part.
TiKV does the round for the frac part so the bug exists only in TiDB.(https://github.com/tikv/tikv/blob/c67e7c37786f9d153ede85a1c8daacebe2610688/components/tidb_query_datatype/src/codec/mysql/time/mod.rs#L786)

TiDB
```sql
mysql> create table t(a double);
Query OK, 0 rows affected (0.06 sec)
mysql> insert into t values(121212131313.99998), (20000102030405.0078125);
Query OK, 2 rows affected (0.01 sec)
Records: 2  Duplicates: 0  Warnings: 0
mysql> select a, date_add(a, interval 1 minute) from t;
+--------------------+--------------------------------+
| a                  | date_add(a, interval 1 minute) |
+--------------------+--------------------------------+
| 121212131313.99998 | 2012-12-12 13:14:13.999984     |
| 20000102030405.008 | 2000-01-02 03:05:05.007812     |
+--------------------+--------------------------------+
2 rows in set (0.00 sec)
```

MySQL
```sql
mysql> create table t(a double);
Query OK, 0 rows affected (0.02 sec)

mysql> insert into t values(121212131313.99998), (20000102030405.0078125);
Query OK, 2 rows affected (0.00 sec)
Records: 2  Duplicates: 0  Warnings: 0

mysql> select a, date_add(a, interval 1 minute) from t;
+--------------------+--------------------------------+
| a                  | date_add(a, interval 1 minute) |
+--------------------+--------------------------------+
| 121212131313.99998 | 2012-12-12 13:14:13.999985     |
| 20000102030405.008 | 2000-01-02 03:05:05.007813     |
+--------------------+--------------------------------+
2 rows in set (0.01 sec)
```