ID: 56377
Title: `information_schema.tables` return wrong result
Description:
## Bug Report

Please answer these questions before submitting your issue. Thanks!

### 1. Minimal reproduce step (Required)

```sql
use test;
drop table if exists caseSensitive;
drop table if exists unrelatedTable;

create table caseSensitive (a int);
create table unrelatedTable (a int);
select table_schema, table_name from information_schema.tables where table_schema = 'test' and table_name like '%aseSensitive';
select table_schema, table_name, tidb_pk_type from information_schema.tables where table_schema = 'test' and table_name like '%aseSensitive';
```

<!-- a step by step guide for reproducing the bug. -->

### 2. What did you expect to see? (Required)
```sql
mysql> select table_schema, table_name from information_schema.tables where table_schema = 'test' and table_name like '%aseSensitive';
+--------------+---------------+
| table_schema | table_name    |
+--------------+---------------+
| test         | caseSensitive |
+--------------+---------------+
1 row in set (0.00 sec)

mysql> select table_schema, table_name, tidb_pk_type from information_schema.tables where table_schema = 'test' and table_name like '%aseSensitive';
+--------------+---------------+--------------+
| table_schema | table_name    | tidb_pk_type |
+--------------+---------------+--------------+
| test         | caseSensitive | NONCLUSTERED |
+--------------+---------------+--------------+
1 row in set (0.00 sec)
```

### 3. What did you see instead (Required)

```sql
mysql> select table_schema, table_name from information_schema.tables where table_schema = 'test' and table_name like '%aseSensitive';
+--------------+----------------+
| table_schema | table_name     |
+--------------+----------------+
| test         | unrelatedTable |
| test         | caseSensitive  |
+--------------+----------------+
2 rows in set (0.00 sec)

mysql> select table_schema, table_name, tidb_pk_type from information_schema.tables where table_schema = 'test' and table_name like '%aseSensitive';
Empty set (0.00 sec)
```

### 4. What is your TiDB version? (Required)

<!-- Paste the output of SELECT tidb_version() -->
b520f61d9f
