ID: 56408
Title: Data inconsistency in non clustered PK after `load data ...replace into ...`
Description:
## Bug Report

Please answer these questions before submitting your issue. Thanks!

### 1. Minimal reproduce step (Required)
```
âžœ  ~ cat /Users/fanzhou/a.csv
1|aa|beijing
1|aa|beijing
1|aa|beijing
1|aa|beijing
2|bb|shanghai
2|bb|shanghai
2|bb|shanghai
3|cc|guangzhou
```

```
mysql> create table a(id int, name varchar(20), addr varchar(100), primary key (id) nonclustered);
Query OK, 0 rows affected (0.02 sec)

mysql> load data local infile '/Users/fanzhou/a.csv' replace into table a fields terminated by '|' escaped by '' lines terminated by '\n';
Query OK, 13 rows affected (0.01 sec)
Records: 8  Deleted: 0  Skipped: 0  Warnings: 0

mysql> select count(*) from a;
+----------+
| count(*) |
+----------+
|        3 |
+----------+
1 row in set (0.01 sec)

mysql> select count(*) from a use index();
+----------+
| count(*) |
+----------+
|        8 |
+----------+
1 row in set (0.01 sec)

mysql> admin check table a;
ERROR 8223 (HY000): data inconsistency in table: a, index: PRIMARY, handle: 3, index-values:"" != record-values:"handle: 3, values: [KindInt64 1]"
```
<!-- a step by step guide for reproducing the bug. -->

### 2. What did you expect to see? (Required)
Data consistent, No error
### 3. What did you see instead (Required)
Data Inconsistency
### 4. What is your TiDB version? (Required)
master
<!-- Paste the output of SELECT tidb_version() -->

