ID: 57668
Title: The compatibility issue of the PI() function in MySQL and TiDB.
Description:
## Bug Report

Please answer these questions before submitting your issue. Thanks!

### 1. Minimal reproduce step (Required)

<!-- a step by step guide for reproducing the bug. -->

Use function over PI()

### 2. What did you expect to see? (Required)

The same behavior between TiDB and MySQL

### 3. What did you see instead (Required)

```sql
// TiDB
mysql> SELECT TAN(PI()+1);
+--------------------+
| TAN(PI()+1)        |
+--------------------+
| 1.5574077246549016 |
+--------------------+
1 row in set (0.04 sec)

mysql> SELECT TAN(PI());
+-------------------------+
| TAN(PI())               |
+-------------------------+
| -1.2246467991473515e-16 |
+-------------------------+
1 row in set (0.03 sec)

mysql> SELECT SIN(PI());
+------------------------+
| SIN(PI())              |
+------------------------+
| 1.2246467991473515e-16 |
+------------------------+
1 row in set (0.04 sec)

// MySQL
mysql> SELECT TAN(PI()+1);
+--------------------+
| TAN(PI()+1)        |
+--------------------+
| 1.5574077246549018 |
+--------------------+
1 row in set (0.02 sec)

mysql> SELECT TAN(PI());
+-------------------------+
| TAN(PI())               |
+-------------------------+
| -1.2246467991473532e-16 |
+-------------------------+
1 row in set (0.00 sec)

mysql> SELECT SIN(PI());
+------------------------+
| SIN(PI())              |
+------------------------+
| 1.2246467991473532e-16 |
+------------------------+
1 row in set (0.00 sec)
```

### 4. What is your TiDB version? (Required)

<!-- Paste the output of SELECT tidb_version() -->

TiDB v8.4.0

MySQL v8.4.1