ID: 57671
Title: `radians` function result does not consistent with MySQL
Description:
## Bug Report

Please answer these questions before submitting your issue. Thanks!

### 1. Minimal reproduce step (Required)
```sql
select radians(1.0e308);
select radians(23);
```

<!-- a step by step guide for reproducing the bug. -->

### 2. What did you expect to see? (Required)
```sql
MySQL 8.3
mysql> select radians(1.0e308);
+------------------------+
| radians(1.0e308)       |
+------------------------+
| 1.7453292519943295e306 |
+------------------------+
1 row in set (0.00 sec)

mysql> select radians(23);
+--------------------+
| radians(23)        |
+--------------------+
| 0.4014257279586958 |
+--------------------+
1 row in set (0.00 sec)
```

### 3. What did you see instead (Required)
```sql
mysql> select radians(1.0e308);
+------------------+
| radians(1.0e308) |
+------------------+
|                0 |
+------------------+
1 row in set (0.00 sec)

mysql> select radians(23);
+---------------------+
| radians(23)         |
+---------------------+
| 0.40142572795869574 |
+---------------------+
1 row in set (0.00 sec)
```

### 4. What is your TiDB version? (Required)
Master
<!-- Paste the output of SELECT tidb_version() -->

