ID: 58888
Title: sometimes TiDB will return json float number without float point
Description:
## Bug Report

Please answer these questions before submitting your issue. Thanks!

### 1. Minimal reproduce step (Required)

Run the following SQL:

```
select json_extract("0.0", "$");
```

### 2. What did you expect to see? (Required)

```
mysql> select json_extract("0.0", "$");
+--------------------------+
| json_extract("0.0", "$") |
+--------------------------+
| 0.0                      |
+--------------------------+
1 row in set (0.00 sec)
```

### 3. What did you see instead (Required)

```
mysql> select json_extract("0.0", "$");
+--------------------------+
| json_extract("0.0", "$") |
+--------------------------+
| 0                        |
+--------------------------+
1 row in set (0.00 sec)
```

### 4. What is your TiDB version? (Required)

```
c199ddfcdf9e1f88a243c2b7847d8f3224446004
```
