ID: 59417
Title: Shouldn't allow zero month in datetime string
Description:
## Bug Report

Please answer these questions before submitting your issue. Thanks!

### 1. Minimal reproduce step (Required)

Run `SELECT DATE('2024-00-15');`.

### 2. What did you expect to see? (Required)

```
mysql> SELECT DATE('2024-00-15');
+--------------------+
| DATE('2024-00-15') |
+--------------------+
| NULL               |
+--------------------+
1 row in set, 1 warning (0.00 sec)

mysql> show warnings;
+---------+------+----------------------------------------+
| Level   | Code | Message                                |
+---------+------+----------------------------------------+
| Warning | 1292 | Incorrect datetime value: '2024-00-15' |
+---------+------+----------------------------------------+
1 row in set (0.00 sec)
```

### 3. What did you see instead (Required)

```
mysql> SELECT DATE('2024-00-15');
+--------------------+
| DATE('2024-00-15') |
+--------------------+
| 2024-00-15         |
+--------------------+
1 row in set (0.00 sec)
```

### 4. What is your TiDB version? (Required)

<!-- Paste the output of SELECT tidb_version() -->

