ID: 59428
Title: `SEC_TO_TIME` has different precision compared with MySQL
Description:
## Bug Report

Please answer these questions before submitting your issue. Thanks!

### 1. Minimal reproduce step (Required)

<!-- a step by step guide for reproducing the bug. -->

### 2. What did you expect to see? (Required)

```
mysql> SELECT sec_to_time(b'1111');
+----------------------+
| sec_to_time(b'1111') |
+----------------------+
| 00:00:15             |
+----------------------+
1 row in set (0.04 sec)

mysql> SELECT sec_to_time(0x1E0);
+--------------------+
| sec_to_time(0x1E0) |
+--------------------+
| 00:08:00           |
+--------------------+
1 row in set (0.00 sec)
```

### 3. What did you see instead (Required)

```
mysql> SELECT sec_to_time(b'1111');
+----------------------+
| sec_to_time(b'1111') |
+----------------------+
| 00:00:15.000000      |
+----------------------+
1 row in set (0.00 sec)

mysql> SELECT sec_to_time(0x1E0);
+--------------------+
| sec_to_time(0x1E0) |
+--------------------+
| 00:08:00.000000    |
+--------------------+
1 row in set (0.00 sec)
```

### 4. What is your TiDB version? (Required)

<!-- Paste the output of SELECT tidb_version() -->

