ID: 59424
Title: `DATE_FORMAT` is not compatible with MySQL for empty foramt
Description:
## Bug Report

Please answer these questions before submitting your issue. Thanks!

### 1. Minimal reproduce step (Required)

<!-- a step by step guide for reproducing the bug. -->

### 2. What did you expect to see? (Required)

```
mysql> SELECT DATE_FORMAT('2023-10-30', '');
+-------------------------------+
| DATE_FORMAT('2023-10-30', '') |
+-------------------------------+
| NULL                          |
+-------------------------------+
1 row in set (0.01 sec)
```

### 3. What did you see instead (Required)

```
mysql> SELECT DATE_FORMAT('2023-10-30', '');
+-------------------------------+
| DATE_FORMAT('2023-10-30', '') |
+-------------------------------+
|                               |
+-------------------------------+
1 row in set (0.01 sec)
```

### 4. What is your TiDB version? (Required)

<!-- Paste the output of SELECT tidb_version() -->

