ID: 59439
Title: The return type of `TIMESTAMPADD` is not correct.
Description:
## Bug Report

Please answer these questions before submitting your issue. Thanks!

### 1. Minimal reproduce step (Required)

<!-- a step by step guide for reproducing the bug. -->

### 2. What did you expect to see? (Required)

```
mysql> SELECT TIMESTAMPADD(DAY, -1, '2023-01-01');
+-------------------------------------+
| TIMESTAMPADD(DAY, -1, '2023-01-01') |
+-------------------------------------+
| 2022-12-31                          |
+-------------------------------------+
1 row in set (0.05 sec)

mysql> SELECT TIMESTAMPADD(WEEK, 2, '2023-12-31');
+-------------------------------------+
| TIMESTAMPADD(WEEK, 2, '2023-12-31') |
+-------------------------------------+
| 2024-01-14                          |
+-------------------------------------+
1 row in set (0.00 sec)

mysql> SELECT TIMESTAMPADD(MONTH, 13, '2022-05-15');
+---------------------------------------+
| TIMESTAMPADD(MONTH, 13, '2022-05-15') |
+---------------------------------------+
| 2023-06-15                            |
+---------------------------------------+
1 row in set (0.00 sec)

mysql> SELECT TIMESTAMPADD(QUARTER, 4, '2023-01-01');
+----------------------------------------+
| TIMESTAMPADD(QUARTER, 4, '2023-01-01') |
+----------------------------------------+
| 2024-01-01                             |
+----------------------------------------+
1 row in set (0.00 sec)

mysql> SELECT TIMESTAMPADD(DAY, 0, '2023-10-23');
+------------------------------------+
| TIMESTAMPADD(DAY, 0, '2023-10-23') |
+------------------------------------+
| 2023-10-23                         |
+------------------------------------+
1 row in set (0.00 sec)

mysql> SELECT TIMESTAMPADD(DAY, 1, 20231023);
+--------------------------------+
| TIMESTAMPADD(DAY, 1, 20231023) |
+--------------------------------+
| 2023-10-24                     |
+--------------------------------+
1 row in set (0.00 sec)

mysql> SELECT TIMESTAMPADD(MONTH, 1, '2020-02-29');
+--------------------------------------+
| TIMESTAMPADD(MONTH, 1, '2020-02-29') |
+--------------------------------------+
| 2020-03-29                           |
+--------------------------------------+
1 row in set (0.00 sec)

mysql> SELECT TIMESTAMPADD(MONTH, 12, '2023-10-31');
+---------------------------------------+
| TIMESTAMPADD(MONTH, 12, '2023-10-31') |
+---------------------------------------+
| 2024-10-31                            |
+---------------------------------------+
1 row in set (0.00 sec)
```

### 3. What did you see instead (Required)

```
mysql> SELECT TIMESTAMPADD(DAY, -1, '2023-01-01');
+-------------------------------------+
| TIMESTAMPADD(DAY, -1, '2023-01-01') |
+-------------------------------------+
| 2022-12-31 00:00:00                 |
+-------------------------------------+
1 row in set (0.00 sec)

mysql> SELECT TIMESTAMPADD(WEEK, 2, '2023-12-31');
+-------------------------------------+
| TIMESTAMPADD(WEEK, 2, '2023-12-31') |
+-------------------------------------+
| 2024-01-14 00:00:00                 |
+-------------------------------------+
1 row in set (0.00 sec)

mysql> SELECT TIMESTAMPADD(MONTH, 13, '2022-05-15');
+---------------------------------------+
| TIMESTAMPADD(MONTH, 13, '2022-05-15') |
+---------------------------------------+
| 2023-06-15 00:00:00                   |
+---------------------------------------+
1 row in set (0.00 sec)

mysql> SELECT TIMESTAMPADD(QUARTER, 4, '2023-01-01');
+----------------------------------------+
| TIMESTAMPADD(QUARTER, 4, '2023-01-01') |
+----------------------------------------+
| 2024-01-01 00:00:00                    |
+----------------------------------------+
1 row in set (0.00 sec)

mysql> SELECT TIMESTAMPADD(DAY, 0, '2023-10-23');
+------------------------------------+
| TIMESTAMPADD(DAY, 0, '2023-10-23') |
+------------------------------------+
| 2023-10-23 00:00:00                |
+------------------------------------+
1 row in set (0.00 sec)

mysql> SELECT TIMESTAMPADD(DAY, 1, 20231023);
+--------------------------------+
| TIMESTAMPADD(DAY, 1, 20231023) |
+--------------------------------+
| 2023-10-24 00:00:00            |
+--------------------------------+
1 row in set (0.00 sec)

mysql> SELECT TIMESTAMPADD(MONTH, 1, '2020-02-29');
+--------------------------------------+
| TIMESTAMPADD(MONTH, 1, '2020-02-29') |
+--------------------------------------+
| 2020-03-29 00:00:00                  |
+--------------------------------------+
1 row in set (0.00 sec)

mysql> SELECT TIMESTAMPADD(MONTH, 12, '2023-10-31');
+---------------------------------------+
| TIMESTAMPADD(MONTH, 12, '2023-10-31') |
+---------------------------------------+
| 2024-10-31 00:00:00                   |
+---------------------------------------+
1 row in set (0.00 sec)
```

### 4. What is your TiDB version? (Required)

<!-- Paste the output of SELECT tidb_version() -->

