ID: 59431
Title: `MINUTE` cannot return correct minutes for truncated value
Description:
## Bug Report

Please answer these questions before submitting your issue. Thanks!

### 1. Minimal reproduce step (Required)

<!-- a step by step guide for reproducing the bug. -->

### 2. What did you expect to see? (Required)

```
mysql> SELECT MINUTE('12:30:00+05:00');
+--------------------------+
| MINUTE('12:30:00+05:00') |
+--------------------------+
|                       30 |
+--------------------------+
1 row in set, 1 warning (0.02 sec)

mysql> show warnings;
+---------+------+--------------------------------------------------+
| Level   | Code | Message                                          |
+---------+------+--------------------------------------------------+
| Warning | 1292 | Truncated incorrect time value: '12:30:00+05:00' |
+---------+------+--------------------------------------------------+
1 row in set (0.06 sec)
```

### 3. What did you see instead (Required)

```
mysql> SELECT MINUTE('12:30:00+05:00');
+--------------------------+
| MINUTE('12:30:00+05:00') |
+--------------------------+
|                     NULL |
+--------------------------+
1 row in set, 1 warning (0.01 sec)

mysql> show warnings;
+---------+------+--------------------------------------------------+
| Level   | Code | Message                                          |
+---------+------+--------------------------------------------------+
| Warning | 1292 | Truncated incorrect time value: '12:30:00+05:00' |
+---------+------+--------------------------------------------------+
1 row in set (0.00 sec)
```

### 4. What is your TiDB version? (Required)

<!-- Paste the output of SELECT tidb_version() -->

