ID: 59447
Title: `LPAD` and `RPAD` shouldn't return NULL for empty padstr
Description:
## Bug Report

Please answer these questions before submitting your issue. Thanks!

### 1. Minimal reproduce step (Required)

<!-- a step by step guide for reproducing the bug. -->

### 2. What did you expect to see? (Required)

```
mysql> SELECT LPAD('abc', 5, '');
+--------------------+
| LPAD('abc', 5, '') |
+--------------------+
|                    |
+--------------------+
1 row in set (0.04 sec)

mysql> SELECT LPAD('abc', 5, '');
+--------------------+
| LPAD('abc', 5, '') |
+--------------------+
|                    |
+--------------------+
1 row in set (0.00 sec)
```

### 3. What did you see instead (Required)

```
mysql> SELECT LPAD('abc', 5, '');
+--------------------+
| LPAD('abc', 5, '') |
+--------------------+
| NULL               |
+--------------------+
1 row in set (0.00 sec)

mysql> SELECT LPAD('abc', 5, '');
+--------------------+
| LPAD('abc', 5, '') |
+--------------------+
| NULL               |
+--------------------+
1 row in set (0.01 sec)
```

### 4. What is your TiDB version? (Required)

<!-- Paste the output of SELECT tidb_version() -->

