ID: 59445
Title: `TIME_FORMAT` should return `NULL` for empty format
Description:
## Bug Report

Please answer these questions before submitting your issue. Thanks!

### 1. Minimal reproduce step (Required)

<!-- a step by step guide for reproducing the bug. -->

### 2. What did you expect to see? (Required)

```
mysql> SELECT TIME_FORMAT('12:34:56', '');
+-----------------------------+
| TIME_FORMAT('12:34:56', '') |
+-----------------------------+
| NULL                        |
+-----------------------------+
1 row in set (0.01 sec)
```

### 3. What did you see instead (Required)

```
mysql> SELECT TIME_FORMAT('12:34:56', '');
+-----------------------------+
| TIME_FORMAT('12:34:56', '') |
+-----------------------------+
|                             |
+-----------------------------+
1 row in set (0.00 sec)
```

### 4. What is your TiDB version? (Required)

<!-- Paste the output of SELECT tidb_version() -->

