ID: 59448
Title: The implicit casting rule of `FIELD` is not compatible with MySQL
Description:
## Bug Report

Please answer these questions before submitting your issue. Thanks!

### 1. Minimal reproduce step (Required)

<!-- a step by step guide for reproducing the bug. -->

### 2. What did you expect to see? (Required)

```
mysql> SELECT FIELD('2023-10-01', DATE '2023-10-01');
+----------------------------------------+
| FIELD('2023-10-01', DATE '2023-10-01') |
+----------------------------------------+
|                                      1 |
+----------------------------------------+
1 row in set (0.02 sec)
```

### 3. What did you see instead (Required)

```
mysql> SELECT FIELD('2023-10-01', DATE '2023-10-01');
+----------------------------------------+
| FIELD('2023-10-01', DATE '2023-10-01') |
+----------------------------------------+
|                                      0 |
+----------------------------------------+
1 row in set, 1 warning (0.00 sec)

mysql> show warnings;
+---------+------+------------------------------------------------+
| Level   | Code | Message                                        |
+---------+------+------------------------------------------------+
| Warning | 1292 | Truncated incorrect DOUBLE value: '2023-10-01' |
+---------+------+------------------------------------------------+
1 row in set (0.00 sec)
```

### 4. What is your TiDB version? (Required)

<!-- Paste the output of SELECT tidb_version() -->

