ID: 6330
Title: Missed extra validation for column with dot in create table statement
Description:
Please answer these questions before submitting your issue. Thanks!

1. What did you do?
If possible, provide a recipe for reproducing the error.
```
mysql> drop table if exists t; create table t(c1.c2 blob default null); insert into t values(); select * from t;
```

2. What did you expect to see?
```
Query OK, 0 rows affected (0.00 sec)

ERROR 1103 (42000): Incorrect table name 'c1'
ERROR 1146 (42S02): Table 'test1.t' doesn't exist
ERROR 1146 (42S02): Table 'test1.t' doesn't exist
```

3. What did you see instead?
```
Query OK, 0 rows affected (0.35 sec)

Query OK, 0 rows affected (0.21 sec)

Query OK, 1 row affected (0.13 sec)

+------+
| c2   |
+------+
| NULL |
+------+
1 row in set (0.00 sec)
```


4. What version of TiDB are you using (`tidb-server -V` or run `select tidb_version();` on TiDB)?
```
mysql> select tidb_version();
+---------------------------------------------------------------------------------------------------------------------------------------------------------------------------------------------------------------------------------+
| tidb_version()                                                                                                                                                                                                                  |
+---------------------------------------------------------------------------------------------------------------------------------------------------------------------------------------------------------------------------------+
| Release Version: v2.0.0-rc.1-6-ge38f406
Git Commit Hash: e38f4067569152dd0acb233b4a8e0cc05644dee1
Git Branch: master
UTC Build Time: 2018-03-11 08:28:59
GoVersion: go version go1.10 linux/amd64
TiKV Min Version: 1.1.0-dev.2 |
+---------------------------------------------------------------------------------------------------------------------------------------------------------------------------------------------------------------------------------+
1 row in set (0.01 sec)
```
