ID: 6882
Title: float type ï¼Ÿ
Description:
## Description
Please answer these questions before submitting your issue. Thanks!

1. What did you do?
If possible, provide a recipe for reproducing the error.

```
set @j = 1000.31231231200432;
set @k = 9381238.3123123120032;
set @i = @j - @k;
select @i;
```

float algorithm
2. What did you expect to see?
```
mysql> set @j = 1000.31231231200432;
Query OK, 0 rows affected (0.00 sec)

mysql> set @k = 9381238.3123123120032;
Query OK, 0 rows affected (0.00 sec)

mysql> set @i = @j - @k;
Query OK, 0 rows affected (0.00 sec)

mysql> select @i;
+-------------------------+
| @i                      |
+-------------------------+
| -9380237.99999999999888 |
+-------------------------+
1 row in set (0.00 sec)
```

3. What did you see instead?
```
tidb> set @j = 1000.31231231200432;
Query OK, 0 rows affected (0.00 sec)

tidb> set @k = 9381238.3123123120032;
Query OK, 0 rows affected (0.01 sec)

tidb> set @i = @j - @k;
Query OK, 0 rows affected (0.00 sec)

tidb> select @i;
+----------+
| @i       |
+----------+
| -9380238 |
+----------+
1 row in set (0.00 sec)
```

4. What version of TiDB are you using (`tidb-server -V` or run `select tidb_version();` on TiDB)?
```
tidb> select @@version;
+--------------------------------------+
| @@version                            |
+--------------------------------------+
| 5.7.10-TiDB-v2.1.0-alpha-59-g8bec188 |
+--------------------------------------+
1 row in set (0.00 sec)
```



## SIG slack channel
[#sig-exec](https://tidbcommunity.slack.com/archives/CMRD79DRR)

## Score
- 300

## Mentor
 * @qw4990
