ID: 7749
Title: ALTER TABLE t1 CHARACTER SET parsed but ignored
Description:
## Bug Report

Please answer these questions before submitting your issue. Thanks!

1. What did you do?

Test case:
```
use test;
CREATE TABLE t1 (a int) DEFAULT CHARSET=utf8mb4;
CREATE TABLE t2 (a int) DEFAULT CHARSET=utf8;
SHOW CREATE TABLE t1;
SHOW CREATE TABLE t2;
ALTER TABLE t1 DEFAULT CHARSET=utf8;
ALTER TABLE t2 DEFAULT CHARSET=utf8mb4;
SHOW CREATE TABLE t1;
SHOW CREATE TABLE t2;
```

2. What did you expect to see?

```
mysql5719> use test;
Database changed
mysql5719> CREATE TABLE t1 (a int) DEFAULT CHARSET=utf8mb4;
Query OK, 0 rows affected (0.05 sec)

mysql5719> CREATE TABLE t2 (a int) DEFAULT CHARSET=utf8;
Query OK, 0 rows affected (0.05 sec)

mysql5719> SHOW CREATE TABLE t1;
+-------+----------------------------------------------------------------------------------------+
| Table | Create Table                                                                           |
+-------+----------------------------------------------------------------------------------------+
| t1    | CREATE TABLE `t1` (
  `a` int(11) DEFAULT NULL
) ENGINE=InnoDB DEFAULT CHARSET=utf8mb4 |
+-------+----------------------------------------------------------------------------------------+
1 row in set (0.01 sec)

mysql5719> SHOW CREATE TABLE t2;
+-------+-------------------------------------------------------------------------------------+
| Table | Create Table                                                                        |
+-------+-------------------------------------------------------------------------------------+
| t2    | CREATE TABLE `t2` (
  `a` int(11) DEFAULT NULL
) ENGINE=InnoDB DEFAULT CHARSET=utf8 |
+-------+-------------------------------------------------------------------------------------+
1 row in set (0.00 sec)

mysql5719> ALTER TABLE t1 DEFAULT CHARSET=utf8;
Query OK, 0 rows affected (0.01 sec)
Records: 0  Duplicates: 0  Warnings: 0

mysql5719> ALTER TABLE t2 DEFAULT CHARSET=utf8mb4;
Query OK, 0 rows affected (0.01 sec)
Records: 0  Duplicates: 0  Warnings: 0

mysql5719> SHOW CREATE TABLE t1;
+-------+-------------------------------------------------------------------------------------+
| Table | Create Table                                                                        |
+-------+-------------------------------------------------------------------------------------+
| t1    | CREATE TABLE `t1` (
  `a` int(11) DEFAULT NULL
) ENGINE=InnoDB DEFAULT CHARSET=utf8 |
+-------+-------------------------------------------------------------------------------------+
1 row in set (0.00 sec)

mysql5719> SHOW CREATE TABLE t2;
+-------+----------------------------------------------------------------------------------------+
| Table | Create Table                                                                           |
+-------+----------------------------------------------------------------------------------------+
| t2    | CREATE TABLE `t2` (
  `a` int(11) DEFAULT NULL
) ENGINE=InnoDB DEFAULT CHARSET=utf8mb4 |
+-------+----------------------------------------------------------------------------------------+
1 row in set (0.00 sec)
```

3. What did you see instead?

```
tidb> CREATE TABLE t1 (a int) DEFAULT CHARSET=utf8mb4;
Query OK, 0 rows affected (0.19 sec)

tidb> CREATE TABLE t2 (a int) DEFAULT CHARSET=utf8;
Query OK, 0 rows affected (0.16 sec)

tidb> SHOW CREATE TABLE t1;
+-------+------------------------------------------------------------------------------------------------------------+
| Table | Create Table                                                                                               |
+-------+------------------------------------------------------------------------------------------------------------+
| t1    | CREATE TABLE `t1` (
  `a` int(11) DEFAULT NULL
) ENGINE=InnoDB DEFAULT CHARSET=utf8mb4 COLLATE=utf8mb4_bin |
+-------+------------------------------------------------------------------------------------------------------------+
1 row in set (0.00 sec)

tidb> SHOW CREATE TABLE t2;
+-------+------------------------------------------------------------------------------------------------------+
| Table | Create Table                                                                                         |
+-------+------------------------------------------------------------------------------------------------------+
| t2    | CREATE TABLE `t2` (
  `a` int(11) DEFAULT NULL
) ENGINE=InnoDB DEFAULT CHARSET=utf8 COLLATE=utf8_bin |
+-------+------------------------------------------------------------------------------------------------------+
1 row in set (0.00 sec)

tidb> ALTER TABLE t1 DEFAULT CHARSET=utf8;
Query OK, 0 rows affected (0.00 sec)

tidb> ALTER TABLE t2 DEFAULT CHARSET=utf8mb4;
Query OK, 0 rows affected (0.00 sec)

tidb> SHOW CREATE TABLE t1;
+-------+------------------------------------------------------------------------------------------------------------+
| Table | Create Table                                                                                               |
+-------+------------------------------------------------------------------------------------------------------------+
| t1    | CREATE TABLE `t1` (
  `a` int(11) DEFAULT NULL
) ENGINE=InnoDB DEFAULT CHARSET=utf8mb4 COLLATE=utf8mb4_bin |
+-------+------------------------------------------------------------------------------------------------------------+
1 row in set (0.00 sec)

tidb> SHOW CREATE TABLE t2;
+-------+------------------------------------------------------------------------------------------------------+
| Table | Create Table                                                                                         |
+-------+------------------------------------------------------------------------------------------------------+
| t2    | CREATE TABLE `t2` (
  `a` int(11) DEFAULT NULL
) ENGINE=InnoDB DEFAULT CHARSET=utf8 COLLATE=utf8_bin |
+-------+------------------------------------------------------------------------------------------------------+
1 row in set (0.00 sec)
```

4. What version of TiDB are you using (`tidb-server -V` or run `select tidb_version();` on TiDB)?

```
tidb> SELECT tidb_version()\G
*************************** 1. row ***************************
tidb_version(): Release Version: v2.1.0-rc.2-10-gb30dbd06a
Git Commit Hash: b30dbd06acaab088a1e8fa004e189c651ca08bf1
Git Branch: master
UTC Build Time: 2018-09-19 10:19:24
GoVersion: go version go1.11 linux/amd64
Race Enabled: false
TiKV Min Version: 2.1.0-alpha.1-ff3dd160846b7d1aed9079c389fc188f7f5ea13e
Check Table Before Drop: false
1 row in set (0.00 sec)

```
