ID: 7797
Title: group_concat error/warning question
Description:
## Bug Report

### 1. What did you do?
If possible, provide a recipe for reproducing the error.

```
CREATE TABLE `t1` (
  `p` varchar(16000) DEFAULT NULL
) ENGINE=InnoDB;

CREATE TABLE `t2` (
  `e` varchar(100) DEFAULT NULL,
  `id` int(11) DEFAULT NULL
) ENGINE=InnoDB;

insert into t2 values ('加入购物车', 1),('加入购物车', 1),('加入购物车', 1),('加入购物车', 1),('加入购物车', 1),('加入购物车', 1),('加入购物车', 1),('加入购物车', 1),('加入购物车', 1),('加入购物车', 1),('加入购物车', 1),('加入购物车', 1),('加入购物车', 1),('加入购物车', 1);

set group_concat_max_len=7;
```

then execute `select` and `insert select` 

### 2. What did you expect to see?

#### 1. select

```
mysql> select group_concat(e) from t2 group by id;
+-----------------+
| group_concat(e) |
+-----------------+
| 加入            |
+-----------------+
1 row in set, 1 warning (0.00 sec)

mysql> show warnings;
+---------+------+---------------------------------+
| Level   | Code | Message                         |
+---------+------+---------------------------------+
| Warning | 1260 | Row 1 was cut by GROUP_CONCAT() |
+---------+------+---------------------------------+
1 row in set (0.00 sec)

```

#### 2. insert select

```
mysql>  insert into t1 select group_concat(e) from t2 group by id;
ERROR 1260 (HY000): Row 1 was cut by GROUP_CONCAT()
```

### 3. What did you see instead?

#### 1. select result

```
mysql> select group_concat(e) from t2 group by id;
+-----------------+
| group_concat(e) |
+-----------------+
| 加�              |
+-----------------+
1 row in set, 2 warnings (0.01 sec)

mysql> show warnings;
+---------+------+---------------------------------+
| Level   | Code | Message                         |
+---------+------+---------------------------------+
| Warning | 1105 | Row %d was cut by GROUPCONCAT() |
| Warning | 1105 | Row %d was cut by GROUPCONCAT() |
+---------+------+---------------------------------+
2 rows in set (0.00 sec)
```

question: return more than 1 warnings; error code is wrong.


#### 2. insert select

```
mysql> insert into t1 select group_concat(e) from t2 group by id;
ERROR 1366 (HY000): incorrect utf8 value e58aa0e5(加�) for column p

```

question: error type is wrong.

### 4. What version of TiDB are you using (`tidb-server -V` or run `select tidb_version();` on TiDB)?

```
2.1.0.rc2
```