ID: 7811
Title: Incorrect result of index look up scan
Description:


1. table schema

```
CREATE TABLE `table123` (
  `id` int(11) NOT NULL DEFAULT '0',
  `oln` varchar(255) NOT NULL DEFAULT '',
  `old` varchar(255) NOT NULL DEFAULT '',
  `nnm` varchar(255) NOT NULL DEFAULT '',
  `ndo` varchar(255) NOT NULL DEFAULT '',
  `updatetime` datetime NOT NULL,
  `synctime` timestamp NOT NULL DEFAULT CURRENT_TIMESTAMP ON UPDATE CURRENT_TIMESTAMP,
  PRIMARY KEY (`id`,`updatetime`),
  KEY `id` (`id`),
  KEY `oln` (`oln`,`old`),
  KEY `nnm` (`nnm`,`ndo`)
) ENGINE=InnoDB DEFAULT

```


2. execute sql

execute sql and select columns(with some colmun not in pk key)

there is two row data with the same pk value.

but if i only select pk column ,the data is right.

```
mysql> select id,updatetime,synctime  from table123 where id=15271137;
+----------+---------------------+---------------------+
| id      | updatetime          | synctime            |
+----------+---------------------+---------------------+
| 15271137 | 2018-09-19 15:32:56 | 2018-09-20 00:48:05 |
| 15271137 | 2018-09-19 15:32:56 | 2018-09-20 00:48:05 |
+----------+---------------------+---------------------+
2 rows in set (0.00 sec)

mysql> explain select id,updatetime,synctime  from table123 where id=15271137;
+--------------------+-------+------+--------------------------------------------------------------------------+
| id                 | count | task | operator info                                                            |
+--------------------+-------+------+--------------------------------------------------------------------------+
| IndexLookUp_13     | 4.03  | root |                                                                          |
| 鈹溾攢IndexScan_11 | 4.03  | cop  | table:table123, index:id, range:[15271137,15271137], keep order:false |
| 鈹斺攢TableScan_12 | 4.03  | cop  | table:table123, keep order:false                                       |
+--------------------+-------+------+--------------------------------------------------------------------------+
3 rows in set (0.00 sec)

mysql> select id,updatetime,oln  from table123 where id=15271137;
+----------+---------------------+------------------+
| id      | updatetime          | oln          |
+----------+---------------------+------------------+
| 15271137 | 2018-09-19 15:32:56 | 11111 |
| 15271137 | 2018-09-19 15:32:56 | 1111 |
+----------+---------------------+------------------+


mysql> select id,updatetime  from table123 where id=15271137;
+----------+---------------------+
| id      | updatetime          |
+----------+---------------------+
| 15271137 | 2018-09-19 15:32:56 |
+----------+---------------------+
1 row in set (0.00 sec)

mysql> explain select id,updatetime  from table123 where id=15271137;
+-------------------+-------+------+--------------------------------------------------------------------------------------+
| id                | count | task | operator info                                                                        |
+-------------------+-------+------+--------------------------------------------------------------------------------------+
| IndexReader_9     | 7.06  | root | index:IndexScan_8                                                                    |
| 鈹斺攢IndexScan_8 | 7.06  | cop  | table:table123, index:id, updatetime, range:[15271137,15271137], keep order:false |
+-------------------+-------+------+--------------------------------------------------------------------------------------+
2 rows in set (0.00 sec)

```

3. version info


```
| Release Version: v2.1.0-beta-229-g5404e2e
Git Commit Hash: 5404e2eaae27b9ce31264a4eff0a41aa92ffe328
Git Branch: master
UTC Build Time: 2018-08-14 01:46:09
GoVersion: go version go1.10.2 linux/amd64
Race Enabled: false
TiKV Min Version: 2.1.0-alpha.1-ff3dd160846b7d1aed9079c389fc188f7f5ea13e |
TiKV
Release Version:   2.1.0-beta
Git Commit Hash:   96022a982b6b34d9cd8b690cf6d4b0b85ffae247
Git Commit Branch: master
UTC Build Time:    2018-08-06 11:53:06
Rust Version:      rustc 1.29.0-nightly (4f3c7a472 2018-07-17)
```

4. my opinion

```
maybe the data in `id` index is wrong.
this row data is insert by sql ' insert into table select * from ...'



before thie case, i have another case with the same problem:  sql print out unbelieve result
```


5. my test

```
create another table with 

create table test456 like table123;
insert into test456 select * From table123;
and execute the same sql:

the result is fine. all is ok.
and explain is the same 
```