ID: 8199
Title: different ouput column number with MySQL
Description:
## Bug Report

Please answer these questions before submitting your issue. Thanks!

1. What did you do?
``` sql
CREATE TABLE t1 (a VARCHAR(10), FULLTEXT KEY a (a));
INSERT INTO t1 VALUES (1),(2);
CREATE TABLE t2 (b INT);
INSERT INTO t2 VALUES (1),(2);
SELECT * FROM t1 UNION SELECT * FROM t1
  ORDER BY (SELECT a FROM t2 WHERE b = 12);
```

2. What did you expect to see?
``` sql
mysql> SELECT * FROM t1 UNION SELECT * FROM t1
    ->   ORDER BY (SELECT a FROM t2 WHERE b = 12);  ORDER BY (SELECT a FROM t2 WHERE b = 12);
+------+
| a    |
+------+
| 1    |
| 2    |
+------+
2 rows in set (0.00 sec)
```



3. What did you see instead?
``` sql
tidb> SELECT * FROM t1 UNION SELECT * FROM t1
    ->   ORDER BY (SELECT a FROM t2 WHERE b = 12);  ORDER BY (SELECT a FROM t2 WHERE b = 12);
+------+------+
| a    | a    |
+------+------+
| 1    | NULL |
| 2    | NULL |
+------+------+
2 rows in set (0.00 sec)
```



4. What version of TiDB are you using (`tidb-server -V` or run `select tidb_version();` on TiDB)?
```
tidb> select tidb_version();                                                        +------------------------------------------------------------------------------------------------------------------------------------------------------------------------------------------------------------------------------------------------------------------------------------------------------------------------------------+
| tidb_version()                                                                                                                                                                                                                                                                                                                     |
+------------------------------------------------------------------------------------------------------------------------------------------------------------------------------------------------------------------------------------------------------------------------------------------------------------------------------------+
| Release Version: v2.1.0-rc.3-147-g379ee5b19
Git Commit Hash: 379ee5b1915a37d14e45230acf4d911c6b80d07d
Git Branch: master
UTC Build Time: 2018-11-06 03:12:11
GoVersion: go version go1.11 darwin/amd64
Race Enabled: false
TiKV Min Version: 2.1.0-alpha.1-ff3dd160846b7d1aed9079c389fc188f7f5ea13e
Check Table Before Drop: false |
+------------------------------------------------------------------------------------------------------------------------------------------------------------------------------------------------------------------------------------------------------------------------------------------------------------------------------------+
1 row in set (0.00 sec)
```
