ID: 8231
Title: result of union length is wrong
Description:
## Bug Report

Please answer these questions before submitting your issue. Thanks!

1. What did you do?
``` sql
CREATE TABLE t1 (uid int(1));
INSERT INTO t1 SELECT 150;
SELECT 'a' UNION SELECT uid FROM t1;
```
2. What did you expect to see?

``` sql
mysql> SELECT 'a' UNION SELECT uid FROM t1;
+------+
| a    |
+------+
| a    |
| 150  |
+------+
2 rows in set (0.00 sec)
```

3. What did you see instead?

``` sql
tidb> SELECT 'a' UNION SELECT uid FROM t1;
+------+
| a    |
+------+
| 15   |
| a    |
+------+
2 rows in set (0.00 sec)
```

4. What version of TiDB are you using (`tidb-server -V` or run `select tidb_version();` on TiDB)?

```
tidb> select tidb_Version();
+------------------------------------------------------------------------------------------------------------------------------------------------------------------------------------------------------------------------------------------------------------------------------------------------------------------------------------+
| tidb_Version()                                                                                                                                                                                                                                                                                                                     |
+------------------------------------------------------------------------------------------------------------------------------------------------------------------------------------------------------------------------------------------------------------------------------------------------------------------------------------+
| Release Version: v2.1.0-rc.3-158-g1082d5f1a
Git Commit Hash: 1082d5f1ac90c7d73b34061ccef7c5cae1b69b6c
Git Branch: master
UTC Build Time: 2018-11-08 07:01:33
GoVersion: go version go1.11 darwin/amd64
Race Enabled: false
TiKV Min Version: 2.1.0-alpha.1-ff3dd160846b7d1aed9079c389fc188f7f5ea13e
Check Table Before Drop: false |
+------------------------------------------------------------------------------------------------------------------------------------------------------------------------------------------------------------------------------------------------------------------------------------------------------------------------------------+
1 row in set (0.01 sec)
```