ID: 8414
Title: support select from table by partition 
Description:
## Bug Report

Please answer these questions before submitting your issue. Thanks!

1. What did you do?
If possible, provide a recipe for reproducing the error.
```sql
create table t_part (a int key, b int)
partition by range(a) (
partition p0 values less than (10),
partition p1 values less than (20)
);
insert into t_part values (1,1),(11,11);
```
mysql:
```sql
mysql root@127.0.0.1:test> select * from t_part partition (`p0`);
+---+---+
| a | b |
+---+---+
| 1 | 1 |
+---+---+
1 row in set
mysql root@127.0.0.1:test> select * from t_part partition (`p1`);
+----+----+
| a  | b  |
+----+----+
| 11 | 11 |
+----+----+

```

tidb
```sql
mysql root@127.0.0.1:test> select * from t_part partition (`p0`);
(1105, u'line 1 column 30 near " (`p0`)" (total length 37)')
```

2. What did you expect to see?
like mysql.


3. What did you see instead?
error.


4. What version of TiDB are you using (`tidb-server -V` or run `select tidb_version();` on TiDB)?
mysql root@127.0.0.1:test> select tidb_version();
+--------------------------------------------------------------------------+
| tidb_version()                                                           |
+--------------------------------------------------------------------------+
| Release Version: v2.1.0-rc.3-216-ge69aa2749                              |
| Git Commit Hash: e69aa2749b75d0608ccf062c771c63b737daa05c                |
| Git Branch: master                                                       |
| UTC Build Time: 2018-11-22 01:10:47                                      |
| GoVersion: go version go1.11.2 darwin/amd64                              |
| Race Enabled: false                                                      |
| TiKV Min Version: 2.1.0-alpha.1-ff3dd160846b7d1aed9079c389fc188f7f5ea13e |
| Check Table Before Drop: false                                           |
+--------------------------------------------------------------------------+
1 row in set
Time: 0.006s

