ID: 8497
Title: date_add/date_sub works unexpectedly
Description:
## Bug Report

Please answer these questions before submitting your issue. Thanks!

1. What did you do?
If possible, provide a recipe for reproducing the error.

The Following outputs by TiDB Server (commit 65be0df2d9675e3f76833da82e1d0823e05d4408)

```
mysql> select date_add(now(), interval -1.2 day);
+------------------------------------+
| date_add(now(), interval -1.2 day) |
+------------------------------------+
| 2018-11-28 16:38:44                |
+------------------------------------+
1 row in set (0.00 sec)

mysql> select date_add(now(), interval -1 day);
+----------------------------------+
| date_add(now(), interval -1 day) |
+----------------------------------+
| 2018-11-28 16:38:51              |
+----------------------------------+
1 row in set (0.00 sec)

mysql> select date_add(now(), interval -1.2 day);
+------------------------------------+
| date_add(now(), interval -1.2 day) |
+------------------------------------+
| 2018-11-28 16:38:54                |
+------------------------------------+
1 row in set (0.00 sec)

mysql> select date_add(now(), interval -1.5 day);
+------------------------------------+
| date_add(now(), interval -1.5 day) |
+------------------------------------+
| 2018-11-27 16:38:56                |
+------------------------------------+
1 row in set (0.00 sec)

mysql> select date_add(now(), interval -1.6 day);
+------------------------------------+
| date_add(now(), interval -1.6 day) |
+------------------------------------+
| 2018-11-27 16:39:04                |
+------------------------------------+
1 row in set (0.00 sec)

mysql> select date_add(now(), interval 1 day);
+---------------------------------+
| date_add(now(), interval 1 day) |
+---------------------------------+
| 2018-11-29 16:39:12             |
+---------------------------------+
1 row in set (0.00 sec)

mysql> select date_add(now(), interval 1.2 day);
+-----------------------------------+
| date_add(now(), interval 1.2 day) |
+-----------------------------------+
| 2018-11-29 16:39:14               |
+-----------------------------------+
1 row in set (0.00 sec)

mysql> select date_add(now(), interval 1.5 day);
+-----------------------------------+
| date_add(now(), interval 1.5 day) |
+-----------------------------------+
| 2018-11-30 16:39:16               |
+-----------------------------------+
1 row in set (0.00 sec)
```



2. What did you expect to see?

the following outputs(by 5.6.24-72.2-log Percona Server (GPL), Release 72.2) is expected:

```
mysql> select date_add(now(), interval -1 day);
+----------------------------------+
| date_add(now(), interval -1 day) |
+----------------------------------+
| 2018-11-27 16:35:26              |
+----------------------------------+
1 row in set (0.00 sec)

mysql> select date_add(now(), interval -1.2 day);
+------------------------------------+
| date_add(now(), interval -1.2 day) |
+------------------------------------+
| 2018-11-27 16:35:35                |
+------------------------------------+
1 row in set (0.00 sec)

mysql> select date_add(now(), interval -1.5 day);
+------------------------------------+
| date_add(now(), interval -1.5 day) |
+------------------------------------+
| 2018-11-26 16:35:45                |
+------------------------------------+
1 row in set (0.00 sec)

mysql> select date_add(now(), interval -1.6 day);
+------------------------------------+
| date_add(now(), interval -1.6 day) |
+------------------------------------+
| 2018-11-26 16:35:48                |
+------------------------------------+
1 row in set (0.00 sec)

mysql> select date_add(now(), interval 1 day);
+---------------------------------+
| date_add(now(), interval 1 day) |
+---------------------------------+
| 2018-11-29 16:36:06             |
+---------------------------------+
1 row in set (0.00 sec)

mysql> select date_add(now(), interval 1.2 day);
+-----------------------------------+
| date_add(now(), interval 1.2 day) |
+-----------------------------------+
| 2018-11-29 16:36:09               |
+-----------------------------------+
1 row in set (0.00 sec)

mysql> select date_add(now(), interval 1.5 day);
+-----------------------------------+
| date_add(now(), interval 1.5 day) |
+-----------------------------------+
| 2018-11-30 16:36:11               |
+-----------------------------------+
1 row in set (0.00 sec)
```

According to the behaviour of MySQL, interval value should be **rounded**.
Related code of TiDB is here: 

https://github.com/pingcap/tidb/blob/322795439dafb0bc6c17cebd598a0520926db94b/types/time.go#L1530

If it's a bug, I can give a PR on this.

3. What did you see instead?



4. What version of TiDB are you using (`tidb-server -V` or run `select tidb_version();` on TiDB)?

