ID: 9325
Title: select result of range partition is incorrect
Description:
## Bug Report

Please answer these questions before submitting your issue. Thanks!

## 1. What did you do?

Reproduce Step:
```sql
drop table if exists t;
create table t(a timestamp) partition by range(unix_timestamp(a)) (partition p0 values less than(unix_timestamp('2019-02-16 14:20:00')), partition p1 values less than (maxvalue));
insert into t values('2019-02-16 14:19:59'), ('2019-02-16 14:20:01');
select * from t where a between time'14:19:00' and timestamp'2019-02-16 14:21:00';
```

## 2. What did you expect to see?

Result of MySQL:
```sql
MySQL(root@localhost:test) > create table t(a timestamp) partition by range(unix_timestamp(a)) (partition p0 values less than(unix_timestamp('2019-02-16 14:20:00')), partition p1 values less than (maxvalue));
Query OK, 0 rows affected (0.05 sec)

MySQL(root@localhost:test) > insert into t values('2019-02-16 14:19:59'), ('2019-02-16 14:20:01');
Query OK, 2 rows affected (0.08 sec)
Records: 2  Duplicates: 0  Warnings: 0

MySQL(root@localhost:test) > select * from t where a between time'14:19:00' and timestamp'2019-02-16 14:21:00';
+---------------------+
| a                   |
+---------------------+
| 2019-02-16 14:19:59 |
| 2019-02-16 14:20:01 |
+---------------------+
2 rows in set (0.01 sec)
```

## 3. What did you see instead?

Result of TiDB is empty:
```sql
TiDB(root@127.0.0.1:test) > create table t(a timestamp) partition by range(unix_timestamp(a)) (partition p0 values less than(unix_timestamp('2019-02-16 14:20:00')), partition p1 values less than (maxvalue));
Query OK, 0 rows affected (0.01 sec)

TiDB(root@127.0.0.1:test) > insert into t values('2019-02-16 14:19:59'), ('2019-02-16 14:20:01');
Query OK, 2 rows affected (0.00 sec)
Records: 2  Duplicates: 0  Warnings: 0

TiDB(root@127.0.0.1:test) > select * from t where a between time'14:19:00' and timestamp'2019-02-16 14:21:00';
Empty set (0.00 sec)
```

## 4. What version of TiDB are you using (`tidb-server -V` or run `select tidb_version();` on TiDB)?

```sql
TiDB(root@127.0.0.1:test) > select tidb_version()\G
*************************** 1. row ***************************
tidb_version(): Release Version: v3.0.0-beta-64-g6136ab14c
Git Commit Hash: 6136ab14cffcb21e71ffc59bd8df8de1e4af2a69
Git Branch: master
UTC Build Time: 2019-02-16 06:32:00
GoVersion: go version go1.11.2 darwin/amd64
Race Enabled: false
TiKV Min Version: 2.1.0-alpha.1-ff3dd160846b7d1aed9079c389fc188f7f5ea13e
Check Table Before Drop: false
1 row in set (0.00 sec)
```

