ID: 9593
Title: Incompatible cast json
Description:
## Bug Report

Please answer these questions before submitting your issue. Thanks!

1. What did you do?
If possible, provide a recipe for reproducing the error.

TiDB:

```sql
mysql> use test;
Database changed
mysql> CREATE TABLE t1 (jdoc JSON);
Query OK, 0 rows affected (0.01 sec)

mysql> INSERT INTO t1 VALUES('{"key1": "value1", "key2": "value2"}');
Query OK, 1 row affected (0.00 sec)

mysql> INSERT INTO t1 VALUES(NULL);
Query OK, 1 row affected (0.00 sec)

mysql> INSERT INTO t1 VALUES('1');
Query OK, 1 row affected (0.00 sec)

mysql> INSERT INTO t1 VALUES('0');
Query OK, 1 row affected (0.00 sec)

mysql> INSERT INTO t1 VALUES('5');
Query OK, 1 row affected (0.00 sec)

mysql> SELECT * from t1 where jdoc;
ERROR 1105 (HY000): other error: cannot convert {"key1": "value1", "key2": "value2"}(type json.BinaryJSON) to bool
```

2. What did you expect to see?

MySQL:

```sql
mysql> use test;
Database changed
mysql> CREATE TABLE t1 (jdoc JSON);
Query OK, 0 rows affected (0.06 sec)

mysql> INSERT INTO t1 VALUES('{"key1": "value1", "key2": "value2"}');
Query OK, 1 row affected (0.01 sec)

mysql> INSERT INTO t1 VALUES(NULL);
Query OK, 1 row affected (0.00 sec)

mysql> INSERT INTO t1 VALUES('1');
Query OK, 1 row affected (0.00 sec)

mysql> INSERT INTO t1 VALUES('0');
Query OK, 1 row affected (0.00 sec)

mysql> INSERT INTO t1 VALUES('5');
Query OK, 1 row affected (0.00 sec)

mysql> SELECT * from t1 where jdoc;
+------+
| jdoc |
+------+
| 1    |
| 5    |
+------+
2 rows in set, 1 warning (0.00 sec)

mysql> show warnings;
+---------+------+------------------------------------------------------------------+
| Level   | Code | Message                                                          |
+---------+------+------------------------------------------------------------------+
| Warning | 3156 | Invalid JSON value for CAST to INTEGER from column jdoc at row 1 |
+---------+------+------------------------------------------------------------------+
1 row in set (0.00 sec)
```
