ID: 9633
Title: Query's result after alter table with default value does not agree with tispark
Description:
## Bug Report

Please answer these questions before submitting your issue. Thanks!

1. What did you do?

```
create table t(c1 timestamp default "2018-01-01 11:11:11")

insert into t values();
insert into t values("2018-01-01 00:00:00");
mysql> select * from t;
+---------------------+
| c1                  |
+---------------------+
| 2018-01-01 11:11:11 |
| 2018-01-01 00:00:00 |
+---------------------+
2 rows in set (0.00 sec)
+-------------------+
|                 c1|
+-------------------+
|2018-01-01 11:11:11|
|2018-01-01 00:00:00|
+-------------------+
alter table t add column c2 timestamp default "2018-01-01 11:11:11"
scala> spark.sql("select * from t").show
+-------------------+-------------------+
|                 c1|                 c2|
+-------------------+-------------------+
|2018-01-01 11:11:11|2018-01-01 03:11:11|
|2018-01-01 00:00:00|2018-01-01 03:11:11|
+-------------------+-------------------+

mysql> select * from t;
+---------------------+---------------------+
| c1                  | c2                  |
+---------------------+---------------------+
| 2018-01-01 11:11:11 | 2018-01-01 11:11:11 |
| 2018-01-01 00:00:00 | 2018-01-01 11:11:11 |
+---------------------+---------------------+
2 rows in set (0.00 sec)

alter table t add column c3 timestamp default "2018-01-01 22:22:22"

mysql> select * from t;
+---------------------+---------------------+---------------------+
| c1                  | c2                  | c3                  |
+---------------------+---------------------+---------------------+
| 2018-01-01 11:11:11 | 2018-01-01 11:11:11 | 2018-01-01 22:22:22 |
| 2018-01-01 00:00:00 | 2018-01-01 11:11:11 | 2018-01-01 22:22:22 |
+---------------------+---------------------+---------------------+
2 rows in set (0.00 sec)

scala> spark.sql("select * from t").show
+-------------------+-------------------+-------------------+
|                 c1|                 c2|                 c3|
+-------------------+-------------------+-------------------+
|2018-01-01 11:11:11|2018-01-01 03:11:11|2018-01-01 14:22:22|
|2018-01-01 00:00:00|2018-01-01 03:11:11|2018-01-01 14:22:22|
+-------------------+-------------------+-------------------+
```

2. What did you expect to see?

Result reading from tispark side should agree with mysql-sehll side. 


3. What did you see instead?

The result is different on default value but is the same on inserting data. 

4. What version of TiDB are you using (`tidb-server -V` or run `select 
tidb_version();` on TiDB)?
```
mysql> select tidb_version();
+--------------------------------------------------------------------------------------------------------------------------------------------------------------------------------------------------------------------------------------------------------------------------------------------------------------------------------------+
| tidb_version()                                                                                                                                                                                                                                                                                                                       |
+--------------------------------------------------------------------------------------------------------------------------------------------------------------------------------------------------------------------------------------------------------------------------------------------------------------------------------------+
| Release Version: v3.0.0-beta-165-gc00846001
Git Commit Hash: c00846001d44ef21d068470d16379f7a3fbed57a
Git Branch: master
UTC Build Time: 2019-03-07 11:08:27
GoVersion: go version go1.11.4 darwin/amd64
Race Enabled: false
TiKV Min Version: 2.1.0-alpha.1-ff3dd160846b7d1aed9079c389fc188f7f5ea13e
Check Table Before Drop: false |
+--------------------------------------------------------------------------------------------------------------------------------------------------------------------------------------------------------------------------------------------------------------------------------------------------------------------------------------+
1 row in set (0.00 sec) 
```

5. Extra info

tispark's ci use 6398788f6bb722d29d06b754e3d1d61d02a3090e whose date is 2019-01-31. I also tried a older tidb version at 2019-02-28. Only ci's tidb version does not break our test. 