ID: 9762
Title: Parsing `datetime` when insert is not compatible with MySQL
Description:
## Bug Report

Please answer these questions before submitting your issue. Thanks!

1. What did you do?
If possible, provide a recipe for reproducing the error.
```
create table t1 (t datetime) ENGINE=InnoDB;
insert ignore into t1 values (20030100000000),(20030000000000);
select * from t1;
```

2. What did you expect to see?
In Mysql
```
mysql> create table t1 (t datetime) ENGINE=InnoDB;
Query OK, 0 rows affected (0.02 sec)

mysql> insert ignore into t1 values (20030100000000),(20030000000000);
Query OK, 2 rows affected, 2 warnings (0.01 sec)
Records: 2  Duplicates: 0  Warnings: 2

mysql> select * from t1;
+---------------------+
| t                   |
+---------------------+
| 0000-00-00 00:00:00 |
| 0000-00-00 00:00:00 |
+---------------------+
2 rows in set (0.00 sec)
```


3. What did you see instead?
In TiDB
```
mysql> create table t1 (t datetime) ENGINE=InnoDB;
Query OK, 0 rows affected (0.01 sec)

mysql> insert ignore into t1 values (20030100000000),(20030000000000);
Query OK, 2 rows affected (0.01 sec)
Records: 2  Duplicates: 0  Warnings: 0

mysql> select * from t1;
+---------------------+
| t                   |
+---------------------+
| 2003-01-00 00:00:00 |
| 2003-00-00 00:00:00 |
+---------------------+
2 rows in set (0.00 sec)
```


4. What version of TiDB are you using (`tidb-server -V` or run `select tidb_version();` on TiDB)?
```
+---------------------+
| t                   |
+---------------------+
| 2003-01-00 00:00:00 |
| 2003-00-00 00:00:00 |
+---------------------+
2 rows in set (0.00 sec)

mysql> select tidb_version();
+------------------------------------------------------------------------------------------------------------------------------------------------------------------------------------------------------------------------------------------------------------------------------------------------------------------------------------------+
| tidb_version()                                                                                                                                                                                                                                                                                                                           |
+------------------------------------------------------------------------------------------------------------------------------------------------------------------------------------------------------------------------------------------------------------------------------------------------------------------------------------------+
| Release Version: v3.0.0-beta-227-g06183393e-dirty
Git Commit Hash: 06183393ed536aa248248b72d4bf9f5010947f66
Git Branch: master
UTC Build Time: 2019-03-15 08:22:53
GoVersion: go version go1.12 darwin/amd64
Race Enabled: false
TiKV Min Version: 2.1.0-alpha.1-ff3dd160846b7d1aed9079c389fc188f7f5ea13e
Check Table Before Drop: false |
+------------------------------------------------------------------------------------------------------------------------------------------------------------------------------------------------------------------------------------------------------------------------------------------------------------------------------------------+
1 row in set (0.01 sec)
```
