ID: 9765
Title: `LEAST` and `GREATEST` are not compatible with Mysql
Description:
## Description
## Bug Report

Please answer these questions before submitting your issue. Thanks!

1. What did you do?
If possible, provide a recipe for reproducing the error.
```
select least(cast('01-01-01' as date), '01-01-02');
select greatest(cast('01-01-01' as date), '01-01-02');
select least(cast('01-01-01' as date), '01-01-02') + 0;
select greatest(cast('01-01-01' as date), '01-01-02') + 0;
select least(cast('01-01-01' as datetime), '01-01-02') + 0;
select cast(least(cast('01-01-01' as datetime), '01-01-02') as signed);
select cast(least(cast('01-01-01' as datetime), '01-01-02') as decimal(16,2));
```

2. What did you expect to see?
In Mysql
```
mysql> select least(cast('01-01-01' as date), '01-01-02');
+---------------------------------------------+
| least(cast('01-01-01' as date), '01-01-02') |
+---------------------------------------------+
| 2001-01-01                                  |
+---------------------------------------------+
1 row in set (0.00 sec)

mysql> select greatest(cast('01-01-01' as date), '01-01-02');
+------------------------------------------------+
| greatest(cast('01-01-01' as date), '01-01-02') |
+------------------------------------------------+
| 01-01-02                                       |
+------------------------------------------------+
1 row in set (0.00 sec)

mysql> select least(cast('01-01-01' as date), '01-01-02') + 0;
+-------------------------------------------------+
| least(cast('01-01-01' as date), '01-01-02') + 0 |
+-------------------------------------------------+
|                                        20010101 |
+-------------------------------------------------+
1 row in set (0.00 sec)

mysql> select greatest(cast('01-01-01' as date), '01-01-02') + 0;
+----------------------------------------------------+
| greatest(cast('01-01-01' as date), '01-01-02') + 0 |
+----------------------------------------------------+
|                                           20010102 |
+----------------------------------------------------+
1 row in set (0.00 sec)

mysql> select least(cast('01-01-01' as datetime), '01-01-02') + 0;
+-----------------------------------------------------+
| least(cast('01-01-01' as datetime), '01-01-02') + 0 |
+-----------------------------------------------------+
|                                      20010101000000 |
+-----------------------------------------------------+
1 row in set (0.00 sec)

mysql> select cast(least(cast('01-01-01' as datetime), '01-01-02') as signed);
+-----------------------------------------------------------------+
| cast(least(cast('01-01-01' as datetime), '01-01-02') as signed) |
+-----------------------------------------------------------------+
|                                                  20010101000000 |
+-----------------------------------------------------------------+
1 row in set (0.00 sec)

mysql> select cast(least(cast('01-01-01' as datetime), '01-01-02') as decimal(16,2));
+------------------------------------------------------------------------+
| cast(least(cast('01-01-01' as datetime), '01-01-02') as decimal(16,2)) |
+------------------------------------------------------------------------+
|                                                      20010101000000.00 |
+------------------------------------------------------------------------+
1 row in set (0.00 sec)
```


3. What did you see instead?
In TiDB
```
mysql> select least(cast('01-01-01' as date), '01-01-02');
+---------------------------------------------+
| least(cast('01-01-01' as date), '01-01-02') |
+---------------------------------------------+
| 2001-01-01 00:00:00                         |
+---------------------------------------------+
1 row in set (0.00 sec)

mysql> select greatest(cast('01-01-01' as date), '01-01-02');
+------------------------------------------------+
| greatest(cast('01-01-01' as date), '01-01-02') |
+------------------------------------------------+
| 2001-01-02 00:00:00                            |
+------------------------------------------------+
1 row in set (0.00 sec)

mysql> select least(cast('01-01-01' as date), '01-01-02') + 0;
+-------------------------------------------------+
| least(cast('01-01-01' as date), '01-01-02') + 0 |
+-------------------------------------------------+
|                                            2001 |
+-------------------------------------------------+
1 row in set, 1 warning (0.00 sec)

mysql> select greatest(cast('01-01-01' as date), '01-01-02') + 0;
+----------------------------------------------------+
| greatest(cast('01-01-01' as date), '01-01-02') + 0 |
+----------------------------------------------------+
|                                               2001 |
+----------------------------------------------------+
1 row in set, 1 warning (0.00 sec)

mysql> select least(cast('01-01-01' as datetime), '01-01-02') + 0;
+-----------------------------------------------------+
| least(cast('01-01-01' as datetime), '01-01-02') + 0 |
+-----------------------------------------------------+
|                                                2001 |
+-----------------------------------------------------+
1 row in set, 1 warning (0.01 sec)

mysql> select cast(least(cast('01-01-01' as datetime), '01-01-02') as signed);
+-----------------------------------------------------------------+
| cast(least(cast('01-01-01' as datetime), '01-01-02') as signed) |
+-----------------------------------------------------------------+
|                                                            2001 |
+-----------------------------------------------------------------+
1 row in set, 1 warning (0.00 sec)

mysql> select cast(least(cast('01-01-01' as datetime), '01-01-02') as decimal(16,2));
+------------------------------------------------------------------------+
| cast(least(cast('01-01-01' as datetime), '01-01-02') as decimal(16,2)) |
+------------------------------------------------------------------------+
|                                                                2001.00 |
+------------------------------------------------------------------------+
1 row in set (0.01 sec)
```


4. What version of TiDB are you using (`tidb-server -V` or run `select tidb_version();` on TiDB)?
```
+------------------------------------------------------------------------------------------------------------------------------------------------------------------------------------------------------------------------------------------------------------------------------------------------------------------------------------------+
| tidb_version()                                                                                                                                                                                                                                                                                                                           |
+------------------------------------------------------------------------------------------------------------------------------------------------------------------------------------------------------------------------------------------------------------------------------------------------------------------------------------------+
| Release Version: v3.0.0-beta-227-g06183393e-dirty
Git Commit Hash: 06183393ed536aa248248b72d4bf9f5010947f66
Git Branch: master
UTC Build Time: 2019-03-15 08:22:53
GoVersion: go version go1.12 darwin/amd64
Race Enabled: false
TiKV Min Version: 2.1.0-alpha.1-ff3dd160846b7d1aed9079c389fc188f7f5ea13e
Check Table Before Drop: false |
+------------------------------------------------------------------------------------------------------------------------------------------------------------------------------------------------------------------------------------------------------------------------------------------------------------------------------------------+
```




## SIG slack channel
[#sig-exec](https://tidbcommunity.slack.com/archives/CMRD79DRR)

## Score
- 300

## Mentor
 * @XuHuaiyu
