ID: 9804
Title: Hex literal is not checked against integer overflow on INSERT
Description:
## Bug Report

Please answer these questions before submitting your issue. Thanks!

1. What did you do?
If possible, provide a recipe for reproducing the error.

```sql
CREATE TABLE a(a TINYINT);
INSERT INTO a VALUES (0x99);
```

2. What did you expect to see?

Reports an error like

```
ERROR 1264 (22003): Out of range value for column 'a' at row 1
```

3. What did you see instead?

The INSERT statement completed successfully. The table indeed contained the value 153.

```
mysql> select * from a;
+------+
| a    |
+------+
|  153 |
+------+
1 row in set (0.01 sec)
```

You could insert even larger values up to 8 bytes (`uint64`).

```
mysql> insert into a values (0x9999999999999999);
Query OK, 1 row affected (0.00 sec)

mysql> select * from a;
+----------------------+
| a                    |
+----------------------+
|                  153 |
| -7378697629483820647 |
+----------------------+
2 rows in set (0.00 sec)
```

The same applies for binary literals 

```
mysql> truncate a;
Query OK, 0 rows affected (0.01 sec)

mysql> insert into a values (0b1111111111);
Query OK, 1 row affected (0.00 sec)

mysql> select * from a;
+------+
| a    |
+------+
| 1023 |
+------+
1 row in set (0.01 sec)
```

Note that in all cases the `@@SQL_MODE` is not relaxed.

4. What version of TiDB are you using (`tidb-server -V` or run `select tidb_version();` on TiDB)?

The current master version, using mocktikv.

```
Release Version: v3.0.0-beta-242-g0b28f30cf
Git Commit Hash: 0b28f30cfdef7a396c7d5474d5536787e2d00bd0
Git Branch: master
UTC Build Time: 2019-03-19 08:25:08
GoVersion: go version go1.12 darwin/amd64
Race Enabled: false
TiKV Min Version: 2.1.0-alpha.1-ff3dd160846b7d1aed9079c389fc188f7f5ea13e
Check Table Before Drop: false
```