ID: 9957
Title: JSON_CONTAIN is not same with mysql.
Description:
## Bug Report

Please answer these questions before submitting your issue. Thanks!

1. What did you do?
If possible, provide a recipe for reproducing the error.
```SQL
drop table if exists jemp;
CREATE TABLE jemp (
    `id` int(10) unsigned NOT NULL AUTO_INCREMENT,
    `category` JSON,
    `tags` JSON,
    PRIMARY KEY (`id`)
);
INSERT INTO `jemp` (category, tags) VALUES ('{"id": 1, "name": "TiDB"}', '[1, 2, 3]');
INSERT INTO `jemp` (category, tags) VALUES (JSON_OBJECT("id", 2, "name", "pingcap.com"), JSON_ARRAY(1, 3, 5));
SELECT * FROM jemp WHERE JSON_CONTAINS(category, 1, '$.id');
```

2. What did you expect to see?

## In MySQL
```SQL
mysql> drop table if exists jemp;
Query OK, 0 rows affected (0.01 sec)

mysql> CREATE TABLE jemp (
    ->     `id` int(10) unsigned NOT NULL AUTO_INCREMENT,
    ->     `category` JSON,
    ->     `tags` JSON,
    ->     PRIMARY KEY (`id`)
    -> );
Query OK, 0 rows affected (0.03 sec)

mysql> INSERT INTO `jemp` (category, tags) VALUES ('{"id": 1, "name": "TiDB"}', '[1, 2, 3]');
Query OK, 1 row affected (0.01 sec)

mysql> INSERT INTO `jemp` (category, tags) VALUES (JSON_OBJECT("id", 2, "name", "pingcap.com"), JSON_ARRAY(1, 3, 5));
Query OK, 1 row affected (0.00 sec)

mysql> SELECT * FROM jemp WHERE JSON_CONTAINS(category, 1, '$.id');
ERROR 3146 (22032): Invalid data type for JSON data in argument 2 to function json_contains; a JSON string or JSON type is required.

mysql> select version();
+-------------------------+
| version()               |
+-------------------------+
| 5.7.25-0ubuntu0.18.04.2 |
+-------------------------+
1 row in set (0.00 sec)

```


3. What did you see instead?
## In TiDB

```SQL
mysql> drop table if exists jemp;
Query OK, 0 rows affected (0.03 sec)

mysql> CREATE TABLE jemp (
    ->     `id` int(10) unsigned NOT NULL AUTO_INCREMENT,
    ->     `category` JSON,
    ->     `tags` JSON,
    ->     PRIMARY KEY (`id`)
    -> );
Query OK, 0 rows affected (0.03 sec)

mysql> INSERT INTO `jemp` (category, tags) VALUES ('{"id": 1, "name": "TiDB"}', '[1, 2, 3]');
Query OK, 1 row affected (0.01 sec)

mysql> INSERT INTO `jemp` (category, tags) VALUES (JSON_OBJECT("id", 2, "name", "pingcap.com"), JSON_ARRAY(1, 3, 5));
Query OK, 1 row affected (0.00 sec)

mysql> SELECT * FROM jemp WHERE JSON_CONTAINS(category, 1, '$.id');
+----+---------------------------+-----------+
| id | category                  | tags      |
+----+---------------------------+-----------+
|  1 | {"id": 1, "name": "TiDB"} | [1, 2, 3] |
+----+---------------------------+-----------+
1 row in set (0.01 sec)

```
4. What version of TiDB are you using (`tidb-server -V` or run `select tidb_version();` on TiDB)?
```
mysql> select tidb_version()\G
*************************** 1. row ***************************
tidb_version(): Release Version: v3.0.0-beta-295-g97f88f70d
Git Commit Hash: 97f88f70d56e69d6aef584b2bd4c9ada2ce26598
Git Branch: master
UTC Build Time: 2019-03-29 07:34:36
GoVersion: go version go1.12.1 linux/amd64
Race Enabled: false
TiKV Min Version: 2.1.0-alpha.1-ff3dd160846b7d1aed9079c389fc188f7f5ea13e
Check Table Before Drop: false
1 row in set (0.00 sec)
```
