ID: 9991
Title: JSON_EXTRACT is not same with MySQL
Description:
## Bug Report

Please answer these questions before submitting your issue. Thanks!

1. What did you do?
If possible, provide a recipe for reproducing the error.
```SQL
SELECT JSON_EXTRACT('{ "a" : "foo", "b" : [ true, { "c" : 123, "c" : 456 } ] }',
                   '$.b[ 1 ].c');
```

2. What did you expect to see?
## In MySQL
```sql
mysql> SELECT JSON_EXTRACT('{ "a" : "foo", "b" : [ true, { "c" : 123, "c" : 456 } ] }',
    ->                    '$.b[ 1 ].c');
+------------------------------------------------------------------------------------------------------------+
| JSON_EXTRACT('{ "a" : "foo", "b" : [ true, { "c" : 123, "c" : 456 } ] }',
                   '$.b[ 1 ].c') |
+------------------------------------------------------------------------------------------------------------+
| 123                                                                                                        |
+------------------------------------------------------------------------------------------------------------+
1 row in set (0.00 sec)

mysql> select version();
+-------------------------+
| version()               |
+-------------------------+
| 5.7.25-0ubuntu0.18.04.2 |
+-------------------------+
1 row in set (0.00 sec)

mysql> 
```


3. What did you see instead?
## In TiDB
```SQL
mysql> SELECT JSON_EXTRACT('{ "a" : "foo", "b" : [ true, { "c" : 123, "c" : 456 } ] }',
    ->                    '$.b[ 1 ].c');
+------------------------------------------------------------------------------------------------------------+
| JSON_EXTRACT('{ "a" : "foo", "b" : [ true, { "c" : 123, "c" : 456 } ] }',
                   '$.b[ 1 ].c') |
+------------------------------------------------------------------------------------------------------------+
| 456                                                                                                        |
+------------------------------------------------------------------------------------------------------------+
1 row in set (0.00 sec)

mysql> select tidb_version()\G
*************************** 1. row ***************************
tidb_version(): Release Version: v3.0.0-beta-321-gc6a757b24
Git Commit Hash: c6a757b2435965a72ada9d61ea8b7a367bd89b5f
Git Branch: master
UTC Build Time: 2019-04-02 02:38:04
GoVersion: go version go1.12.1 linux/amd64
Race Enabled: false
TiKV Min Version: 2.1.0-alpha.1-ff3dd160846b7d1aed9079c389fc188f7f5ea13e
Check Table Before Drop: false
1 row in set (0.00 sec)

mysql> 
```
