ID: 1059
Title: [Bug]: 关于sql判断问题
Description:
### Please check the issue list for the same bug

- [X] I have checked issue list and this bug is encountered for the first time.

### Environment

```markdown
ob version 3.1.4 ce
```


### Fast Reproduce Steps(Required)

说明：如果要多次复现，可以truncate 表，重新插入数据进行测试。

CREATE TABLE `t_json` (
  `id` int(11) NOT NULL,
  `info` json DEFAULT NULL,
  PRIMARY KEY (`id`)
);


insert into t_json values(1,'{"k1": "1", "k2": "2", "k3": "3"}');
insert into t_json values(2,'{"k1": "10", "k2": "20", "k3": "30"}');
insert into t_json values(3,'{"k1": "100:100", "k2": "200", "k3": "300"}');

首次查询报错：
select id,info,if(info ->>'$.k2'>=50,info ->>'$.k2','') from t_json;
ERROR 4016 (HY000): Internal error

将''(空)填写任意字符串后，查询正常
select id,info,if(info ->>'$.k2'>=50,info ->>'$.k2','000') from t_json;
+----+---------------------------------------------+---------------------------------------------+
| id | info                                        | if(info ->>'$.k2'>=50,info ->>'$.k2','000') |
+----+---------------------------------------------+---------------------------------------------+
|  1 | {"k1": "1", "k2": "2", "k3": "3"}           | 000                                         |
|  2 | {"k1": "10", "k2": "20", "k3": "30"}        | 000                                         |
|  3 | {"k1": "100:100", "k2": "200", "k3": "300"} | 200                                         |
+----+---------------------------------------------+---------------------------------------------+
3 rows in set (0.00 sec)

再次查看''(空)，正常了
select id,info,if(info ->>'$.k2'>=50,info ->>'$.k2','') from t_json;
+----+---------------------------------------------+------------------------------------------+
| id | info                                        | if(info ->>'$.k2'>=50,info ->>'$.k2','') |
+----+---------------------------------------------+------------------------------------------+
|  1 | {"k1": "1", "k2": "2", "k3": "3"}           |                                          |
|  2 | {"k1": "10", "k2": "20", "k3": "30"}        |                                          |
|  3 | {"k1": "100:100", "k2": "200", "k3": "300"} | 200                                      |
+----+---------------------------------------------+------------------------------------------+
3 rows in set (0.00 sec)

### Actual Behavior

执行sql报错4016

### Expected Behavior

可正常执行 if结果可接收空字符串 目前测试是可接收null

### other information

s