ID: 1701
Title: [Bug]: ERROR 1242 (21000): Subquery returns more than 1 row
Description:
**Describe the bug**
<!-- A clear and concise description of bug. -->
select * from __all_resource_pool where name ='aaaAA' not case sensitive

**Environment**
<!-- Environment Details sometimes important -->
- OS Version and CPU Arch(`uname -a`):
```bash
Linux 10-10-210-148 4.19.113-300.el7.x86_64 #1 SMP Mon Mar 30 21:50:38 UTC 2020 x86_64 x86_64 x86_64 GNU/Linux

```
  
- OB Version(`LD_LIBRARY_PATH=../lib:$LD_LIBRARY_PATH ./observer -V`):
  

**Fast Reproduce Steps(Required)**

Steps to reproduce the behavior:
```sql
create resource unit sp_unit min_cpu=1,MAX_CPU=1,MEMORY_SIZE=1073741824,log_disk_size=3221225472;
create resource pool aaaaAAAA_pool_obzone1 unit='sp_unit',unit_num=1,ZONE_LIST=('obzone1','obzone2','obzone3');
create resource pool Aaaaaaaa_pool_obzone1 unit='sp_unit',unit_num=1,ZONE_LIST=('obzone1','obzone2','obzone3');

obclient [oceanbase]> CREATE TENANT IF NOT EXISTS sp1 CHARSET='utf8mb4', ZONE_LIST=('obzone1','obzone2','obzone3'), PRIMARY_ZONE='obzone1,obzone2,obzone3;', RESOURCE_POOL_LIST=('Aaaaaaaa_pool_obzone1') , LOCALITY='FULL{1}@obzone1,FULL{1}@obzone2,FULL{1}@obzone3', COLLATE = utf8mb4_general_ci SET VARIABLES ob_tcp_invited_nodes = '%',ob_compatibility_mode = 'MySQL'
    -> ;
ERROR 1242 (21000): Subquery returns more than 1 row

obclient [oceanbase]> select * from dba_ob_resource_pools where name='Aaaaaaaa_pool_obzone1';
+------------------+-----------------------+-----------+----------------------------+----------------------------+------------+----------------+-----------+--------------+
| RESOURCE_POOL_ID | NAME                  | TENANT_ID | CREATE_TIME                | MODIFY_TIME                | UNIT_COUNT | UNIT_CONFIG_ID | ZONE_LIST | REPLICA_TYPE |
+------------------+-----------------------+-----------+----------------------------+----------------------------+------------+----------------+-----------+--------------+
|             1001 | aaaaAAAA_pool_obzone1 |      1002 | 2023-11-30 10:56:22.064387 | 2023-11-30 10:56:24.336200 |          1 |           1001 | obzone1   | FULL         |
|             1004 | Aaaaaaaa_pool_obzone1 |      NULL | 2023-11-30 11:10:10.538214 | 2023-11-30 14:49:20.423892 |          1 |           1004 | obzone1   | FULL         |
+------------------+-----------------------+-----------+----------------------------+----------------------------+------------+----------------+-----------+--------------+
2 rows in set (0.022 sec)
```

**Expected behavior**
<!-- A clear and concise description of what you expected to happen. -->
```sql
obclient [oceanbase]> select * from dba_ob_resource_pools where name='Aaaaaaaa_pool_obzone1';
+------------------+-----------------------+-----------+----------------------------+----------------------------+------------+----------------+-----------+--------------+
| RESOURCE_POOL_ID | NAME                  | TENANT_ID | CREATE_TIME                | MODIFY_TIME                | UNIT_COUNT | UNIT_CONFIG_ID | ZONE_LIST | REPLICA_TYPE |
+------------------+-----------------------+-----------+----------------------------+----------------------------+------------+----------------+-----------+--------------+
|             1004 | Aaaaaaaa_pool_obzone1 |      NULL | 2023-11-30 11:10:10.538214 | 2023-11-30 14:49:20.423892 |          1 |           1004 | obzone1   | FULL         |
+------------------+-----------------------+-----------+----------------------------+----------------------------+------------+----------------+-----------+--------------+
2 rows in set (0.022 sec)
```
**Actual Behavior**
<!-- What is the result? picture is allowed -->
```sql
obclient [oceanbase]> select * from dba_ob_resource_pools where name='Aaaaaaaa_pool_obzone1';
+------------------+-----------------------+-----------+----------------------------+----------------------------+------------+----------------+-----------+--------------+
| RESOURCE_POOL_ID | NAME                  | TENANT_ID | CREATE_TIME                | MODIFY_TIME                | UNIT_COUNT | UNIT_CONFIG_ID | ZONE_LIST | REPLICA_TYPE |
+------------------+-----------------------+-----------+----------------------------+----------------------------+------------+----------------+-----------+--------------+
|             1001 | aaaaAAAA_pool_obzone1 |      1002 | 2023-11-30 10:56:22.064387 | 2023-11-30 10:56:24.336200 |          1 |           1001 | obzone1   | FULL         |
|             1004 | Aaaaaaaa_pool_obzone1 |      NULL | 2023-11-30 11:10:10.538214 | 2023-11-30 14:49:20.423892 |          1 |           1004 | obzone1   | FULL         |
+------------------+-----------------------+-----------+----------------------------+----------------------------+------------+----------------+-----------+--------------+
2 rows in set (0.022 sec)
```
**Additional context**
<!-- Add any other context about the problem here. -->
OB version :OceanBase_CE 4.1.0.0 (r100000192023032010-0265dfc6d00ff4f0ff4ad2710504a18962abaef6) (Built Mar 20 2023 10:12:05)
