ID: 173
Title: 聚合函数与别名使用问题
Description:
oceanbase中对某字段使用聚合函数后对结果设置成相同字段别名后，使用聚合结果排序必须使用别名，不能使用原来的聚合函数排序。
如：先使用` sum(data) as data` 再使用 `order by sum(data)` 会失败 

复现过程：
**mysql5.6/5.7：**

CREATE TABLE `test` (
  `id` int(10) DEFAULT NULL,
  `data` int(10) DEFAULT NULL,
  `tag` varchar(5) DEFAULT NULL
) ENGINE=InnoDB DEFAULT CHARSET=utf8mb4;

mysql> `insert into test values (1,1,'a'),(2,2,'a'),(3,3,'b');`

mysql> `select * from test;`
+------+------+------+
| id   | data | tag  |
+------+------+------+
|    1 |    1 | a    |
|    2 |    2 | a    |
|    3 |    3 | b    |
+------+------+------+
3 rows in set (0.00 sec)

mysql> `select tag,sum(data) as data from test group by tag order by sum(data);`
+------+------+
| tag  | data |
+------+------+
| a    |    3 |
| b    |    3 |
+------+------+
2 rows in set (0.00 sec)


**oceanbase3.1.2：**

CREATE TABLE `test` (
  `id` int(10) DEFAULT NULL,
  `data` int(10) DEFAULT NULL,
  `tag` varchar(5) DEFAULT NULL
) ENGINE=InnoDB DEFAULT CHARSET=utf8mb4;

mysql> `insert into test values (1,1,'a'),(2,2,'a'),(3,3,'b');`

mysql> `select * from test;`
+------+------+------+
| id   | data | tag  |
+------+------+------+
|    1 |    1 | a    |
|    2 |    2 | a    |
|    3 |    3 | b    |
+------+------+------+
3 rows in set (0.02 sec)

mysql> `select tag,sum(data) as data from test group by tag order by sum(data);`
**ERROR 1111 (HY000): Invalid use of group function**