ID: 1753
Title: [Bug]: value changed after restrict distinct condition
Description:

**Describe the bug**
When I use a more restrictive condition, the query results should be a subset of the previous one, but now there are values outside the set.
**Environment**
```
ubuntu:~/Desktop$ uname -a
Linux ubuntu 5.15.0-91-generic #101~20.04.1-Ubuntu SMP Thu Nov 16 14:22:28 UTC 2023 x86_64 x86_64 x86_64 GNU/Linux

```
```sql
obclient [d1]> select version();
+------------------------------+
| version()                    |
+------------------------------+
| 5.7.25-OceanBase_CE-v4.2.1.0 |
+------------------------------+
1 row in set (0.000 sec)

```
  

**Fast Reproduce Steps(Required)**

```sql

create table table_3_utf8_undef (
`pk` int primary key,
`col_bigint_undef_signed` bigint  ,
`col_bigint_undef_unsigned` bigint unsigned ,
`col_bigint_key_signed` bigint  ,
`col_bigint_key_unsigned` bigint unsigned ,
`col_float_undef_signed` float  ,
`col_float_undef_unsigned` float unsigned ,
`col_float_key_signed` float  ,
`col_float_key_unsigned` float unsigned ,
`col_double_undef_signed` double  ,
`col_double_undef_unsigned` double unsigned ,
`col_double_key_signed` double  ,
`col_double_key_unsigned` double unsigned ,
`col_decimal(40, 20)_undef_signed` decimal(40, 20)  ,
`col_decimal(40, 20)_undef_unsigned` decimal(40, 20) unsigned ,
`col_decimal(40, 20)_key_signed` decimal(40, 20)  ,
`col_decimal(40, 20)_key_unsigned` decimal(40, 20) unsigned ,
`col_char(20)_undef_signed` char(20)  ,
`col_char(20)_key_signed` char(20)  ,
`col_varchar(20)_undef_signed` varchar(20)  ,
`col_varchar(20)_key_signed` varchar(20)  ,
key (`col_bigint_key_signed`),
key (`col_bigint_key_unsigned`),
key (`col_float_key_signed`),
key (`col_float_key_unsigned`),
key (`col_double_key_signed`),
key (`col_double_key_unsigned`),
key (`col_decimal(40, 20)_key_signed`),
key (`col_decimal(40, 20)_key_unsigned`),
key (`col_char(20)_key_signed`),
key (`col_varchar(20)_key_signed`)
) character set utf8 ;
insert into table_3_utf8_undef values (0,82.1847,1,39.0425,38.1089,-1,1,94.1106,1.009,12.991,19755,-13064,0,1,79.1429,-2,1,"well",'3
','-0','e'),(1,1,20.0078,-9.183,68.1957,1,2,1,0.0001,12.991,2,71.0510,1,-1,2,12.991,12.991,'3	','1','3	','-0'),(2,-2,1,-21247,1.009,2,1.009,0.0001,36.0002,-2,2,-0,0.0001,-2,0.1598,47.1515,1.009,'3	','w','-1','e');
create table table_7_utf8_undef (
`pk` int primary key,
`col_bigint_undef_signed` bigint  ,
`col_bigint_undef_unsigned` bigint unsigned ,
`col_bigint_key_signed` bigint  ,
`col_bigint_key_unsigned` bigint unsigned ,
`col_float_undef_signed` float  ,
`col_float_undef_unsigned` float unsigned ,
`col_float_key_signed` float  ,
`col_float_key_unsigned` float unsigned ,
`col_double_undef_signed` double  ,
`col_double_undef_unsigned` double unsigned ,
`col_double_key_signed` double  ,
`col_double_key_unsigned` double unsigned ,
`col_decimal(40, 20)_undef_signed` decimal(40, 20)  ,
`col_decimal(40, 20)_undef_unsigned` decimal(40, 20) unsigned ,
`col_decimal(40, 20)_key_signed` decimal(40, 20)  ,
`col_decimal(40, 20)_key_unsigned` decimal(40, 20) unsigned ,
`col_char(20)_undef_signed` char(20)  ,
`col_char(20)_key_signed` char(20)  ,
`col_varchar(20)_undef_signed` varchar(20)  ,
`col_varchar(20)_key_signed` varchar(20)  ,
key (`col_bigint_key_signed`),
key (`col_bigint_key_unsigned`),
key (`col_float_key_signed`),
key (`col_float_key_unsigned`),
key (`col_double_key_signed`),
key (`col_double_key_unsigned`),
key (`col_decimal(40, 20)_key_signed`),
key (`col_decimal(40, 20)_key_unsigned`),
key (`col_char(20)_key_signed`),
key (`col_varchar(20)_key_signed`)
) character set utf8 ;
insert into table_7_utf8_undef values (0,-9.183,1,1.1384,2,15.1271,12.991,-2,0.0001,36.1270,79.1819,0.0001,0.0001,3.1387,52.0818,-0,0.0001,'1','3	','0','0'),(1,79,12.991,107,2,-0.0001,0,1.009,1.009,34,1,-1,69.0208,1,2,120,12.991,'3	','-1',"if",'b'),(2,-2,1,-9.183,1,12.991,0.0001,53,12.991,1.009,12.991,12.991,0.0001,-0.0001,12.991,0.0001,2,'3
','p','0','3	'),(3,-0.0001,12.991,1.009,1.009,-9.183,2,0,1,-2,1,2,1,2,1.009,2,12.991,'3
','0','k','0'),(4,1.009,0.0001,-1,12.991,2,47,2,0,12.991,12.991,1.009,0,1.009,1.009,-0.0001,6949,'-1','	3','1','m'),(5,-0,1,0,0,0.0001,28.1237,12.991,0,12.991,12.991,-0,12.991,2,2,2,1.009,'0','	3','0','	3'),(6,45.0855,1,38.1166,1,1.009,80.0284,2,122,0.0001,0,-1,11130,0,1,1,0,"know",'-0','
3','3
');


```
query1:
```sql
WITH `MYWITH` AS ((SELECT (DATEDIFF(_UTF8MB4'2003-03-06 01:07:02', _UTF8MB4'2015-12-23')) AS `f1`,(DATE_SUB(`f4`, INTERVAL 1 YEAR_MONTH)) AS `f2`,(_UTF8MB4'2000') AS `f3` 
FROM (SELECT `col_float_key_signed` AS `f4`,`col_double_key_unsigned` AS `f7`,`col_double_key_signed` AS `f6` FROM `table_7_utf8_undef` USE INDEX (`col_bigint_key_signed`)) AS `t1` 
JOIN (SELECT `col_double_undef_unsigned` AS `f8`,`col_float_undef_signed` AS `f5`,`col_double_key_signed` AS `f9` FROM `table_3_utf8_undef` USE INDEX (`col_char(20)_key_signed`)) 
AS `t2`) UNION (SELECT (`f11`+`f11`) AS `f1`,(!CHARSET(`f10`)) AS `f2`,(DATE_ADD(`f12`, INTERVAL 1 MICROSECOND)) AS `f3` FROM (
    
SELECT 

`col_decimal(40, 20)_key_signed` AS `f13`,`col_varchar(20)_key_signed` AS `f11`,`col_double_key_signed` AS `f14` FROM `table_3_utf8_undef` IGNORE INDEX (`col_double_key_unsigned`))
 AS `t3` NATURAL JOIN (SELECT (DATE_ADD(`f17`, INTERVAL 1 WEEK)) AS `f10`,(ACOS(4593918037292548819)>>`f17`%!`f17`) AS `f15`,(`f16`) AS `f12` FROM (SELECT `col_varchar(20)_key_signed` 
 AS `f16`,`col_decimal(40, 20)_undef_unsigned` AS `f17`,`col_varchar(20)_key_signed` AS `f18` FROM `table_7_utf8_undef` USE INDEX (`col_double_key_signed`)) AS `t4` ORDER BY `f17`) AS `t5`)) SELECT * FROM `MYWITH`;

 ```
 query2:
```sql

WITH `MYWITH` AS ((SELECT (DATEDIFF(_UTF8MB4'2003-03-06 01:07:02', _UTF8MB4'2015-12-23')) AS `f1`,(DATE_SUB(`f4`, INTERVAL 1 YEAR_MONTH)) AS `f2`,(_UTF8MB4'2000') AS `f3` 
FROM (SELECT `col_float_key_signed` AS `f4`,`col_double_key_unsigned` AS `f7`,`col_double_key_signed` AS `f6` FROM `table_7_utf8_undef` USE INDEX (`col_bigint_key_signed`)) AS `t1` 
JOIN (SELECT `col_double_undef_unsigned` AS `f8`,`col_float_undef_signed` AS `f5`,`col_double_key_signed` AS `f9` FROM `table_3_utf8_undef` USE INDEX (`col_char(20)_key_signed`)) 
AS `t2`) UNION (SELECT (`f11`+`f11`) AS `f1`,(!CHARSET(`f10`)) AS `f2`,(DATE_ADD(`f12`, INTERVAL 1 MICROSECOND)) AS `f3` FROM (
    
SELECT DISTINCT 

`col_decimal(40, 20)_key_signed` AS `f13`,`col_varchar(20)_key_signed` AS `f11`,`col_double_key_signed` AS `f14` FROM `table_3_utf8_undef` IGNORE INDEX (`col_double_key_unsigned`)) 
AS `t3` NATURAL JOIN (SELECT (DATE_ADD(`f17`, INTERVAL 1 WEEK)) AS `f10`,(ACOS(4593918037292548819)>>`f17`%!`f17`) AS `f15`,(`f16`) AS `f12` FROM (SELECT `col_varchar(20)_key_signed` 
AS `f16`,`col_decimal(40, 20)_undef_unsigned` AS `f17`,`col_varchar(20)_key_signed` AS `f18` FROM `table_7_utf8_undef` USE INDEX (`col_double_key_signed`)) AS `t4` ORDER BY `f17`) AS `t5`)) SELECT * FROM `MYWITH`;
```

**Expected behavior**
In theory, the result of sql2 âŠ† the result of sql1.
Because the condition "DISTINCT" in sql2 .
**Actual Behavior**
However, the value -0  changed to 0  after changing the condition, seems like a logical bug:

result1:
```sql

+-------+------+------+
| f1    | f2   | f3   |
+-------+------+------+
| -4675 | NULL | 2000 |
|    -0 | 1    | NULL |
+-------+------+------+
2 rows in set, 49 warnings (0.005 sec)


```

result2:
```sql
+-------+------+------+
| f1    | f2   | f3   |
+-------+------+------+
| -4675 | NULL | 2000 |
|     0 | 1    | NULL |
+-------+------+------+
2 rows in set, 49 warnings (0.005 sec)

```