ID: 2188
Title: [Bug]: Inconsistent Query Results Between Materialized Table and View with Compressed Data 
Description:
**Describe the bug**

In OceanBase, querying a materialized table and a view with identical data and COMPRESS produces inconsistent results. 

**Environment**

- OS Version and CPU Arch(`uname -a`):
```
[root@332f4c044dbb ~]# uname -a
Linux 332f4c044dbb 5.15.49-linuxkit-pr #1 SMP PREEMPT Thu May 25 07:27:39 UTC 2023 aarch64 aarch64 aarch64 GNU/Linux
```
  
- OB Version:
 ```
obclient [oceanbase]> select version();
+------------------------------+
| version()                    |
+------------------------------+
| 5.7.25-OceanBase_CE-v4.2.1.9 |
+------------------------------+
1 row in set (0.002 sec)
```

**Fast Reproduce Steps(Required)**

Steps to reproduce the behavior:

```sql
-- Step 1: Create table t0 and insert data
CREATE TABLE t0 (c0 TINYBLOB, c1 MEDIUMTEXT, c2 LONGBLOB);
INSERT INTO t0 (c0, c1, c2) VALUES ('Yaz3IsMabLETAiNz54POqpsV9GoFO5KoF0j', 'K2hyuLItQX9RRV7O0ixagzZ7DAQtgdUdK1LnwOU9gb21QING0hwNw9geF25EXtMnnjJhXlFoyQN5MovBrN91h7AWMMhulNR8jC3OJpSxxBaki9wEAwRo09fPgIuUWlLYvHcxtarWqls8MDJ3DNqwuJCysQCpoWQbAOQ1pBJlHhjKq1R4lpKJJlqWmMA972TtQmE6Fb99e8Y2D4dQ4X8coJteMvM', 'jYY1PRg76NQYn22iBXLV9SOSVDDX72CoOtjCjnI6KWiXapilvW9debXtRG1iZDoH9vLV4oCRt4DE2jfOnebi9a0C');
INSERT INTO t0 (c0, c1, c2) VALUES ('2E75kIRbyrVQXBaVNkP9Hx999R4qHHqFa4ZmdQFeC7k7pPW8DDn7yFP5', 'AWh2J3zkzEl5osw8zs9u5DBkVKY4cCunvnU2n9U782I6TdTMz60NAHDMaMkEqxwkqN5GdzF3lkmvbrTX5lWDE3ECwcnZuYXWeMT0QmZz58MVFjDfHxyRU8kz5kBKSlOtXDCVN7XkzAeIvVX0j8V0G6sRSBC97EZwDs1F3VFXfzNnRupkSVFNUbIvTqVi44gLdbZmnpWDK12by4TaxOLj1Mg4U2MhKChY7rNTZxyRhd9DvYLX8Uw', '7h68A1Qq1yOTXSjsANot5QXQ3fbBr4vBW85VmD8vmVyp6onR6XSRBfvwgxrQmUC');
INSERT INTO t0 (c0, c1, c2) VALUES ('BQjk0CVhNHVHE4RtCrvBUwrzpg2STV7Ywc9XoSbQNNuZMm4Ci01fYnzRPR8hAWLsKkxIRL0noYrfogQ1F5Ls4BNbFWuMi', 'fRox5INO0qUSN6oU7njOJzI3qMw3Kos3LkT1v5Sb', 'd7wPGthNyJP6ruNEp2wdVwRLQRdsr4BSE9V6lpCORtyj9B69pxlYv0xx9fWu8HKqMwISgRl1OooPMuw99HYUcSwFrbYg9HBUI0frkaSajDMnFO9aUJ29Lr69fmVFniiQ01Ij9AK09PGzEaRmc1EQHSD80e3kFKbH7YeXMcYznnPG5bq6IsTSTQl8nNmxCuMkYqP6qT3konIV8qzfScu0YTjTVj20PuXHR0HgqxXbTdpa');

-- Step 2: Create materialized table t1 and query it
CREATE TABLE t1 AS (SELECT (COMPRESS(c0)) AS c0 , c1 AS c1, c2 AS c2 FROM t0 );
obclient [test]> SELECT c1, c2 FROM t1 WHERE ((((c2 <= c1) != (c1 AND c1)) = ((c1 != c1) OR ('sovz21AFEiUih4YBREfNV575NGUV4CXRsR6Ql6CJGpGCeTJXBAP94YR2nciBmR02NDo4Y62kKsVI0OHNNuLkKzEokNJ686ejbfHvkxsuvJ9ZddZhx8IF73deXz4nodc1UAvPNwIBud7kTa07GHGTlM96IWciQOkLmtGWMID9bTp1qNjvtMfJbTDIe8cnchjY27NdRBrb2YKlAxSgV08hi6aBGyewATlVvGQlI' <= ('uHeBtXy5xFtBBUCJJaT9L9w7E7FMZizblKMM4AZkYLB5HBzmatz7hlStRYQOAlOky5ZU4yj8z2vl3JBYWKafQ3FTbgt3myte6SWZKjOvHLVtqRrzSV7AfxfWCQH5nvQRe75uZMq7htaOBIF')))) != ((CASE WHEN (c2 OR c2) THEN (('NPXfmtVtMA7a6PjTzbrMgt25Ts133Y0aHauoRDyjPr2N1VYiQQSjyuVCt3RfQntIOEzKayAv5hwuZiBiMM1yDW59kq7kBFonZHVAj5eNOJWNooOu2CdjA0cmLqRetEgfNgtpxvNZa6Po51NDuoi2Kx3E30GTEPqOgtB9plfTb3zvTdwBwZExqDqsrGeis0R55l6cSPcPgu8m0bo3wmXd1')) ELSE (('gn3028dJo36iNjPn9IdI65O0kILA9cof51ymd7gRyRWZ7rR6WQioyGe06Nc3XYo0IkPoK9pxXi5TCQpvTNqb9eNeyU07wi41KhK9wz46JncJPLqzyn1OdEDIrTpudyc6Q54iwUsKmCLLfHjIR7N')) END) = ((c1 = c1) != (c1 <= (c0)))));
+-----------------------------------------------------------------------------------------------------------------------------------------------------------------------------------------------------------------------------------------------------+----------------------------------------------------------------------------------------------------------------------------------------------------------------------------------------------------------------------------------------------+
| c1                                                                                                                                                                                                                                                  | c2                                                                                                                                                                                                                                           |
+-----------------------------------------------------------------------------------------------------------------------------------------------------------------------------------------------------------------------------------------------------+----------------------------------------------------------------------------------------------------------------------------------------------------------------------------------------------------------------------------------------------+
| AWh2J3zkzEl5osw8zs9u5DBkVKY4cCunvnU2n9U782I6TdTMz60NAHDMaMkEqxwkqN5GdzF3lkmvbrTX5lWDE3ECwcnZuYXWeMT0QmZz58MVFjDfHxyRU8kz5kBKSlOtXDCVN7XkzAeIvVX0j8V0G6sRSBC97EZwDs1F3VFXfzNnRupkSVFNUbIvTqVi44gLdbZmnpWDK12by4TaxOLj1Mg4U2MhKChY7rNTZxyRhd9DvYLX8Uw | 7h68A1Qq1yOTXSjsANot5QXQ3fbBr4vBW85VmD8vmVyp6onR6XSRBfvwgxrQmUC                                                                                                                                                                              |
| fRox5INO0qUSN6oU7njOJzI3qMw3Kos3LkT1v5Sb                                                                                                                                                                                                            | d7wPGthNyJP6ruNEp2wdVwRLQRdsr4BSE9V6lpCORtyj9B69pxlYv0xx9fWu8HKqMwISgRl1OooPMuw99HYUcSwFrbYg9HBUI0frkaSajDMnFO9aUJ29Lr69fmVFniiQ01Ij9AK09PGzEaRmc1EQHSD80e3kFKbH7YeXMcYznnPG5bq6IsTSTQl8nNmxCuMkYqP6qT3konIV8qzfScu0YTjTVj20PuXHR0HgqxXbTdpa |
+-----------------------------------------------------------------------------------------------------------------------------------------------------------------------------------------------------------------------------------------------------+----------------------------------------------------------------------------------------------------------------------------------------------------------------------------------------------------------------------------------------------+
2 rows in set, 6 warnings (0.006 sec)

-- Step 3: Create view t1 instead and query it
CREATE VIEW t1 AS (SELECT (COMPRESS(c0)) AS c0 , c1 AS c1, c2 AS c2 FROM t0 );
obclient [test]> SELECT c1, c2 FROM t1 WHERE ((((c2 <= c1) != (c1 AND c1)) = ((c1 != c1) OR ('sovz21AFEiUih4YBREfNV575NGUV4CXRsR6Ql6CJGpGCeTJXBAP94YR2nciBmR02NDo4Y62kKsVI0OHNNuLkKzEokNJ686ejbfHvkxsuvJ9ZddZhx8IF73deXz4nodc1UAvPNwIBud7kTa07GHGTlM96IWciQOkLmtGWMID9bTp1qNjvtMfJbTDIe8cnchjY27NdRBrb2YKlAxSgV08hi6aBGyewATlVvGQlI' <= ('uHeBtXy5xFtBBUCJJaT9L9w7E7FMZizblKMM4AZkYLB5HBzmatz7hlStRYQOAlOky5ZU4yj8z2vl3JBYWKafQ3FTbgt3myte6SWZKjOvHLVtqRrzSV7AfxfWCQH5nvQRe75uZMq7htaOBIF')))) != ((CASE WHEN (c2 OR c2) THEN (('NPXfmtVtMA7a6PjTzbrMgt25Ts133Y0aHauoRDyjPr2N1VYiQQSjyuVCt3RfQntIOEzKayAv5hwuZiBiMM1yDW59kq7kBFonZHVAj5eNOJWNooOu2CdjA0cmLqRetEgfNgtpxvNZa6Po51NDuoi2Kx3E30GTEPqOgtB9plfTb3zvTdwBwZExqDqsrGeis0R55l6cSPcPgu8m0bo3wmXd1')) ELSE (('gn3028dJo36iNjPn9IdI65O0kILA9cof51ymd7gRyRWZ7rR6WQioyGe06Nc3XYo0IkPoK9pxXi5TCQpvTNqb9eNeyU07wi41KhK9wz46JncJPLqzyn1OdEDIrTpudyc6Q54iwUsKmCLLfHjIR7N')) END) = ((c1 = c1) != (c1 <= (c0)))));
+-----------------------------------------------------------------------------------------------------------------------------------------------------------------------------------------------------------------------------------------------------+-----------------------------------------------------------------+
| c1                                                                                                                                                                                                                                                  | c2                                                              |
+-----------------------------------------------------------------------------------------------------------------------------------------------------------------------------------------------------------------------------------------------------+-----------------------------------------------------------------+
| AWh2J3zkzEl5osw8zs9u5DBkVKY4cCunvnU2n9U782I6TdTMz60NAHDMaMkEqxwkqN5GdzF3lkmvbrTX5lWDE3ECwcnZuYXWeMT0QmZz58MVFjDfHxyRU8kz5kBKSlOtXDCVN7XkzAeIvVX0j8V0G6sRSBC97EZwDs1F3VFXfzNnRupkSVFNUbIvTqVi44gLdbZmnpWDK12by4TaxOLj1Mg4U2MhKChY7rNTZxyRhd9DvYLX8Uw | 7h68A1Qq1yOTXSjsANot5QXQ3fbBr4vBW85VmD8vmVyp6onR6XSRBfvwgxrQmUC |
+-----------------------------------------------------------------------------------------------------------------------------------------------------------------------------------------------------------------------------------------------------+-----------------------------------------------------------------+
1 row in set, 6 warnings (0.013 sec)
```


**Expected behavior**
Both the materialized table and the view should return the same number of rows, given that the query conditions and data are identical.


