ID: 2190
Title: [Bug]: Inconsistent Query Results Between Materialized Table and View with JSON_VALID
Description:
**Describe the bug**

In ClickHouse, a query involving JSON_VALID and complex logical expressions yields different results when executed on a materialized table and a view. 

**Environment**

- OS Version and CPU Arch(`uname -a`):
```
[root@332f4c044dbb ~]# uname -a
Linux 332f4c044dbb 5.15.49-linuxkit-pr #1 SMP PREEMPT Thu May 25 07:27:39 UTC 2023 aarch64 aarch64 aarch64 GNU/Linux
```
  
- OB Version:
 ```
obclient [oceanbase]> select version();
+------------------------------+
| version()                    |
+------------------------------+
| 5.7.25-OceanBase_CE-v4.2.1.9 |
+------------------------------+
1 row in set (0.002 sec)
```

**Fast Reproduce Steps(Required)**

Steps to reproduce the behavior:

```sql
-- Step 1: Create table t0 and insert data
CREATE TABLE t0 (c0 VARBINARY(23), c1 JSON);
INSERT INTO t0 (c0, c1) VALUES (0xF98A277AAB74760FB13E993, '[-34]');
INSERT INTO t0 (c0, c1) VALUES (0x31B924C996643F9335FE4B0, '[[true]]');
INSERT INTO t0 (c0, c1) VALUES (0xA219301C242CEEA233B9F81, 'true');
INSERT INTO t0 (c0, c1) VALUES (0xD604F001CD92EE5ED0A4A10, '["j", true]');

-- Step 2: Create materialized table t1 and query it
CREATE TABLE t1 AS (SELECT (JSON_VALID(c0)) AS c0 , c1 AS c1 FROM t0 );
SELECT c1, (c0) FROM t1 WHERE (((('"A"' != NULL) = (-1470878107 > c1)) <= (((c0) > NULL) != (c1 OR (-123850777)))) OR ((((c0) != '-63') = ((-890492410) OR NULL)) != (('[]' = c1) OR ((c0) > c1))));
+-------------+------+
| c1          | c0   |
+-------------+------+
| [-34]       |    0 |
| [[true]]    |    0 |
| true        |    0 |
| ["j", true] |    0 |
+-------------+------+
4 rows in set (0.006 sec)

-- Step 3: Create view t1 instead and query it
CREATE VIEW t1 AS (SELECT (JSON_VALID(c0)) AS c0 , c1 AS c1 FROM t0 );
SELECT c1, (c0) FROM t1 WHERE (((('"A"' != NULL) = (-1470878107 > c1)) <= (((c0) > NULL) != (c1 OR (-123850777)))) OR ((((c0) != '-63') = ((-890492410) OR NULL)) != (('[]' = c1) OR ((c0) > c1))));
+------+------+
| c1   | c0   |
+------+------+
| true |    0 |
+------+------+
1 row in set (0.009 sec)
```

**Expected behavior**
Both queries (on the materialized table and the view) should return the same rows, as the underlying data and query conditions are identical.

