ID: 2191
Title: [Bug]: Inconsistent results between row storage and column storage for the same query
Description:
**Describe the bug**

**Environment**

- OS Version and CPU Arch(`uname -a`):

```bash
Linux 3.10.0-1160.102.1.el7.x86_64 #1 SMP Tue Oct 17 15:42:21 UTC 2023 x86_64 x86_64 x86_64 GNU/Linux
```

- OB Version(`LD_LIBRARY_PATH=../lib:$LD_LIBRARY_PATH ./observer -V`):

```bash
select version();
-- 5.7.25-OceanBase_CE-v4.3.4.0
```

**Fast Reproduce Steps(Required)**

Steps to reproduce the behavior:
**It may require multiple attempts to reproduce.**

```sql
DROP TABLE IF EXISTS t0;
CREATE TABLE IF NOT EXISTS t0
(
    c0 VARCHAR(134),
    c1 VARCHAR(231),
    c2 VARCHAR(57)
) PARTITION BY KEY (c1, c2)
WITH COLUMN GROUP
(
    all
    columns,
    each
    column
);

INSERT INTO t0(c0, c1, c2)
VALUES ('L', '21324889', '-1673511592'),
       (NULL, '21324889', '-1673511592'),
       ('0.6807540772992964', '21324889', '-1673511592'),
       ('F', '21324889', '-1673511592'),
       ('S,', '21324889', '-1673511592'),
       ('ﶌ', '21324889', '-1673511592'),
       ('-1041095011', '21324889', '-1673511592'),
       ('', '21324889', '-1673511592'),
       (NULL, '21324889', '-1673511592'),
       ('', '', ''),
       (NULL, '', '洭Y'),
       ('^J9dZ', NULL, ' '),
       ('', NULL, NULL),
       ('J^%', 'ot', '0.8778251870184218'),
       (NULL, NULL, 'mVuZ'),
       (NULL, NULL, '1398043475'),
       (NULL, NULL, '44'),
       (NULL, '30', '_'),
       ('-488861379', '0.7660004061515224', NULL),
       ('0.8158670795965431', '1983870118', NULL),
       (NULL, '-', 'qP'),
       (NULL, NULL, ''),
       (NULL, NULL, 'r聴Ed'),
       (NULL, NULL, ''),
       ('2016322561', '', 'K9l^R');

ALTER TABLE t0
    COMPRESSION 'NONE';

SELECT /*+ parallel(5),enable_parallel_dml NO_USE_COLUMN_TABLE(t0) */ ALL t0.c0, t0.c1, t0.c2
FROM t0
WHERE (t0.c1) IS FALSE
GROUP BY t0.c0, t0.c1, t0.c2
ORDER BY EXISTS (SELECT 1)
LIMIT 2121119234356784768 OFFSET 2;

SELECT /*+ parallel(5),enable_parallel_dml USE_COLUMN_TABLE(t0) */ ALL t0.c0, t0.c1, t0.c2
FROM t0
WHERE (t0.c1) IS FALSE
GROUP BY t0.c0, t0.c1, t0.c2
ORDER BY EXISTS (SELECT 1)
LIMIT 2121119234356784768 OFFSET 2;
```

**Expected behavior**
The two queries yield the same result.

**Actual Behavior**
```
mysql> SELECT /*+ parallel(5),enable_parallel_dml NO_USE_COLUMN_TABLE(t0) */ ALL t0.c0, t0.c1, t0.c2
    -> FROM t0
    -> WHERE (t0.c1) IS FALSE
    -> GROUP BY t0.c0, t0.c1, t0.c2
    -> ORDER BY EXISTS (SELECT 1)
    -> LIMIT 2121119234356784768 OFFSET 2;
+------------+------+--------------------+
| c0         | c1   | c2                 |
+------------+------+--------------------+
| J^%        | ot   | 0.8778251870184218 |
| 2016322561 |      | K9l^R              |
| NULL       | -    | qP                 |
+------------+------+--------------------+
3 rows in set (0.01 sec)

mysql>
mysql> SELECT /*+ parallel(5),enable_parallel_dml USE_COLUMN_TABLE(t0) */ ALL t0.c0, t0.c1, t0.c2
    -> FROM t0
    -> WHERE (t0.c1) IS FALSE
    -> GROUP BY t0.c0, t0.c1, t0.c2
    -> ORDER BY EXISTS (SELECT 1)
    -> LIMIT 2121119234356784768 OFFSET 2;
+------------+------+-------+
| c0         | c1   | c2    |
+------------+------+-------+
| 2016322561 |      | K9l^R |
| NULL       | -    | qP    |
|            |      |       |
+------------+------+-------+
3 rows in set (0.01 sec)

mysql> select version();
+------------------------------+
| version()                    |
+------------------------------+
| 5.7.25-OceanBase_CE-v4.3.4.0 |
+------------------------------+
1 row in set (0.00 sec)
```

**Additional context**
It may require multiple executions of the two SELECT statements to observe inconsistent behavior. 
Alternatively, recreate the table and retry.
