ID: 2197
Title: [Bug]: The results of the complex query are unexpected.
Description:
**Describe the bug**
<!-- A clear and concise description of bug. -->

**Environment**

- OS Version and CPU Arch(`uname -a`):

```bash
Linux 3.10.0-1160.102.1.el7.x86_64 #1 SMP Tue Oct 17 15:42:21 UTC 2023 x86_64 x86_64 x86_64 GNU/Linux
```

- OB Version(`LD_LIBRARY_PATH=../lib:$LD_LIBRARY_PATH ./observer -V`):

```bash
select version();
-- 5.7.25-OceanBase_CE-v4.3.4.0
```

**Fast Reproduce Steps(Required)**

Steps to reproduce the behavior:
```sql
drop table if exists t0;
drop table if exists t1;
CREATE TABLE t0(c0 FLOAT , c1 VARCHAR(123) , c2 INT )  PARTITION BY KEY (c1) WITH COLUMN GROUP (all columns, each column);
CREATE TABLE IF NOT EXISTS t1 LIKE t0;

-- Insert statements for table t0
INSERT INTO t0 (c0, c1, c2) VALUES
(-697414020, NULL, NULL),
(NULL, '', -1044026135),
(0.924866, 'A', -877182619),
(0.426481, '', 617715999),
(0.622039, '', 626667259),
(0.906042, '1803263993', -405682590),
(NULL, '0.46651577472598704', 233143763);

-- Insert statements for table t1
INSERT INTO t1 (c0, c1, c2) VALUES
(0.221074, '', -1741523580),
(0.79028, 'yH#-5.DU', -1964321858);

select (CAST(t0.c0 AS DATE)) from t0;

select /*+ USE_COLUMN_TABLE(t0) USE_COLUMN_TABLE(t1) */ ALL true
FROM t0
         RIGHT OUTER JOIN t1 ON (t0.c0) >= (t1.c0);

SELECT /*+ USE_COLUMN_TABLE(t0) USE_COLUMN_TABLE(t1) */ ALL true
FROM t0
         RIGHT OUTER JOIN t1 ON (t0.c0) >= (t1.c0)
WHERE (CAST(t0.c0 AS DATE)) IS NULL;
```
**Expected behavior**
<!-- A clear and concise description of what you expected to happen. -->
Mysql behavior
```sql
mysql> SELECT /*+ USE_COLUMN_TABLE(t0) USE_COLUMN_TABLE(t1) */ ALL true
    -> FROM t0
    ->          RIGHT OUTER JOIN t1 ON (t0.c0) >= (t1.c0)
    -> WHERE (CAST(t0.c0 AS DATE)) IS NULL;
+------+
| true |
+------+
|    1 |
|    1 |
|    1 |
|    1 |
|    1 |
|    1 |
+------+
6 rows in set, 7 warnings (0.00 sec)
```
**Actual Behavior**
<!-- What is the result? picture is allowed -->
The two query results are consistent.
```sql
mysql> select /*+ USE_COLUMN_TABLE(t0) USE_COLUMN_TABLE(t1) */ ALL true
    -> FROM t0
    ->          RIGHT OUTER JOIN t1 ON (t0.c0) >= (t1.c0);
+------+
| true |
+------+
|    1 |
|    1 |
|    1 |
|    1 |
|    1 |
|    1 |
+------+
6 rows in set (0.01 sec)

mysql> select /*+ USE_COLUMN_TABLE(t0) USE_COLUMN_TABLE(t1) */ ALL true
    -> FROM t0, t1
    -> where (t0.c0) >= (t1.c0);
+------+
| true |
+------+
|    1 |
|    1 |
|    1 |
|    1 |
|    1 |
|    1 |
+------+
6 rows in set (0.00 sec)
```
However, after adding the condition (CAST(t0.c0 AS DATE)) IS NULL to both queries, the results are inconsistent.
```sql
mysql> select (CAST(t0.c0 AS DATE)) from t0;
+-----------------------+
| (CAST(t0.c0 AS DATE)) |
+-----------------------+
| NULL                  |
| NULL                  |
| NULL                  |
| 0000-00-00            |
| NULL                  |
| NULL                  |
| NULL                  |
+-----------------------+
7 rows in set (0.01 sec)

mysql> SELECT /*+ USE_COLUMN_TABLE(t0) USE_COLUMN_TABLE(t1) */ ALL true
    -> FROM t0
    ->          RIGHT OUTER JOIN t1 ON (t0.c0) >= (t1.c0)
    -> WHERE (CAST(t0.c0 AS DATE)) IS NULL;
Empty set (0.00 sec)

mysql> SELECT /*+ USE_COLUMN_TABLE(t0) USE_COLUMN_TABLE(t1) */ ALL true
    -> FROM t0, t1
    -> WHERE (CAST(t0.c0 AS DATE)) IS NULL and (t0.c0) >= (t1.c0);
+------+
| true |
+------+
|    1 |
|    1 |
|    1 |
|    1 |
|    1 |
+------+
5 rows in set (0.01 sec)

```
**Additional context**
<!-- Add any other context about the problem here. -->
