ID: 2202
Title: [Bug]: Running a complex query encountered the "No join order generated" error.
Description:
**Describe the bug**

**Environment**

- OS Version and CPU Arch(`uname -a`):

```bash
Linux 3.10.0-1160.102.1.el7.x86_64 #1 SMP Tue Oct 17 15:42:21 UTC 2023 x86_64 x86_64 x86_64 GNU/Linux
```

- OB Version(`LD_LIBRARY_PATH=../lib:$LD_LIBRARY_PATH ./observer -V`):

```bash
select version();
-- 5.7.25-OceanBase_CE-v4.3.4.0
```

**Fast Reproduce Steps(Required)**

Steps to reproduce the behavior:

```sql
drop table if exists t0, t1, t2, t3, t4, t5, t6, t7, t8, t9, t10;
CREATE TABLE t0(c0 FLOAT UNIQUE, c1 VARCHAR(123) , c2 INT ) PARTITION BY KEY (c0) WITH COLUMN GROUP (all columns, each column);
CREATE TABLE t1 LIKE t0;
CREATE TABLE t2 LIKE t0;
CREATE TABLE t3 LIKE t0;
CREATE TABLE t4 LIKE t0;
CREATE TABLE t5 LIKE t0;
CREATE TABLE t6 LIKE t0;
CREATE TABLE t7 LIKE t0;
CREATE TABLE t8 LIKE t0;
CREATE TABLE t9 LIKE t0;
CREATE TABLE t10 LIKE t0;

SELECT
    t5.c0, t8.c0, t0.c0, t0.c1, t0.c2,t4.c0
FROM t5, t8, t0, t4, t1, t3, t6, t7, t2, t9, t10
WHERE (((t8.c1) AND (t3.c0)) IS TRUE)
GROUP BY t5.c0,  t8.c0,  t0.c0, t4.c0,  t1.c0,  t3.c0, t6.c0,  t7.c0, t0.c1, t0.c2;
```

**Expected behavior**

Mysql 8.4.1 can execute this query normaly.

```sql
mysql> SELECT
    ->     t5.c0, t8.c0, t0.c0, t0.c1, t0.c2,t4.c0
    -> FROM t5, t8, t0, t4, t1, t3, t6, t7, t2, t9, t10
    -> WHERE (((t8.c1) AND (t3.c0)) IS TRUE)
    -> GROUP BY t5.c0,  t8.c0,  t0.c0, t4.c0,  t1.c0,  t3.c0, t6.c0,  t7.c0, t0.c1, t0.c2;
Empty set (0.01 sec)

mysql> select version();
+-----------+
| version() |
+-----------+
| 8.4.1     |
+-----------+
1 row in set (0.01 sec)
```

**Actual Behavior**

```sql
mysql> SELECT
    ->     t5.c0, t8.c0, t0.c0, t0.c1, t0.c2,t4.c0
    -> FROM t5, t8, t0, t4, t1, t3, t6, t7, t2, t9, t10
    -> WHERE (((t8.c1) AND (t3.c0)) IS TRUE)
    -> GROUP BY t5.c0,  t8.c0,  t0.c0, t4.c0,  t1.c0,  t3.c0, t6.c0,  t7.c0, t0.c1, t0.c2;
ERROR 4240 (HY000): No join order generated

mysql> select version();
+------------------------------+
| version()                    |
+------------------------------+
| 5.7.25-OceanBase_CE-v4.3.4.0 |
+------------------------------+
1 row in set (0.00 sec)
```

**Additional context**
This query can be executed normally on TiDB 8.4 and MySQL 8.4.1.