ID: 2203
Title: [Bug]: Complex CAST operations used as predicates are encountering an Internal Error.
Description:
**Describe the bug**

**Environment**

- OS Version and CPU Arch(`uname -a`):

```bash
Linux 3.10.0-1160.102.1.el7.x86_64 #1 SMP Tue Oct 17 15:42:21 UTC 2023 x86_64 x86_64 x86_64 GNU/Linux
```

- OB Version(`LD_LIBRARY_PATH=../lib:$LD_LIBRARY_PATH ./observer -V`):

```bash
select version();
-- 5.7.25-OceanBase_CE-v4.3.4.0
```

**Fast Reproduce Steps(Required)**

Steps to reproduce the behavior:

```sql
SELECT (- (CAST(NULL AS SIGNED)));
SELECT (- (CAST(0.7646335288457784 AS TIME)));

SELECT TRUE
WHERE (- (CAST(NULL AS SIGNED))) < (- (CAST(0.7646335288457784 AS TIME)));
```

**Expected behavior**

The query can execute normal in Mysql 8.4.1

```sql
mysql> SELECT (- (CAST(NULL AS SIGNED)));
+----------------------------+
| (- (CAST(NULL AS SIGNED))) |
+----------------------------+
|                       NULL |
+----------------------------+
1 row in set (0.01 sec)

mysql> SELECT (- (CAST(0.7646335288457784 AS TIME)));
+----------------------------------------+
| (- (CAST(0.7646335288457784 AS TIME))) |
+----------------------------------------+
|                                     -1 |
+----------------------------------------+
1 row in set (0.00 sec)

mysql>
mysql> SELECT TRUE
    -> WHERE (- (CAST(NULL AS SIGNED))) < (- (CAST(0.7646335288457784 AS TIME)));
Empty set (0.00 sec)

mysql> select version();
+-----------+
| version() |
+-----------+
| 8.4.1     |
+-----------+
1 row in set (0.01 sec)
```

**Actual Behavior**

```sql
mysql> SELECT (- (CAST(NULL AS SIGNED)));
+----------------------------+
| (- (CAST(NULL AS SIGNED))) |
+----------------------------+
|                       NULL |
+----------------------------+
1 row in set (0.00 sec)

mysql> SELECT (- (CAST(0.7646335288457784 AS TIME)));
+----------------------------------------+
| (- (CAST(0.7646335288457784 AS TIME))) |
+----------------------------------------+
|                                     -1 |
+----------------------------------------+
1 row in set (0.00 sec)

mysql> SELECT TRUE
    -> WHERE (- (CAST(NULL AS SIGNED))) < (- (CAST(0.7646335288457784 AS TIME)));
ERROR 4016 (HY000): Internal error
mysql> select version();
+------------------------------+
| version()                    |
+------------------------------+
| 5.7.25-OceanBase_CE-v4.3.4.0 |
+------------------------------+
1 row in set (0.00 sec)
```

**Additional context**
This query can be executed normally on TiDB 8.4 and MySQL 8.4.1 and MariaDB 11.6.2.
Maybe duplicate with https://github.com/oceanbase/oceanbase/issues/2196