ID: 2204
Title: [Bug]: The ZEROFILL attribute affects the results of queries.
Description:
**Describe the bug**

**Environment**

- OS Version and CPU Arch(`uname -a`):

```bash
Linux 3.10.0-1160.102.1.el7.x86_64 #1 SMP Tue Oct 17 15:42:21 UTC 2023 x86_64 x86_64 x86_64 GNU/Linux
```

- OB Version(`LD_LIBRARY_PATH=../lib:$LD_LIBRARY_PATH ./observer -V`):

```bash
select version();
-- 5.7.25-OceanBase_CE-v4.3.4.0
```

**Fast Reproduce Steps(Required)**

Steps to reproduce the behavior:

```sql
DROP TABLE IF EXISTS t0;
DROP TABLE IF EXISTS t1;

-- Create table t0
CREATE TABLE t0 (
    c0 INT(100) ZEROFILL UNIQUE
) PARTITION BY HASH (c0) partitions 1 WITH COLUMN GROUP (all columns, each column);

INSERT INTO t0 (c0) VALUES (64804693);

-- Query1
SELECT /*+ NO_USE_COLUMN_TABLE(t0) */ true
FROM t0
WHERE HEX(concat(t0.c0, ''));
-- Query2
SELECT /*+ USE_COLUMN_TABLE(t0) */ true
FROM t0
WHERE HEX(concat(t0.c0, '')) IS TRUE;

-- Create table t1 using the same table creation statement, but do not use the ZEROFILL modifier for the c0 column.
CREATE TABLE t1 (
    c0 INT(100) UNIQUE
) PARTITION BY HASH (c0) partitions 1 WITH COLUMN GROUP (all columns, each column);

INSERT INTO t1 (c0) VALUES (64804693);

-- Query1
SELECT /*+ NO_USE_COLUMN_TABLE(t0) */ true
FROM t1
WHERE HEX(concat(t1.c0, ''));

-- Query2
SELECT /*+ USE_COLUMN_TABLE(t0) */ true
FROM t1
WHERE HEX(concat(t1.c0, '')) IS TRUE;

```

**Expected behavior**
Query1 and Query2 should have same result.
Mysql 8.4.1 behavior
```sql
mysql> -- Query1
mysql> SELECT true
    -> FROM t0
    -> WHERE HEX(concat(t0.c0, ''));
+------+
| true |
+------+
|    1 |
+------+
1 row in set (0.00 sec)

mysql> -- Query2
mysql> SELECT true
    -> FROM t0
    -> WHERE HEX(concat(t0.c0, '')) IS TRUE;
+------+
| true |
+------+
|    1 |
+------+
1 row in set (0.00 sec)

mysql> select version();
+-----------+
| version() |
+-----------+
| 8.4.1     |
+-----------+
1 row in set (0.00 sec)
```

**Actual Behavior**
In t0, Query1 and Query2 have different result.
```sql
mysql> -- Query1
mysql> SELECT /*+ NO_USE_COLUMN_TABLE(t0) */ true
    -> FROM t0
    -> WHERE HEX(concat(t0.c0, ''));
+------+
| true |
+------+
|    1 |
+------+
1 row in set (0.00 sec)

mysql> -- Query2
mysql> SELECT /*+ USE_COLUMN_TABLE(t0) */ true
    -> FROM t0
    -> WHERE HEX(concat(t0.c0, '')) IS TRUE;
Empty set (0.00 sec)
```

But if I create table t1 using the same table creation statement, but do not use the ZEROFILL modifier for the c0 column.
Query1 and Query2 result are consistent
```sql
mysql> -- Query1
mysql> SELECT /*+ NO_USE_COLUMN_TABLE(t0) */ true
    -> FROM t1
    -> WHERE HEX(concat(t1.c0, ''));
+------+
| true |
+------+
|    1 |
+------+
1 row in set (0.01 sec)

mysql>
mysql> -- Query2
mysql> SELECT /*+ USE_COLUMN_TABLE(t0) */ true
    -> FROM t1
    -> WHERE HEX(concat(t1.c0, '')) IS TRUE;
+------+
| true |
+------+
|    1 |
+------+
1 row in set (0.00 sec)
```
**Additional context**
These query can be executed normally on TiDB 8.4 and MySQL 8.4.1 and MariaDB 11.6.2.