ID: 2211
Title: [Bug]: The comparison result between a zero DATETIME value and NULL does not match the expectation.
Description:
**Describe the bug**

**Environment**

- OS Version and CPU Arch(`uname -a`):

```bash
Linux 3.10.0-1160.102.1.el7.x86_64 #1 SMP Tue Oct 17 15:42:21 UTC 2023 x86_64 x86_64 x86_64 GNU/Linux
```

- OB Version(`LD_LIBRARY_PATH=../lib:$LD_LIBRARY_PATH ./observer -V`):

```bash
select version();
-- 5.7.25-OceanBase_CE-v4.3.4.0
```

**Fast Reproduce Steps(Required)**

Steps to reproduce the behavior:

```sql
DROP TABLE IF EXISTS t2;
CREATE TABLE IF NOT EXISTS t2(
    c1 DATETIME PRIMARY KEY
) WITH COLUMN GROUP (ALL COLUMNS, EACH COLUMN);

INSERT INTO t2 VALUES ('0000-00-00 00:00:00');

SELECT /*+ USE_COLUMN_TABLE(t2) */ TRUE FROM t2 WHERE (t2.c1) IS NULL;

```

**Expected behavior**
The query should not retrun result.

**Actual Behavior**

```sql
mysql> DROP TABLE IF EXISTS t2;
Query OK, 0 rows affected (0.07 sec)
mysql> CREATE TABLE IF NOT EXISTS t2(
    ->     c1 DATETIME PRIMARY KEY
    -> ) WITH COLUMN GROUP (ALL COLUMNS, EACH COLUMN);
Query OK, 0 rows affected (0.06 sec)
mysql>
mysql> INSERT INTO t2 VALUES ('0000-00-00 00:00:00');
Query OK, 1 row affected (0.01 sec)
mysql> SELECT /*+ USE_COLUMN_TABLE(t2) */ TRUE FROM t2 WHERE (t2.c1) IS NULL;
+------+
| TRUE |
+------+
|    1 |
+------+
1 row in set (0.00 sec)
mysql> SELECT VERSION();
+------------------------------+
| VERSION()                    |
+------------------------------+
| 5.7.25-OceanBase_CE-v4.3.4.0 |
+------------------------------+
1 row in set (0.00 sec)
mysql> SELECT @@sql_mode;
+-------------------------------------------------------+
| @@sql_mode                                            |
+-------------------------------------------------------+
| STRICT_ALL_TABLES,NO_ZERO_IN_DATE,NO_AUTO_CREATE_USER |
+-------------------------------------------------------+
1 row in set (0.00 sec)
```


**Additional context**
If I do not use the PRIMARY KEY constraint on column c1, the query behavior is correct.

```sql
DROP TABLE IF EXISTS t2;
CREATE TABLE IF NOT EXISTS t2(
    c1 DATETIME
) WITH COLUMN GROUP (ALL COLUMNS, EACH COLUMN);

INSERT INTO t2 VALUES ('0000-00-00 00:00:00');

SELECT /*+ USE_COLUMN_TABLE(t2) */ TRUE FROM t2 WHERE (t2.c1) IS NULL;
```

```sql
mysql> DROP TABLE IF EXISTS t2;
Query OK, 0 rows affected (0.05 sec)
mysql> CREATE TABLE IF NOT EXISTS t2(
    ->     c1 DATETIME
    -> ) WITH COLUMN GROUP (ALL COLUMNS, EACH COLUMN);
Query OK, 0 rows affected (0.07 sec)
mysql> INSERT INTO t2 VALUES ('0000-00-00 00:00:00');
Query OK, 1 row affected (0.02 sec)
mysql>
mysql> SELECT /*+ USE_COLUMN_TABLE(t2) */ TRUE FROM t2 WHERE (t2.c1) IS NULL;
Empty set (0.01 sec)
```
